RangeX,RangeY,RangeZ,MeanX,MeanY,MeanZ,VarX,VarY,VarZ,SkewX,SkewY,SkewZ,Label
27.666666666666657,23.66666666666667,61.333333333333314,16.272727272727277,38.00757575757576,34.81818181818182,75.85491276400366,41.01761937557392,378.3507805325987,-0.5521714185173242,0.03915454336857106,0.12661623749003872,1
45.33333333333334,25.33333333333333,74.0,8.863636363636362,28.14393939393939,43.54545454545454,105.98645546372819,199.7949380165289,664.8085399449036,1.6521246165725414,-0.42817384142494463,-0.17293178613570334,1
35.0,24.66666666666667,92.99999999999997,15.71969696969697,36.28787878787878,49.87878787878788,103.40880394857663,96.55853994490359,1224.7277318640956,0.038104615684792044,-1.2675057522598892,-0.16063321501888778,1
40.33333333333334,58.000000000000014,66.33333333333331,22.03030303030303,77.37878787878786,30.674242424242426,60.52938475665751,18.90702479338843,360.37620523415984,0.9566666973307305,-0.9906344603829713,0.6883527497915415,1
32.66666666666667,59.33333333333333,65.33333333333331,23.272727272727273,76.26515151515152,29.818181818181817,39.40541781450872,19.240300734618934,456.66391184573007,-0.11326961380215424,0.040860842644231704,0.07899597747979795,1
