RangeX,RangeY,RangeZ,MeanX,MeanY,MeanZ,VarX,VarY,VarZ,SkewX,SkewY,SkewZ,Label
8.666666666666657,3.3333333333333286,10.333333333333314,3.1428571428571423,47.08730158730159,28.22222222222222,7.106575963718806,0.5823255228017116,6.426807760141067,0.35128921725791706,0.843972439196495,-0.6836527054791146,1
9.666666666666671,5.333333333333329,-3.0,7.507936507936509,48.5952380952381,10.999999999999996,1.1070798689846313,4.188019652305367,8.253968253968246,0.027524649966789667,-0.40609699661350646,0.6849870799707867,1
19.0,5.666666666666671,92.0,7.103174603174604,37.111111111111114,55.7857142857143,24.589884101788865,212.17283950617283,2187.6551398337115,0.8509245465280477,-0.5607769475353436,0.016646329332147856,1
10.0,46.66666666666667,-7.333333333333314,5.8888888888888875,91.01587301587303,6.1984126984127,4.373897707231043,0.3489543965734469,16.957986898463087,0.42772296187680164,-0.25174808565162693,0.5355865056943168,1
10.0,46.999999999999986,3.3333333333333144,4.984126984126985,91.61904761904762,12.587301587301589,7.841017888636939,0.3681027966742219,33.00428319475934,0.36851418351860776,-0.048349105119864726,0.8597159652892423,1
