RangeX,RangeY,RangeZ,MeanX,MeanY,MeanZ,VarX,VarY,VarZ,SkewX,SkewY,SkewZ,Label
6.666666666666657,1.6666666666666714,9.333333333333314,4.727272727272726,43.053030303030305,23.000000000000004,3.3195592286501325,0.19163223140495836,5.590909090909084,-0.22647886696535244,0.24688370357464087,0.4920701570372768,1
8.333333333333329,7.666666666666671,-1.3333333333333144,6.96969696969697,48.42424242424242,9.446969696969699,1.0445362718090003,0.739210284664829,19.524965564738302,0.3886036197781789,-0.04820515664050667,0.04187183575841841,1
42.0,7.666666666666671,66.0,19.295454545454547,37.86363636363637,50.01515151515151,130.35462580348943,115.04706152433424,725.343204775023,0.44197399538582954,-1.1471026666524557,-0.818614057078436,1
2.6666666666666714,35.33333333333333,-0.3333333333333144,2.2803030303030307,76.83333333333333,11.712121212121216,0.7219352617079907,0.1388888888888888,12.427226813590478,-0.19263373206541481,0.19514775076364618,0.3931739047397206,1
7.0,35.66666666666667,7.666666666666686,6.6060606060606055,77.21969696969695,19.689393939393938,0.38521579430670205,0.1360766758494025,10.658574380165296,0.09671705769373341,0.40001419766740737,-0.2494070032391765,1
