RangeX,RangeY,RangeZ,MeanX,MeanY,MeanZ,VarX,VarY,VarZ,SkewX,SkewY,SkewZ,Label
9.666666666666686,3.0,8.0,6.4108527131782935,45.51162790697674,20.240310077519382,6.211045009314349,0.45658313803257067,3.717444865092245,0.09317511897943057,-0.2264683835578635,-0.4262013441995939,1
5.000000000000014,8.333333333333329,12.666666666666686,4.1550387596899245,48.68217054263565,16.093023255813954,2.4100715101255936,2.6922660897782715,25.577909981371334,-0.44793328610389843,0.2972696103669184,0.5631267511756133,1
33.666666666666686,8.333333333333329,76.66666666666669,13.263565891472867,38.78294573643411,54.674418604651166,101.95637281413379,160.51619494020787,725.2221621296796,0.663126424500785,-1.263385081106462,-0.8295258679330796,1
9.0,40.66666666666667,13.333333333333343,7.124031007751936,82.7984496124031,16.84496124031007,4.227510365963582,0.4658373895799553,26.559942311159233,0.3459814691631304,0.09352579600741623,0.22705238211533335,1
6.0,40.999999999999986,27.333333333333343,6.3953488372092995,83.02325581395347,30.13953488372093,0.8798750075115666,0.47749534282795636,43.592933117000214,-0.5597167750197107,0.5646602336556737,0.003796608912632918,1
