RangeX,RangeY,RangeZ,MeanX,MeanY,MeanZ,VarX,VarY,VarZ,SkewX,SkewY,SkewZ,Label
9.000000000000014,3.0,9.0,6.180180180180179,46.77477477477478,31.423423423423426,4.754321889457025,0.4087330573817077,6.2861780699618555,0.608027314648272,-0.006480521755388928,-0.26344689705964536,1
6.000000000000014,10.666666666666657,13.333333333333314,6.54054054054054,53.75675675675675,24.369369369369373,1.239347455563675,0.6405324243162027,73.16987257527796,-0.9050929932236853,-0.3078814406603498,0.5102120562486907,1
11.333333333333343,10.333333333333343,61.0,7.225225225225228,43.891891891891895,48.855855855855864,14.666991315639962,199.0033276519763,802.6759191624059,-0.09160929137111817,-1.4796942013541992,-0.4042603019999033,1
10.000000000000014,42.33333333333334,-5.0,10.18918918918919,86.2882882882883,9.396396396396396,1.8591023455888327,0.3673403132862554,42.49752455157857,-0.4438108258926255,-0.47351440646823384,-0.08247897946024237,1
10.0,42.66666666666666,15.333333333333314,10.73873873873874,85.72072072072072,27.675675675675674,1.5984092200308373,0.741822903985065,51.79271163054948,-0.6368229065658636,-0.14152430149921372,0.3601163288836535,1
