RangeX,RangeY,RangeZ,MeanX,MeanY,MeanZ,VarX,VarY,VarZ,SkewX,SkewY,SkewZ,Label
9.0,3.6666666666666714,25.0,4.57894736842105,49.69590643274854,28.923976608187136,4.3373345644813766,0.6326733011866892,18.822680482883605,-0.23632377316696554,0.3687017873005575,2.067565534205969,1
9.0,7.333333333333343,20.333333333333343,5.304093567251463,53.578947368421055,26.438596491228076,3.073219110153551,1.0156971375807953,71.41582025238534,0.14278894003770654,-0.44852954335154976,-0.18516439857762476,1
50.0,8.333333333333343,63.66666666666666,21.29824561403509,40.450292397660824,58.187134502923975,221.94418795526826,163.10522895933795,415.38798262713317,0.27579800509969266,-1.014200879104462,-1.203316836005255,1
8.0,57.0,-7.0,4.7017543859649145,104.05263157894737,6.3333333333333375,2.696624602441778,0.33446188570842067,13.11500974658869,-0.21906201640918113,-0.807893304268079,0.25840114142693543,1
12.333333333333343,55.66666666666666,7.333333333333314,10.005847953216373,102.00584795321637,20.093567251461995,1.2572757429636492,0.5672172634314817,18.942512225984057,0.05671639959048735,-0.030899949101391693,-0.20061727337286478,1
