RangeX,RangeY,RangeZ,MeanX,MeanY,MeanZ,VarX,VarY,VarZ,SkewX,SkewY,SkewZ,Label
9.666666666666657,4.0,7.666666666666686,4.8688524590163915,49.62841530054644,29.999999999999996,5.166771178595949,0.3755860133178061,4.397085610200355,0.9304575538734903,0.39060035788695713,-0.0375347799849695,1
8.666666666666671,8.666666666666657,16.0,5.0327868852459,53.89617486338797,24.229508196721316,3.00438950103019,2.231478993102218,97.48102361969602,0.3566845497925379,-0.3213780444342025,-0.24298546861689524,1
52.66666666666666,7.666666666666657,57.0,23.284153005464482,40.61748633879781,54.91803278688524,271.0157962315984,152.40013138642544,563.4960136164113,0.28976807736325755,-0.8335000733683893,-1.0240309391053044,1
7.333333333333343,57.33333333333334,-14.333333333333314,5.595628415300548,104.23497267759564,4.825136612021862,2.2736420914330044,0.25990623786915035,12.566872704470132,-0.5759993857946258,-0.3487949022103962,0.32895870762335483,1
11.0,55.66666666666666,6.0,9.23497267759563,101.68852459016392,22.39344262295082,1.367374361730713,0.6006151273552489,16.854310370569422,-0.5080368918810404,0.0927644472609113,0.27122120420341267,1
