RangeX,RangeY,RangeZ,MeanX,MeanY,MeanZ,VarX,VarY,VarZ,SkewX,SkewY,SkewZ,Label
5.666666666666657,2.0,10.666666666666686,2.3153153153153165,42.05405405405405,19.69369369369369,2.648323999675344,0.17125233341449528,9.251521792062356,0.16514172163381713,-0.30934059524470514,0.08785016817137288,1
7.666666666666671,12.0,12.0,5.513513513513513,50.74774774774776,17.594594594594593,1.1927603278954664,1.5159483808132417,37.02183264345423,-0.7376429982880027,0.32504723075281877,-0.2513325133402658,1
36.0,12.0,88.33333333333334,14.369369369369368,40.55855855855856,53.98198198198198,109.6263290317344,164.37269702134563,871.345020696372,0.693419648808007,-1.2337224102187272,-0.7297387363904829,1
5.0,45.33333333333334,7.333333333333371,2.5675675675675684,85.30630630630628,11.495495495495497,3.4045937829721638,0.3506208911614331,49.397126856586354,0.10598573175892895,-0.13779702150803563,0.016367437781149803,1
2.333333333333343,44.66666666666666,24.0,0.9279279279279282,84.72072072072069,25.990990990990987,0.37318399480561437,0.4114925736547348,62.8077266455645,0.16238178870276496,0.042398429500804385,0.06296644789257524,1
