RangeX,RangeY,RangeZ,MeanX,MeanY,MeanZ,VarX,VarY,VarZ,SkewX,SkewY,SkewZ,Label
7.0,3.0,9.666666666666629,4.750000000000001,44.72916666666667,34.5625,3.0,0.6558159722222228,4.919704861111105,-0.2348826615973989,-0.46735366445063725,-0.39273225892909963,1
4.666666666666671,8.666666666666657,-6.333333333333371,3.3020833333333344,50.01041666666667,15.364583333333337,2.4052734375000053,0.32280815972222643,18.419162326388886,-0.2532256466975223,0.670709003197047,0.19377872550439026,1
43.66666666666666,7.333333333333343,39.333333333333314,20.052083333333332,38.072916666666664,48.36458333333333,205.91742621527771,126.81759982638891,192.17610677083346,0.284716689323753,-1.5481759844877665,-1.321260145223006,1
11.0,41.66666666666666,-13.0,9.229166666666668,83.80208333333333,8.520833333333334,1.5447048611111094,0.24207899305555522,21.2703993055556,0.26046468972844444,-0.07885907314283626,0.07186271053998997,1
10.666666666666657,41.33333333333334,-2.3333333333333712,9.625,83.67708333333334,17.45833333333333,0.8038194444444431,0.17697482638888984,22.15798611111105,-0.001806762294199966,0.03452307873944418,-0.02582045448651248,1
