RangeX,RangeY,RangeZ,MeanX,MeanY,MeanZ,VarX,VarY,VarZ,SkewX,SkewY,SkewZ,Label
11.333333333333329,3.0,8.666666666666657,5.918918918918919,46.864864864864856,32.03603603603604,8.152585017449876,0.41116792468143704,4.899602305007704,0.6302677111055812,-0.3949006166185076,-0.33367683000342524,1
7.333333333333329,9.333333333333329,13.0,6.288288288288289,53.05405405405405,23.73873873873874,1.7126856586316064,0.4775586397208,49.77858940021104,-0.8099953879695334,0.20163716111200752,0.44639192492936236,1
11.666666666666657,9.333333333333329,59.66666666666666,6.864864864864863,43.00000000000001,45.747747747747745,9.690447203960709,200.39639639639637,685.8522847171498,-0.42746329225333635,-1.4019489737254245,-0.2600198606015839,1
11.666666666666671,42.000000000000014,-5.333333333333343,10.243243243243244,86.08108108108111,10.45045045045045,3.006898790682575,0.41684928171414715,34.9021994967941,-0.8676363471527775,0.03411795217819363,-0.21778448998959968,1
11.333333333333343,42.66666666666667,15.333333333333314,10.315315315315317,86.07207207207207,26.44144144144144,1.3089846603360131,0.8897005113221329,84.27660092524957,-0.25486471571761,-0.32748325763368064,0.37784358266881096,1
