RangeX,RangeY,RangeZ,MeanX,MeanY,MeanZ,VarX,VarY,VarZ,SkewX,SkewY,SkewZ,Label
9.666666666666657,2.6666666666666714,12.0,4.590909090909089,49.686868686868685,29.7020202020202,4.992577288031829,0.32955820834608696,8.010534639322513,0.7179313209526296,0.19099979534825356,0.3771850981977689,1
7.666666666666671,8.000000000000014,18.666666666666657,5.1515151515151505,53.97979797979798,25.348484848484844,3.3070094888276693,2.5551474339353133,82.25397918579738,-0.13519803117662477,-0.4218041867702217,0.0897907961726835,1
50.33333333333334,7.333333333333329,60.0,22.267676767676765,40.878787878787875,51.45959595959596,294.80208652178345,185.71594735231102,609.1237883889399,0.3016662843772487,-1.106203985129855,-0.8690386290273214,1
8.333333333333343,57.000000000000014,-12.666666666666686,6.075757575757578,104.09090909090911,4.090909090909085,2.6828129782675214,0.352004897459443,8.092745638200183,-0.569092014534968,-0.060224548993592995,0.6129778481022258,1
10.666666666666657,55.33333333333333,10.0,9.005050505050505,102.20202020202021,22.383838383838384,1.402331394755635,0.6561575349454077,19.38128762371187,-0.3287517555101091,-0.41740115034017417,0.6954816694250118,1
