RangeX,RangeY,RangeZ,MeanX,MeanY,MeanZ,VarX,VarY,VarZ,SkewX,SkewY,SkewZ,Label
8.333333333333343,4.666666666666657,19.666666666666686,7.621621621621618,43.22522522522523,19.43243243243243,5.628601574547525,1.1714958201444692,37.67486405324242,0.08582646541161201,-0.5282772197707758,-0.8256873168558111,1
5.666666666666671,14.333333333333329,31.0,6.1891891891891895,53.38738738738738,27.648648648648656,2.5918350783215627,1.4985796607418285,37.74141709276844,0.24965156783313988,-1.1638336026116958,-0.3129054693943112,1
45.33333333333334,17.66666666666667,103.66666666666669,18.87387387387387,44.162162162162154,56.37837837837838,221.24535346156975,226.3821118415713,1696.847820793767,0.5169715101236827,-1.3261240026387908,-0.28215264972860576,1
30.333333333333343,45.999999999999986,43.00000000000003,27.61261261261261,81.76576576576575,31.432432432432428,14.045126207288373,4.053242431620804,108.9121012904797,-0.10026866862684888,0.41071819912118235,-0.5399219511647715,1
24.666666666666686,50.66666666666667,48.0,22.792792792792795,87.52252252252252,41.13513513513513,7.371479587695814,2.910153396639892,33.98474149825496,0.5085339505388464,0.4492733072144712,0.42065671263024834,1
