RangeX,RangeY,RangeZ,MeanX,MeanY,MeanZ,VarX,VarY,VarZ,SkewX,SkewY,SkewZ,Label
6.0,2.3333333333333286,6.666666666666686,3.322916666666666,43.041666666666664,25.593750000000004,2.774197048611109,0.26215277777777735,4.02593315972223,0.1162006867165447,-0.5723465849105546,-0.1678906252888838,1
9.999999999999986,7.999999999999986,1.6666666666666856,8.28125,47.875,7.7604166666666625,1.1674262152777772,1.7482638888888853,30.182183159722218,0.26676195468601965,-0.03698905795163819,1.4028282993532128,1
35.66666666666666,8.333333333333329,79.33333333333334,14.697916666666668,38.59375,56.53125,88.91221788194444,136.33843315972223,1096.2143012152776,0.7226231967628132,-1.3367421678668607,-0.6616872124183368,1
6.666666666666657,35.999999999999986,-4.0,3.8645833333333326,77.15625,8.177083333333332,2.519856770833332,0.27072482638888634,30.999891493055593,0.11562839827435795,-0.7554331659701989,0.40614757670347196,1
13.333333333333314,36.33333333333333,6.0,8.822916666666664,76.64583333333334,21.09375,11.312391493055566,0.43706597222221966,28.966905381944446,0.1515564818480576,-0.12974334540401136,-0.1826630267262618,1
