RangeX,RangeY,RangeZ,MeanX,MeanY,MeanZ,VarX,VarY,VarZ,SkewX,SkewY,SkewZ,Label
19.33333333333333,14.0,59.66666666666663,17.699999999999996,42.24444444444444,44.85555555555556,31.187777777777754,10.073580246913581,276.4420987654321,-0.27557115730014864,-1.2366182078671955,0.20603967233122683,1
40.000000000000014,14.333333333333329,51.99999999999997,24.588888888888896,21.933333333333334,31.144444444444435,171.93839506172844,162.12148148148148,365.36802469135824,0.24111258910591504,0.32223207006613236,0.3366317586419604,1
38.66666666666667,7.333333333333329,49.333333333333314,29.84444444444444,31.488888888888884,25.311111111111117,63.83506172839507,98.32395061728396,375.8365432098765,0.6162375033425386,-1.5004573142310955,0.8516893681242117,1
17.66666666666667,45.33333333333333,48.0,18.244444444444447,75.75555555555555,58.37777777777777,20.688395061728386,1.4217283950617308,20.160987654320998,-0.4573108644965539,-0.34495208420714835,-0.5784574705347552,1
8.333333333333329,48.66666666666667,1.6666666666666288,7.244444444444446,75.98888888888888,9.666666666666668,21.651358024691366,16.581358024691365,34.933333333333344,0.5813823091565271,-1.1989432991321143,-0.06468475183963682,1
