RangeX,RangeY,RangeZ,MeanX,MeanY,MeanZ,VarX,VarY,VarZ,SkewX,SkewY,SkewZ,Label
7.333333333333343,1.6666666666666714,12.666666666666629,3.3035714285714297,41.726190476190474,18.583333333333332,5.834431689342402,0.22661564625850386,11.616071428571429,0.13190553827274754,0.38314038798381195,0.5734953999817851,1
8.333333333333329,11.666666666666657,18.66666666666663,5.886904761904764,49.892857142857146,20.452380952380956,1.0923681972789117,1.9647108843537444,51.36281179138325,0.33226349548697176,0.39979614998342383,-0.35425573788819636,1
29.666666666666657,12.0,99.99999999999997,10.642857142857142,43.529761904761905,45.732142857142854,63.074829931972786,147.9872094671202,709.5770620748297,0.6989558399901834,-2.0418640003505604,0.22504703636485573,1
5.0,45.33333333333334,9.666666666666629,2.0714285714285725,85.3690476190476,9.517857142857139,2.6298185941043113,0.25269274376417317,62.10682397959186,0.24927583337037457,-0.33845933484168345,0.23037389729825505,1
1.6666666666666572,44.66666666666666,30.0,0.7202380952380965,84.35714285714286,28.440476190476193,0.30863803854875116,0.44784580498866233,75.49645691609976,0.2073967340720845,0.2727827709876705,0.013692592932160252,1
