RangeX,RangeY,RangeZ,MeanX,MeanY,MeanZ,VarX,VarY,VarZ,SkewX,SkewY,SkewZ,Label
17.666666666666657,22.333333333333343,25.66666666666663,11.796296296296296,44.87037037037038,30.01851851851852,13.915294924554185,14.10459533607682,24.17866941015088,-0.7128737025736877,-0.4697847942110729,-0.1710913873719042,1
34.33333333333333,17.66666666666667,60.333333333333314,13.771604938271606,29.679012345679013,53.74691358024692,49.45606614845296,38.72412741960067,477.26310775796384,0.4143290050008161,1.2729960590330864,-1.5365913503119342,1
44.333333333333314,18.000000000000014,73.66666666666666,18.049382716049383,38.03086419753087,59.12345679012346,141.6024996189605,122.40851242188688,633.5444292028653,0.4464932376456008,-1.6335902091022292,-0.43298152810044555,1
14.666666666666657,51.000000000000014,49.333333333333314,7.950617283950616,78.49382716049382,21.462962962962955,11.590153939948184,3.566834324035972,214.79183813443066,-0.026183933996416595,0.35371603132408935,2.028024769289486,1
9.0,54.000000000000014,22.333333333333314,4.833333333333333,82.09259259259261,24.79012345679012,3.3034979423868345,6.129286694101512,143.34278311233044,0.23782753809438656,-1.9003647054038049,-0.5599153771905009,1
