RangeX,RangeY,RangeZ,MeanX,MeanY,MeanZ,VarX,VarY,VarZ,SkewX,SkewY,SkewZ,Label
11.333333333333343,4.0,16.33333333333337,8.303030303030305,43.10606060606061,21.212121212121215,12.372819100091839,0.963498622589531,30.131772268135954,0.3728629599631327,-0.39839716075574,-1.0526885122612355,1
6.333333333333343,14.999999999999986,38.666666666666686,6.5227272727272725,54.06818181818182,24.924242424242426,3.532311753902665,1.533230027548207,24.337695133149676,0.4088588488653114,-2.244349873249673,2.0466737169322866,1
44.0,17.66666666666667,82.66666666666669,17.712121212121215,47.41666666666667,51.75000000000001,255.25045913682277,213.82891414141415,969.066287878788,0.5038910503328949,-1.6383223964909637,-0.23398438272559824,1
30.333333333333343,56.33333333333333,18.00000000000003,7.946969696969696,92.7121212121212,7.090909090909091,87.10577364554638,12.775711662075304,64.63820018365476,1.4741989081978328,-1.5086975403279892,1.4223214962908224,1
18.0,57.66666666666667,40.0,12.901515151515154,94.9090909090909,26.227272727272723,13.422118916437102,9.466483011937566,142.55440771349856,0.5191071625172059,-1.4573773950029918,0.10712851578906228,1
