RangeX,RangeY,RangeZ,MeanX,MeanY,MeanZ,VarX,VarY,VarZ,SkewX,SkewY,SkewZ,Label
8.999999999999986,2.0,6.333333333333343,6.072072072072071,46.76576576576578,32.73873873873874,4.943754565376187,0.3175066958850745,2.0548656764872946,0.7427016622850338,0.03205003947710099,-0.19513781484806603,1
5.666666666666657,8.666666666666671,5.333333333333343,6.387387387387388,53.090090090090094,24.09009009009009,1.0541352162973794,0.47236425614804084,25.883775667559444,-0.7352205718785089,-0.6421599340727767,0.1336221923309611,1
8.666666666666657,8.666666666666671,55.33333333333334,6.369369369369369,44.990990990990994,42.66666666666667,11.650353055758462,181.69060952844745,509.80780780780765,-0.5321029032430327,-1.6506686116784615,-0.13645441395584504,1
10.666666666666657,41.66666666666667,-6.666666666666657,10.414414414414415,85.97297297297297,9.468468468468469,2.332765197630063,0.6329031734437112,38.58534209885563,-0.4687342699111259,0.14370638448274567,0.17269149074574405,1
10.0,42.33333333333333,9.0,10.666666666666666,86.08108108108108,26.783783783783782,0.6306306306306306,0.8432757081405697,48.14544274003733,-0.4437362352263525,0.2424379833389455,-0.14536696793997858,1
