RangeX,RangeY,RangeZ,MeanX,MeanY,MeanZ,VarX,VarY,VarZ,SkewX,SkewY,SkewZ,Label
10.333333333333343,4.333333333333329,11.0,7.333333333333332,45.83673469387755,22.414965986394556,9.664399092970518,0.7261789069369256,8.152066268684345,0.16921339341693367,-1.1844110831029484,0.2668734148988114,1
2.6666666666666714,8.333333333333343,10.333333333333343,3.2108843537414975,48.761904761904766,13.306122448979592,1.6221944560136978,2.7392290249433286,23.173862742375874,-0.4877261534105326,0.24665597502843795,0.9627252633425284,1
36.0,8.333333333333343,77.0,12.408163265306122,41.74149659863946,47.88435374149659,72.6905456059975,130.07376556064605,796.3063538340506,0.9120673985008457,-1.6592208505891708,-0.5331089878017454,1
8.0,41.0,9.000000000000028,7.517006802721089,82.63265306122449,17.612244897959183,5.483270859364159,0.4274145032162531,15.207922624832248,-0.06537324836676138,-0.18190266498102242,-0.13847139496064706,1
5.0,41.66666666666666,31.333333333333343,5.911564625850339,82.91836734693877,31.374149659863935,1.4502290712203283,0.6373270396593975,57.526678698690354,-0.5405883163885069,-0.039793304051062586,0.3199491559686983,1
