RangeX,RangeY,RangeZ,MeanX,MeanY,MeanZ,VarX,VarY,VarZ,SkewX,SkewY,SkewZ,Label
10.0,4.0,12.0,3.2641509433962295,47.34591194968554,30.50314465408805,10.781377318935167,0.6203868517859226,9.101143150982944,0.6844586520574703,1.147650121295257,-1.0722472062756134,1
14.333333333333329,5.000000000000014,-1.6666666666666856,6.8616352201257875,49.119496855345915,9.371069182389938,3.138087892092875,4.927020291918831,13.055179779280863,1.504449361324582,-0.8006997278389993,1.0188648484039415,1
25.0,5.666666666666671,87.33333333333331,7.18238993710692,40.93710691823899,47.55345911949685,35.289585063881965,176.65432538269852,1819.094102290258,1.3634789322348742,-1.0246154322061785,0.394304548167477,1
11.333333333333329,46.000000000000014,-3.0,5.283018867924528,90.74213836477986,9.408805031446542,17.23017285708634,0.5100272932241579,52.27941932676719,-0.013015560360841916,0.2688561225115412,0.14923157966516232,1
9.0,46.33333333333333,3.0,4.28301886792453,91.45911949685534,12.716981132075464,9.485938056247756,0.3196076104584456,39.14631541473836,-0.06828479520772004,-0.46192376402300467,1.044799931082038,1
