RangeX,RangeY,RangeZ,MeanX,MeanY,MeanZ,VarX,VarY,VarZ,SkewX,SkewY,SkewZ,Label
8.0,2.6666666666666714,8.0,4.098484848484848,44.8939393939394,34.77272727272727,2.6443411386593203,0.5847107438016536,3.1756198347107447,0.7250088505774551,-0.737178173906633,-0.4354942770546892,1
6.333333333333343,9.666666666666671,-5.666666666666686,4.28030303030303,51.54545454545455,15.712121212121216,2.27244031221304,0.3287419651055998,14.09894398530763,-0.36497931860244204,0.1970864313258621,0.16612347438430086,1
49.33333333333334,9.333333333333329,21.0,21.136363636363637,40.35606060606061,33.59848484848485,250.40564738292014,141.20907943067033,234.95242194674003,0.49166158835105794,-1.5352527174691404,-0.8255990488981655,1
10.666666666666686,41.33333333333333,-8.666666666666686,8.91666666666667,83.80303030303031,12.386363636363637,1.0309343434343459,0.3096877869605161,17.68658172635442,0.1752041739274983,-0.25163953216546553,0.03218520542858621,1
11.666666666666686,41.33333333333333,-9.666666666666686,10.295454545454545,83.70454545454545,14.106060606060607,0.9152318640954994,0.14755509641873282,11.216023875114807,0.3216917199904311,0.3120986425922179,-0.10736385205382704,1
