RangeX,RangeY,RangeZ,MeanX,MeanY,MeanZ,VarX,VarY,VarZ,SkewX,SkewY,SkewZ,Label
6.666666666666657,2.0,15.0,3.2679738562091516,41.549019607843135,18.516339869281047,4.313810927421069,0.2824554658464701,14.058011875774275,0.18700074872622585,0.5298061026113444,0.33909537779474563,1
7.0,11.999999999999986,19.0,4.882352941176471,49.849673202614376,22.091503267973852,0.9970524157375358,1.1429791960357125,39.41646375325731,0.1362663022853659,0.8531041518834913,-0.447217513608942,1
40.33333333333334,12.666666666666671,96.00000000000003,15.124183006535945,39.18300653594772,62.3921568627451,96.5444914349182,140.68982015464135,695.205690119185,0.649784663656246,-1.267400332012425,-1.1109241584491638,1
5.333333333333343,45.33333333333333,8.666666666666686,2.045751633986928,85.37254901960783,8.588235294117647,2.0654449143491855,0.3209022170959905,39.348968345508126,0.3392073135743157,-0.2799201538052436,0.4885622425759203,1
1.6666666666666572,44.999999999999986,24.666666666666686,0.8627450980392157,84.71241830065361,25.20915032679739,0.24042035114699276,0.26588064419667506,51.37237814515785,0.1409432303830859,0.31049687715328755,-0.02745892743048403,1
