RangeX,RangeY,RangeZ,MeanX,MeanY,MeanZ,VarX,VarY,VarZ,SkewX,SkewY,SkewZ,Label
3.666666666666657,1.6666666666666714,4.666666666666686,1.2357723577235777,42.203252032520325,22.934959349593495,1.139533346552973,0.17820080639830768,1.1123008791063471,0.7784329458883638,-0.24714171532663484,-0.15357757439040942,2
6.666666666666671,12.333333333333329,1.6666666666666856,4.65040650406504,51.35772357723578,13.447154471544716,0.904884658602683,1.5143102650538711,12.767532553374297,0.21290076643554298,0.4189932797520097,0.5892494220646328,2
30.333333333333343,11.666666666666671,89.00000000000003,17.764227642276424,30.081300813008127,66.2520325203252,74.0663626148457,193.93918963579887,1214.2264525084274,-0.2882665720969153,0.5545050283538722,-0.6583210320571321,2
5.0,44.33333333333333,6.333333333333371,3.601626016260164,85.08130081300813,18.38211382113821,0.6028157842554042,0.15599180382047834,22.431224800052924,-0.19201833858247705,-0.03977377734473486,-0.4021584419383328,2
2.333333333333343,44.33333333333333,5.666666666666686,0.8617886178861791,85.1788617886179,18.91056910569106,0.34675127239077275,0.10892986978650353,14.292815123273202,0.3233201200893512,-0.02609807220394256,-0.23935091067058675,2
