RangeX,RangeY,RangeZ,MeanX,MeanY,MeanZ,VarX,VarY,VarZ,SkewX,SkewY,SkewZ,Label
17.0,7.0,37.0,8.457364341085269,47.42635658914728,49.87596899224806,22.62544318250104,2.213568896099993,98.93035274322457,-0.1718032959759516,-0.30550598319486955,-1.0358220317170028,2
19.0,8.333333333333329,34.66666666666663,6.263565891472868,45.82945736434109,32.05426356589147,28.00805240069706,23.433447509164115,212.17535003906005,0.9343889769562123,-1.1019478463160897,0.4554593714343463,2
43.33333333333334,7.000000000000014,95.33333333333331,20.81395348837209,20.891472868217054,75.25581395348837,187.90337119163513,346.2414518358271,1453.8544558620274,-0.1529320797207704,0.6099413141629638,-0.6198650849400905,2
30.333333333333343,39.000000000000014,10.0,24.751937984496124,79.4186046511628,19.790697674418606,17.33381407367347,1.2614626524848305,102.78048194219087,-1.1294659590162133,0.04475956724784464,-0.49184531606882853,2
34.33333333333333,34.66666666666667,28.0,30.705426356589147,75.62790697674417,21.178294573643416,6.523045490054685,1.7323478156360785,230.41523946878183,-1.1626173449815596,-0.31016508909678253,0.6670830945193336,2
