RangeX,RangeY,RangeZ,MeanX,MeanY,MeanZ,VarX,VarY,VarZ,SkewX,SkewY,SkewZ,Label
5.0,2.666666666666657,7.666666666666629,3.8148148148148158,43.0462962962963,27.36111111111111,2.379286694101506,0.35896776406035613,2.761574074074069,0.014853823724929825,-0.3231629401845947,-0.697809886448488,2
8.333333333333329,7.999999999999986,-8.666666666666686,7.86111111111111,48.97222222222223,7.731481481481481,1.2862654320987659,0.23070987654320987,8.863082990397789,-0.9488730032769345,-0.4112031924282137,0.14643244198679875,2
41.0,8.333333333333329,79.66666666666666,20.16666666666667,34.34259259259258,51.43518518518518,137.21913580246914,113.7375685871056,1147.9124657064472,0.10806357776646809,0.3373438674951264,-0.13382935891640227,2
2.3333333333333286,35.999999999999986,-6.666666666666686,2.3611111111111107,76.75925925925928,9.083333333333334,0.5146604938271585,0.13340192043895688,11.85416666666666,-0.626140311653388,0.5745359171956106,0.10637186608322668,2
6.0,35.999999999999986,9.333333333333314,5.777777777777778,76.9537037037037,23.11111111111111,0.296296296296296,0.1923010973936896,15.203703703703708,0.6038672629778074,0.33009756300376575,0.5062394594279815,2
