RangeX,RangeY,RangeZ,MeanX,MeanY,MeanZ,VarX,VarY,VarZ,SkewX,SkewY,SkewZ,Label
8.333333333333314,3.6666666666666714,18.0,7.00900900900901,43.01801801801801,19.972972972972972,8.729648567486382,0.4200957714471227,30.86713740767801,0.6231000159436336,-0.076066572779549,-0.7430549205550188,2
9.333333333333329,13.000000000000014,37.33333333333337,6.837837837837838,52.18018018018018,31.621621621621628,6.25598571544518,4.411979547114682,28.00697995292592,0.8327041975627891,-1.209802343515707,0.9231357854399985,2
41.66666666666666,16.000000000000014,114.00000000000003,21.27027027027027,32.65765765765765,62.810810810810814,218.84587289992697,319.300219138057,1758.4597029461895,0.15859373229708593,0.2988142899167691,-0.17182567452982558,2
26.0,55.33333333333333,37.666666666666686,5.6576576576576585,93.34234234234235,13.459459459459458,55.23415307199094,10.044963882801703,178.33244054865682,2.453464570548587,-1.4622543943985673,1.310464624075823,2
17.0,55.33333333333333,32.0,12.576576576576578,94.14414414414414,23.67567567567567,18.95885074263453,6.735979222465715,104.1110299488678,0.05570210167864457,-1.516693763180617,0.18392197195651055,2
