RangeX,RangeY,RangeZ,MeanX,MeanY,MeanZ,VarX,VarY,VarZ,SkewX,SkewY,SkewZ,Label
7.333333333333343,8.333333333333329,27.666666666666657,2.229508196721313,48.967213114754095,38.78142076502733,2.566633820060317,3.2521126339992215,77.55878049508793,0.7261180595427447,0.5496200940000292,-0.34841117135838806,2
25.0,12.0,27.333333333333343,5.26775956284153,53.6775956284153,12.874316939890711,12.629579862044253,4.18931589477142,128.9332019469079,3.22854717809752,-3.1700171670230795,1.425521026582712,2
51.33333333333334,12.0,95.33333333333334,25.20218579234972,17.846994535519123,64.04918032786885,316.9409059691242,374.7598315864912,1329.2489474155695,0.04930636356433409,1.1934913773064584,-0.07325904506091734,2
11.333333333333343,60.0,28.666666666666686,7.617486338797813,102.5846994535519,12.989071038251366,3.2963062498133735,8.843918898742873,190.33867837200282,-0.6908750887587298,-1.791441813429312,1.6346052823650248,2
11.0,58.66666666666666,30.666666666666686,8.857923497267763,101.39344262295083,18.732240437158467,1.4115082564424162,8.697661918839026,171.19788587297322,-0.0855903084607018,-1.7456933551765,1.1401800655517333,2
