RangeX,RangeY,RangeZ,MeanX,MeanY,MeanZ,VarX,VarY,VarZ,SkewX,SkewY,SkewZ,Label
8.666666666666686,2.3333333333333286,9.333333333333314,4.5740740740740735,46.72222222222223,30.231481481481485,6.065500685871071,0.4290123456790133,4.430984224965688,0.36587198909019686,0.09641284236648236,-1.483338205652331,2
8.666666666666671,5.333333333333329,-2.0,6.212962962962962,48.62037037037036,11.166666666666668,1.8342764060356656,2.2848936899862817,42.17592592592595,-0.2921577649940969,0.08148594880455892,0.14808787932839254,2
34.000000000000014,5.666666666666671,90.66666666666666,15.435185185185187,24.259259259259263,71.9074074074074,115.31370027434845,345.75377229080937,1516.4173525377225,0.392999227206359,0.43450262107986504,-0.6985066372046201,2
8.666666666666671,45.999999999999986,-11.333333333333371,6.157407407407407,90.74999999999999,5.046296296296295,1.7005315500685874,0.24305555555555433,12.297239368998637,0.14227253882579663,-0.28010826728135735,0.6537577635570009,2
6.333333333333343,47.33333333333333,-4.333333333333371,4.277777777777776,91.4074074074074,9.12962962962963,2.39814814814814,0.5932784636488357,23.618998628257888,-0.007017978925788849,0.5931373275170488,0.5534133705817396,2
