RangeX,RangeY,RangeZ,MeanX,MeanY,MeanZ,VarX,VarY,VarZ,SkewX,SkewY,SkewZ,Label
8.0,3.0,6.333333333333314,4.808080808080808,47.37373737373737,31.7070707070707,4.855422916028979,0.644832159983676,1.769411284562806,-0.5689720601546714,0.10468720702623191,-0.5384343288086884,2
10.0,5.0,-13.666666666666686,6.717171717171718,48.42424242424242,6.939393939393936,1.637179879604123,1.698806244260795,21.612488521579394,-0.054720282139611456,0.33632641168239014,0.130462730591026,2
33.0,4.666666666666657,86.66666666666666,14.86868686868687,17.989898989898993,80.09090909090911,92.5450464238343,375.40393837363536,1656.5607591062135,0.2747124343032123,0.8566876230438721,-1.1377421251801072,2
9.333333333333329,45.66666666666666,-14.333333333333314,4.686868686868686,91.02020202020202,4.171717171717174,3.124171002958882,0.18814406693194508,16.95031119273548,0.6734094579754359,0.21774403456884597,1.1923352409353505,2
3.666666666666657,46.0,-3.6666666666666856,2.636363636363637,91.0909090909091,12.626262626262626,0.2920110192837449,0.325068870523417,37.298030813182315,-0.5357313849470686,-0.100893776926652,-0.021146001155130822,2
