RangeX,RangeY,RangeZ,MeanX,MeanY,MeanZ,VarX,VarY,VarZ,SkewX,SkewY,SkewZ,Label
4.666666666666657,1.6666666666666572,6.666666666666686,3.909909909909912,45.53153153153154,35.06306306306307,0.9588507426345222,0.17092768444119805,2.7858128398669137,-0.07929818260597142,-0.38683116114157645,0.4383627229004023,2
6.666666666666657,6.666666666666671,-14.0,5.594594594594595,50.15315315315315,13.360360360360358,0.7936044152260372,0.33390146903660667,5.707978248518788,0.028024000641096978,-0.28975204010307365,0.3701421120033941,2
22.333333333333314,7.333333333333329,90.33333333333334,11.810810810810807,23.783783783783782,74.74774774774774,44.82006330654979,485.67697427156884,2296.9273597922243,0.2754425019289455,0.2662925976743391,-0.5497133855086049,2
9.333333333333314,39.999999999999986,-17.66666666666663,9.324324324324321,83.65765765765767,6.450450450450451,0.4653843032221422,0.207126044963882,11.88718448177907,-0.05812112150047327,-0.14236712743501423,0.22325922059032988,2
9.0,39.999999999999986,-10.666666666666629,9.387387387387385,83.68468468468467,16.87387387387388,0.26734842951059273,0.15583150718285838,5.395503611719835,-0.4016634593127326,0.3836910624191229,0.0756777001410968,2
