RangeX,RangeY,RangeZ,MeanX,MeanY,MeanZ,VarX,VarY,VarZ,SkewX,SkewY,SkewZ,Label
3.333333333333343,1.6666666666666714,6.0,1.1975308641975322,42.0925925925926,20.87037037037037,0.6729157140679759,0.1910150891632372,1.631344307270229,0.6602268758867784,-0.2260820134758563,0.40921063841717037,2
7.333333333333329,12.000000000000014,9.666666666666657,5.148148148148148,51.29012345679012,18.83333333333334,1.426611796982169,0.8685032769394868,16.439300411522623,0.024478970456187972,0.20953061375759915,0.26579198736868753,2
32.0,11.666666666666671,99.0,15.88271604938272,27.39506172839506,70.38888888888889,82.20640908398107,265.9344612101813,1451.2952674897122,-0.09025611528433189,0.5275192143995687,-0.6669906313324994,2
5.333333333333343,44.66666666666667,5.666666666666686,3.7901234567901247,85.11111111111113,17.154320987654323,0.7748818777625397,0.1563786008230467,15.47618503276942,-0.5904188998930512,-0.13309377322491336,-0.6031808552785206,2
2.666666666666657,44.33333333333333,8.666666666666686,1.1604938271604952,85.05555555555557,18.654320987654323,0.4022252705380269,0.1882716049382724,11.563633592440183,0.16565046283664978,-0.15952135860508676,0.4219342129499617,2
