RangeX,RangeY,RangeZ,MeanX,MeanY,MeanZ,VarX,VarY,VarZ,SkewX,SkewY,SkewZ,Label
8.0,3.0,16.333333333333314,7.547008547008545,43.64957264957266,19.880341880341877,5.848929797647758,0.48973628460807905,25.866023814741766,0.27570836655191894,-0.28138683533953573,-0.43736203008752556,2
7.666666666666671,12.666666666666657,32.333333333333314,6.769230769230767,52.30769230769231,30.974358974358974,5.693184308568926,2.6175761560376976,31.67170721016875,0.12012425971272998,-0.47516572621364556,-0.1001535206148655,2
46.66666666666667,15.333333333333343,113.33333333333331,17.341880341880344,28.81196581196582,68.94017094017093,254.4871064358243,514.7224779019652,2090.9280444152237,0.9032216391338179,0.21701556162221297,-0.4284008099013266,2
2.6666666666666856,55.0,7.666666666666629,2.5897435897435894,94.04273504273505,5.957264957264954,2.3274161735700236,1.6933304112791245,30.565125283074014,0.12491539196231667,0.004446962844577222,0.6717602015522163,2
14.0,56.0,35.333333333333314,11.085470085470083,95.3162393162393,23.58974358974359,9.246256118050985,3.999707794579583,126.19636204251593,0.21958017238184988,-2.079526358871164,0.23747162769570795,2
