RangeX,RangeY,RangeZ,MeanX,MeanY,MeanZ,VarX,VarY,VarZ,SkewX,SkewY,SkewZ,Label
4.666666666666686,2.0,6.666666666666686,4.226190476190473,44.76190476190475,38.26190476190476,1.7940759637188266,0.26870748299319763,2.8044217687074844,-0.2796883929055268,0.08837457246910338,-0.4854017702736654,2
7.666666666666671,7.666666666666671,-17.0,5.928571428571426,50.32142857142856,11.321428571428575,2.0107709750566882,0.3054138321995468,11.670493197278907,0.4045395080227784,0.009776151947481704,-0.09130116378144082,2
24.666666666666686,7.333333333333329,90.33333333333334,12.369047619047617,16.535714285714285,99.3690476190476,41.16142290249434,264.6455498866213,1116.5741213151928,0.09802869431763839,1.2712897739882745,-1.661803665985791,2
9.0,40.66666666666667,-22.333333333333314,8.559523809523807,83.64285714285712,3.511904761904759,0.6035997732426324,0.1026077097505663,11.654620181405889,0.441732236904215,-0.3400262724266861,1.082155493950785,2
8.333333333333343,40.999999999999986,-12.0,9.464285714285714,83.70238095238093,17.833333333333336,0.2011054421768707,0.16935941043083821,8.90873015873017,-0.12358477640493391,0.593032879193881,-0.22340739918813632,2
