RangeX,RangeY,RangeZ,MeanX,MeanY,MeanZ,VarX,VarY,VarZ,SkewX,SkewY,SkewZ,Label
5.666666666666657,3.0,11.0,4.47517730496454,45.60992907801418,23.0,1.88531763995775,0.4034002313766915,5.796690307328605,-0.6062950108336365,-0.8631257940456434,-1.2460377659575523,2
6.666666666666671,8.666666666666671,4.666666666666657,4.666666666666666,50.53900709219859,10.617021276595745,2.6808510638297838,1.487249132337402,10.657109803329822,0.2940649372115488,-0.06019919407068623,0.17484768838962697,2
35.33333333333334,9.333333333333329,100.33333333333331,15.425531914893622,29.59574468085106,65.55319148936171,76.22081384236209,351.5505256274835,2355.5946883959555,0.6607602574045043,0.1345628113214499,-0.34653327224728886,2
9.0,40.33333333333333,18.666666666666657,7.787234042553194,82.65957446808508,21.226950354609926,1.666314571701622,0.5318645943363025,20.29837533323272,0.03954352296752608,-0.009424973930713358,0.9816386700273801,2
7.333333333333343,39.999999999999986,22.333333333333343,6.836879432624114,82.709219858156,29.76595744680851,0.8031789145415231,0.2960615663196009,15.153261908354713,-0.6751597356258754,0.05840883546182534,-1.4098079586755219,2
