RangeX,RangeY,RangeZ,MeanX,MeanY,MeanZ,VarX,VarY,VarZ,SkewX,SkewY,SkewZ,Label
9.333333333333343,2.3333333333333286,7.0,4.24561403508772,46.807017543859644,31.789473684210527,4.056632810095418,0.37211449676823594,4.2597722376115685,0.008586898374230646,0.11339807981080549,-0.015530776623926355,2
8.0,5.0,-10.333333333333314,6.184210526315789,49.13157894736841,7.771929824561406,1.1034933825792563,1.6171899045860316,17.714065866420412,-0.9981210535167591,-0.19350384670562598,0.9150766013614936,2
33.66666666666667,4.333333333333343,84.0,16.140350877192983,26.640350877192986,68.97368421052632,93.44228993536476,252.7507694675285,1629.2946291166513,0.03583069442895282,0.4689733508192247,-0.6423240351866489,2
7.666666666666671,46.0,-12.666666666666686,5.0701754385964914,91.16666666666664,4.412280701754388,2.5272391505078495,0.3903508771929807,12.76277316097262,-0.43915603951164284,-0.863224287185801,1.1206620702651309,2
7.333333333333343,47.0,-12.333333333333314,3.8157894736842097,91.49122807017544,8.315789473684212,3.8520313942751643,0.4721452754693786,22.303785780240073,0.2193581397105212,0.5783180879922928,-0.12139618127324754,2
