RangeX,RangeY,RangeZ,MeanX,MeanY,MeanZ,VarX,VarY,VarZ,SkewX,SkewY,SkewZ,Label
8.666666666666657,2.0,9.0,3.5724637681159406,42.42753623188406,29.1304347826087,5.74233354337324,0.3993383742911137,3.258349086326404,0.24713160568291925,-0.12189866961548915,0.3389046935685421,2
10.666666666666671,10.000000000000014,-16.0,7.51449275362319,49.08695652173912,4.528985507246378,1.4043793320730968,0.7798781768536012,3.978628439403491,0.4845872424057098,0.6365586122409606,0.052075192140969395,2
42.66666666666666,9.333333333333329,73.66666666666666,21.956521739130434,35.21014492753623,43.115942028985515,160.32661205629066,107.3254043268221,1192.6918714555763,0.12692538137956483,0.19141695191721517,0.1859889716621745,2
5.0,36.000000000000014,-3.6666666666666856,2.181159420289855,76.40579710144927,11.05072463768116,2.2691136315900016,0.16383112791430277,45.76795841209825,0.2369608024714017,0.08855035846300668,0.06940583067170812,2
8.333333333333343,36.66666666666667,2.6666666666666288,6.478260869565218,76.91304347826087,19.427536231884055,1.4524259609325803,0.2774627179164016,30.90658475110268,-0.3422656363962919,0.07004427442793909,-0.04284991324095283,2
