RangeX,RangeY,RangeZ,MeanX,MeanY,MeanZ,VarX,VarY,VarZ,SkewX,SkewY,SkewZ,Label
8.333333333333343,3.0,14.0,5.1372549019607865,45.35294117647059,23.73856209150327,4.048699218249393,0.6205305651672428,5.718142594728522,0.917990908574019,-0.9348902627416924,-1.5456225337272123,2
10.0,9.666666666666671,20.0,4.7058823529411775,50.1437908496732,11.006535947712417,3.3666538510829174,3.6525268059293445,32.48143876286898,1.9024554137695637,-2.100209752485638,2.138260790382368,2
49.0,8.666666666666671,105.66666666666666,25.143790849673206,21.745098039215687,59.22222222222223,244.86821308043912,429.22260668973485,1886.9658678286132,0.10209585700106104,0.49478715476274754,-0.18270943034830314,2
8.0,40.66666666666667,12.666666666666686,7.111111111111115,82.29411764705883,18.49673202614379,6.316630355846042,0.46905036524413846,41.00815925498737,-1.186436731304233,-0.03149290838726838,-1.387602004875817,2
7.0,41.33333333333333,38.666666666666686,6.784313725490196,82.57516339869281,29.36601307189543,1.432782263232092,1.7955487205775489,68.70263573839125,-0.575279886180156,-1.555728692798563,1.1770362204501665,2
