RangeX,RangeY,RangeZ,MeanX,MeanY,MeanZ,VarX,VarY,VarZ,SkewX,SkewY,SkewZ,Label
4.0,2.0,4.666666666666657,5.035714285714286,47.41666666666667,35.63095238095238,1.3836451247165513,0.25892857142857234,1.7884070294784564,0.2819248073498033,1.5623833643127274,-0.31309442151040906,2
7.666666666666657,8.666666666666657,-13.0,8.702380952380953,53.452380952380956,13.690476190476195,0.9153911564625853,2.438208616780037,11.634353741496591,0.14622720512575432,0.1599613007999695,-0.30326577769449736,2
27.999999999999986,8.666666666666657,62.33333333333333,15.75,39.285714285714285,47.69047619047619,52.37003968253969,246.5770975056689,1032.9756235827665,0.06982769108070838,-0.28571893765344214,0.023318564503839158,2
7.999999999999986,40.0,-18.333333333333343,9.761904761904761,86.5,7.809523809523809,0.5544217687074838,0.1706349206349202,11.884353741496584,-0.24482600928836376,-0.3377915936313396,0.3626131382496233,2
9.666666666666657,39.66666666666666,2.0,10.821428571428571,86.01190476190473,26.202380952380953,3.107001133786845,0.15462018140589567,27.35983560090702,-0.5580147595540157,-0.46070537976588527,0.33555928712241606,2
