RangeX,RangeY,RangeZ,MeanX,MeanY,MeanZ,VarX,VarY,VarZ,SkewX,SkewY,SkewZ,Label
16.333333333333343,6.0,45.0,8.437037037037038,47.01481481481481,45.91111111111111,36.567023319615906,2.503484224965707,201.6414814814815,-0.2639635066263629,-0.05510195575734079,-0.3061649152318329,2
24.66666666666667,7.333333333333343,54.666666666666686,9.133333333333333,42.39999999999999,36.659259259259265,69.33037037037039,67.14370370370366,491.4394513031553,0.44303046397892115,-0.6138362377722999,0.3233590179642819,2
39.0,6.666666666666657,91.0,19.133333333333336,27.629629629629633,71.14074074074075,183.20197530864198,227.42825788751713,1287.8888340192043,-0.10690923646380492,0.417564216765849,-0.5814377773759908,2
30.666666666666657,39.0,15.0,23.511111111111113,79.82222222222221,18.08888888888889,33.464691358024695,2.4128395061728365,169.91802469135806,-0.38828193002920647,0.509546642230513,-0.21552703008964663,2
33.33333333333333,34.0,39.0,29.25925925925926,75.6888888888889,27.288888888888888,8.157475994513025,3.4044444444444406,393.94864197530876,-0.4314315819929055,-0.5569578022346297,0.17887310560585246,2
