RangeX,RangeY,RangeZ,MeanX,MeanY,MeanZ,VarX,VarY,VarZ,SkewX,SkewY,SkewZ,Label
10.0,12.0,39.00000000000003,3.984615384615383,48.07179487179488,35.77948717948718,6.3980539119000674,8.68886259040105,111.75137409598952,0.8130852263412133,-1.4416520646441302,0.855241650210596,2
8.999999999999986,16.66666666666667,32.666666666666686,4.246153846153845,53.241025641025644,21.138461538461538,4.178724523339905,3.454727153188695,170.40988823142675,0.1837182626769102,-0.7091485126097719,0.3993384816651174,2
47.0,15.666666666666671,102.00000000000003,22.010256410256407,19.764102564102565,61.05128205128205,247.21015121630498,477.1990532544379,1321.6965154503619,-0.007623799266212463,0.7637884206090102,-0.2655238689350815,2
10.666666666666657,66.33333333333333,3.6666666666666856,6.764102564102563,103.72307692307692,7.456410256410258,6.211019066403676,0.3780144641683122,46.69938198553582,-1.1143037130528413,0.4570254127168119,0.9079503637952773,2
10.0,64.33333333333333,25.666666666666686,8.215384615384615,102.43589743589743,18.425641025641028,0.9313872452333977,0.6664036817882961,119.65301775147937,-0.19380444830699747,-0.565341203033197,0.5321039275224704,2
