RangeX,RangeY,RangeZ,MeanX,MeanY,MeanZ,VarX,VarY,VarZ,SkewX,SkewY,SkewZ,Label
4.333333333333329,2.6666666666666714,6.333333333333343,5.74814814814815,47.022222222222226,34.8962962962963,0.8649657064471886,0.49580246913580434,2.6559122085048,0.4045895517381031,0.6903531613960896,0.455471521897942,2
6.0,9.000000000000014,-7.0,7.355555555555555,53.57777777777779,16.65925925925926,2.046419753086417,0.7624691358024679,18.604883401920436,0.1752175772347247,-0.14600399255308805,-0.5855495196352972,2
28.333333333333343,8.000000000000014,70.33333333333334,14.777777777777775,43.69629629629629,38.56296296296296,41.476543209876546,196.30035665294923,965.3373936899864,1.2556793885524096,-0.8831305470568646,0.7000272122275492,2
8.0,41.66666666666667,-14.0,10.496296296296299,86.4814814814815,9.725925925925923,0.6796159122085038,0.3286694101508905,17.245871056241416,-0.7711634830936152,0.2383537804055961,-0.14669966452235822,2
8.666666666666657,41.000000000000014,1.6666666666666856,10.829629629629633,86.14074074074074,24.977777777777778,1.464801097393689,0.3184636488340209,15.01432098765433,-0.6524395405800724,0.42243302810038125,0.12182250030402038,2
