RangeX,RangeY,RangeZ,MeanX,MeanY,MeanZ,VarX,VarY,VarZ,SkewX,SkewY,SkewZ,Label
7.666666666666657,4.666666666666671,25.0,7.4333333333333345,43.425,17.191666666666666,5.32333333333334,0.9443750000000005,68.55493055555557,0.4900324039807212,-0.2545635021674112,-0.5872162179835302,2
9.999999999999986,14.0,45.666666666666686,8.316666666666666,52.033333333333324,30.333333333333332,11.910833333333334,5.537777777777782,54.177777777777784,0.17932507115690408,-0.6778393792606786,0.38163760792488144,2
48.33333333333333,17.333333333333343,125.00000000000001,22.575,28.40833333333334,70.18333333333332,283.45548611111116,425.70270833333336,1913.5774999999999,0.29421476932226476,0.40776412772585346,-0.3899619947050528,2
5.666666666666657,55.0,23.0,4.1,93.64166666666668,5.9,7.534444444444444,4.3632638888888895,27.117777777777757,0.473311097549421,-2.355058284643391,1.1976032550314288,2
14.0,55.66666666666666,61.0,10.958333333333334,93.4,31.549999999999994,15.523263888888897,4.51222222222223,291.39749999999987,0.23285111116920568,-0.19484434687186558,-0.2145287207368493,2
