RangeX,RangeY,RangeZ,MeanX,MeanY,MeanZ,VarX,VarY,VarZ,SkewX,SkewY,SkewZ,Label
7.333333333333343,2.3333333333333286,7.0,3.3947368421052646,44.88596491228071,35.850877192982466,3.8412588488765853,0.30570944906124903,3.0040781779008885,0.17487266584327466,0.5179512855328886,0.05115457558312409,3
12.0,8.666666666666657,-12.0,6.8684210526315805,50.60526315789474,11.81578947368421,3.412511542012923,0.5956448137888533,17.963142505386266,1.2154625579738538,0.3388344134929024,0.28060170007623236,3
12.0,8.666666666666657,94.66666666666666,5.0087719298245625,32.59649122807018,59.877192982456144,6.131502000615574,258.8371806709758,1863.0317020621733,0.6916033335869824,-0.07682593877654885,-0.09493851198911808,3
11.0,40.66666666666666,-19.0,8.201754385964911,83.72807017543857,6.74561403508772,1.3014004309018214,0.2272237611572793,13.406048014773805,0.6843408567840911,-0.32559258090431187,0.12026701831046843,3
12.0,40.66666666666666,-11.0,10.500000000000004,83.57017543859646,16.605263157894736,0.6593567251461977,0.18074792243767152,9.619036626654351,-0.5679715379602376,0.5530543149795899,0.004875591280060097,3
