RangeX,RangeY,RangeZ,MeanX,MeanY,MeanZ,VarX,VarY,VarZ,SkewX,SkewY,SkewZ,Label
10.0,2.3333333333333286,24.666666666666657,5.333333333333334,49.32183908045977,39.66666666666668,11.66283524904214,0.3868410622275075,42.084291187739424,0.7368550277263239,-0.49128675963593826,0.5791524384082996,3
4.000000000000014,7.666666666666657,23.0,3.252873563218392,53.11494252873563,19.2183908045977,2.3575108997225516,3.450389747654906,190.92931695072014,-0.2663898178799906,-0.9502646963863565,0.3923520759467201,3
13.0,10.0,78.99999999999999,6.551724137931036,39.540229885057464,51.183908045977006,15.24349319593075,195.3058528207161,1018.5792046505481,0.6252952352497042,-0.6147283321554199,0.05979665933618947,3
11.666666666666686,57.33333333333334,-1.6666666666666572,7.827586206896551,104.24137931034483,13.72413793103448,12.364909499273347,0.3516977143612126,77.86259743691372,-0.42336231267481217,0.19946884861959902,0.018758424453294353,3
8.333333333333343,55.66666666666666,15.666666666666657,6.471264367816091,102.0,22.770114942528743,3.751089972255248,0.9195402298850502,207.98546703659662,-0.4713732058582503,-0.52141634036535,0.2611183564798374,3
