RangeX,RangeY,RangeZ,MeanX,MeanY,MeanZ,VarX,VarY,VarZ,SkewX,SkewY,SkewZ,Label
12.0,3.3333333333333286,17.333333333333314,5.714285714285715,45.61904761904762,23.028571428571432,10.38185941043083,0.47709750566893305,22.11029478458049,0.8553021233731843,-0.4639750744569126,-1.4626251172004248,3
16.333333333333343,8.999999999999986,28.666666666666657,5.428571428571431,48.371428571428574,12.971428571428572,17.521088435374146,31.179501133786847,71.15156462585036,1.8327378625796624,-2.7104919491092363,1.8533910846829913,3
16.0,9.333333333333329,105.99999999999999,8.771428571428569,26.52380952380953,62.8095238095238,17.147755102040815,305.4113378684807,1819.2907029478456,0.456268351442564,0.30031909911530613,0.005917799522902829,3
9.0,39.66666666666667,24.666666666666657,7.942857142857143,82.19999999999999,21.190476190476193,5.539591836734692,0.3631746031746049,75.33514739229024,-1.1119495904124284,-0.1183603931239238,-0.716467451352178,3
5.666666666666686,40.999999999999986,58.33333333333334,5.55238095238095,82.11428571428571,35.62857142857143,1.9678911564625938,4.279002267573697,200.6017233560092,-1.1419208759614197,-1.5890532631596368,1.0305169024726415,3
