RangeX,RangeY,RangeZ,MeanX,MeanY,MeanZ,VarX,VarY,VarZ,SkewX,SkewY,SkewZ,Label
4.666666666666657,2.0,7.0,1.2388059701492546,42.169154228855724,22.84577114427861,0.8683448429494306,0.1969258186678552,2.7374074899136223,1.4318979241942629,-0.6043148309563687,0.26276367327479944,3
6.666666666666671,12.666666666666657,5.666666666666629,4.119402985074627,51.41791044776119,15.736318407960194,2.214598648548304,1.6097621346006277,10.413059082695963,-0.12347498465280347,-0.19405420132036513,0.4950330533430451,3
19.0,12.333333333333343,90.66666666666666,8.084577114427864,36.68656716417911,38.1094527363184,20.555035766441417,295.1173485804808,1186.8172074948639,0.8406212044042943,-0.5437989424317375,0.5893521928999653,3
5.666666666666657,45.0,6.0,3.945273631840798,85.20398009950252,19.03980099502488,0.5691443281106909,0.18890621519269005,21.981832132868018,-0.35233131860409855,-0.8717050411439099,-0.8269891508812678,3
4.0,45.0,3.6666666666666288,1.472636815920398,85.1194029850746,13.950248756218906,0.7069626989430954,0.19469815103586646,18.896363951387343,0.5957784881960871,0.017734093677435663,0.4067969925836591,3
