RangeX,RangeY,RangeZ,MeanX,MeanY,MeanZ,VarX,VarY,VarZ,SkewX,SkewY,SkewZ,Label
6.666666666666686,2.333333333333343,7.333333333333314,5.280701754385962,44.71929824561403,34.50877192982456,3.7340720221606687,0.21360418590335573,2.4487534626038787,0.04363894372997853,-0.2838756568750168,-0.7614958713885714,3
8.000000000000014,8.000000000000014,-7.666666666666686,5.7368421052631575,49.90350877192982,14.429824561403512,2.1939058171745187,0.4672976300400142,13.41466605109265,1.0388998524751787,0.24625496646217157,-0.23606556054404237,3
8.666666666666686,7.666666666666671,84.99999999999997,4.842105263157895,25.912280701754387,80.07017543859648,6.823022468451832,178.37242228377963,838.3225607879349,0.20026684786089724,0.3410502620586031,-1.128182963674086,3
7.666666666666686,41.33333333333333,-18.33333333333337,7.938596491228066,83.64035087719299,4.456140350877191,0.6131886734379879,0.28878116343490157,11.92643890427823,-0.24128649082505296,0.20355323387261925,0.26645336882962795,3
10.0,41.33333333333333,-7.0,10.333333333333332,83.95614035087719,16.622807017543856,0.26900584795321525,0.22322253000923317,7.726146506617423,0.5029705462830047,0.011289559260599302,0.17646049056409066,3
