RangeX,RangeY,RangeZ,MeanX,MeanY,MeanZ,VarX,VarY,VarZ,SkewX,SkewY,SkewZ,Label
9.666666666666657,2.6666666666666714,12.0,4.219047619047619,45.44761904761904,23.18095238095238,6.380589569160978,0.45043083900226594,6.878367346938778,0.625096179489564,-0.011727279589670854,-1.396524285707577,3
15.666666666666657,9.0,7.0,5.361904761904762,50.0952380952381,9.952380952380954,9.818231292517009,6.124263038548756,18.15963718820862,1.618428933602735,-1.4474195565961347,1.1391115974397112,3
18.666666666666657,9.333333333333343,103.0,8.895238095238096,29.466666666666672,53.199999999999996,24.92553287981861,317.8933333333334,1864.064761904762,0.5295088149795063,0.14110059988339746,0.2739980680843454,3
10.333333333333314,40.0,21.333333333333314,7.914285714285715,82.33333333333333,22.18095238095238,6.770430839002272,0.5523809523809519,68.73868480725623,-1.2034753578355195,-0.061861634609979024,-0.5349707524271917,3
8.0,40.66666666666666,45.666666666666686,5.847619047619048,82.55238095238096,31.380952380952387,1.6085260770975087,1.707573696145122,127.46122448979594,-0.5237810873423057,-0.9320424833451273,0.5285336654597658,3
