RangeX,RangeY,RangeZ,MeanX,MeanY,MeanZ,VarX,VarY,VarZ,SkewX,SkewY,SkewZ,Label
18.33333333333333,7.666666666666671,72.33333333333334,9.95698924731183,48.56989247311827,51.60215053763441,41.20245115042202,4.768412533240841,424.2180598913169,-0.11755247598412771,0.4865518407085748,0.38978670698901763,3
29.0,4.666666666666671,59.66666666666666,8.612903225806452,44.93548387096776,27.419354838709673,61.62793386518674,64.87755809920228,457.8779049601109,0.813434083200759,-2.0703880942990565,1.2836829213068943,3
45.0,3.6666666666666714,94.0,12.301075268817202,30.3010752688172,56.354838709677416,223.479246155625,250.76956873627017,1167.519250780437,1.0832537068760562,-0.25973615227400837,0.6037813280379418,3
44.333333333333314,35.000000000000014,56.333333333333314,31.247311827956988,74.58064516129032,29.65591397849462,41.33310209272746,29.985431841831417,828.6773037345354,0.6327170628675277,-0.6823589462163729,0.4357076901727047,3
38.66666666666666,45.66666666666667,52.66666666666666,29.580645161290327,82.97849462365592,29.516129032258068,28.623424673372643,24.960110995490798,524.421782865071,-0.3806069781544261,0.12510555463394926,0.6477741063578446,3
