RangeX,RangeY,RangeZ,MeanX,MeanY,MeanZ,VarX,VarY,VarZ,SkewX,SkewY,SkewZ,Label
20.666666666666657,5.666666666666671,16.00000000000003,5.722222222222222,47.41111111111112,31.34444444444445,44.237654320987616,1.6717283950617263,22.388765432098793,1.1251047266394134,0.7520397168581514,-0.1828898113699071,3
7.666666666666671,7.333333333333329,5.666666666666686,3.7111111111111117,50.25555555555555,15.455555555555556,4.309135802469135,1.5383950617283921,36.248024691358005,0.21703612377499054,0.2343079356152733,0.33773518631027566,3
37.33333333333334,4.666666666666671,85.00000000000003,14.622222222222216,33.43333333333333,41.0,122.37580246913583,204.31222222222218,1211.0814814814814,0.8303377404495376,-0.6445508706644991,0.4994806244614203,3
15.333333333333329,53.000000000000014,25.333333333333343,9.222222222222221,93.88888888888889,28.42222222222223,16.6395061728395,13.846913580246921,165.9624691358023,-0.7108591881002748,-0.4470017410406928,-0.15354496325315184,3
10.666666666666657,48.66666666666667,22.0,5.1666666666666625,91.33333333333334,14.022222222222217,4.3462962962962965,1.2148148148148157,221.74765432098766,1.149812361388455,0.5974820572150893,0.9866567374242091,3
