RangeX,RangeY,RangeZ,MeanX,MeanY,MeanZ,VarX,VarY,VarZ,SkewX,SkewY,SkewZ,Label
22.333333333333343,6.333333333333343,18.333333333333314,8.494252873563216,46.298850574712645,40.09195402298851,50.479852028009006,3.987316686484352,33.30955212049146,0.8128397455010558,-0.9274593262808789,0.6394760209423017,3
18.0,12.666666666666671,14.0,7.471264367816091,50.896551724137936,20.333333333333336,17.513542079534936,15.17320650019817,151.4176245210729,1.1944883254174967,-1.4563408593365603,0.5282613182941014,3
20.333333333333343,12.666666666666671,67.33333333333333,11.45977011494253,38.82758620689654,47.79310344827587,31.374818337957443,343.6446029858633,477.5587263839345,0.0652963860170332,-0.9724770035316967,0.17918521118431033,3
13.000000000000014,44.66666666666667,11.333333333333314,8.218390804597698,85.34482758620692,19.459770114942526,18.20134760206104,1.5515920200819129,134.61619764830232,-0.40492897807257805,-0.3005953833501527,0.620484962173383,3
13.333333333333343,46.000000000000014,17.333333333333314,10.114942528735632,86.24137931034484,23.781609195402304,9.657286299379038,1.922578940414853,227.7492403223675,-1.1038321867500338,-0.2501367080123771,0.27066309242514136,3
