RangeX,RangeY,RangeZ,MeanX,MeanY,MeanZ,VarX,VarY,VarZ,SkewX,SkewY,SkewZ,Label
30.0,8.333333333333329,27.99999999999997,10.825,41.625,31.191666666666663,80.56659722222216,6.817708333333334,52.12159722222219,1.116693339945593,-0.8081140929999697,0.9279252215326769,3
12.666666666666671,20.0,24.333333333333314,4.975,52.916666666666664,24.208333333333336,6.079930555555556,4.765277777777782,109.37048611111115,1.4951270532981467,-1.283962107850941,-0.2941103908063518,3
23.0,23.666666666666657,84.33333333333331,10.224999999999998,48.575,25.041666666666668,82.37993055555555,247.77215277777782,677.4677083333332,0.53609215460143,-1.6062297366268188,1.0481431720509073,3
17.000000000000014,61.66666666666666,6.333333333333314,5.325000000000001,94.4,8.649999999999999,23.824930555555557,4.423333333333334,53.86083333333329,1.4451271614358063,-0.8551334193168673,1.2834841925802478,3
32.33333333333334,61.33333333333334,22.66666666666663,13.449999999999998,94.45,18.858333333333334,42.41972222222224,10.325277777777776,111.11604166666666,1.641916729903121,-2.049446584978574,0.4947388762795374,3
