RangeX,RangeY,RangeZ,MeanX,MeanY,MeanZ,VarX,VarY,VarZ,SkewX,SkewY,SkewZ,Label
32.66666666666667,11.666666666666671,16.0,13.484848484848488,41.21212121212121,27.174242424242415,129.5477502295684,11.086317722681361,18.16913452708909,0.605445202932727,-0.9453121830091966,0.6291922561730908,3
15.0,21.0,29.333333333333343,5.818181818181817,51.469696969696976,29.204545454545453,13.876033057851247,9.627869605142324,127.90008034894392,1.4710949535338285,-1.201904568986192,-0.16502174606778147,3
28.333333333333343,23.666666666666657,91.66666666666667,13.62878787878788,46.92424242424242,37.6060606060606,117.46573691460054,208.0397153351699,1234.6932966023876,0.21023459253120008,-1.5925808720209398,0.34830386695973165,3
14.333333333333329,62.33333333333334,4.333333333333343,5.606060606060606,93.22727272727273,10.878787878787879,18.607438016528928,3.478650137741043,62.884297520661114,1.1198654749988093,0.10980343979122857,0.28192517671414113,3
19.333333333333343,62.66666666666666,56.66666666666666,9.590909090909092,91.25757575757576,41.18181818181819,32.342745638200185,12.660927456382,427.2649219467399,0.01987530701165243,-0.05166371200013882,0.05893590068958516,3
