RangeX,RangeY,RangeZ,MeanX,MeanY,MeanZ,VarX,VarY,VarZ,SkewX,SkewY,SkewZ,Label
31.33333333333333,8.0,21.333333333333343,12.609523809523811,41.07619047619047,29.06666666666667,126.05387755102038,5.200544217687072,37.859047619047615,0.45787507904929425,-0.4036381495881627,0.46462402880830694,3
16.666666666666657,18.333333333333343,35.0,6.428571428571431,51.91428571428571,29.47619047619047,20.790929705215433,12.681541950113372,216.0081632653062,1.077278491456036,-1.128224371365918,-0.33940667234520416,3
26.333333333333314,20.666666666666657,80.0,13.723809523809525,45.828571428571436,36.400000000000006,99.41260770975057,261.23410430839,782.3161904761905,-0.02193373211558907,-1.4555277374387778,0.5090625598308408,3
18.666666666666657,59.66666666666666,7.333333333333314,8.276190476190477,93.45714285714286,14.790476190476193,29.806258503401352,4.610068027210873,66.305306122449,0.6015232783525652,-0.14100290609169358,0.05267187638803371,3
27.333333333333314,59.0,40.666666666666686,13.838095238095239,92.25714285714285,26.590476190476185,81.76108843537418,6.464036281179143,458.1275283446712,0.14816749916488636,-0.48931549898721205,0.18198789295854093,3
