RangeX,RangeY,RangeZ,MeanX,MeanY,MeanZ,VarX,VarY,VarZ,SkewX,SkewY,SkewZ,Label
6.666666666666657,2.0,15.0,3.9117647058823537,42.76470588235294,27.666666666666668,4.041234140715111,0.19300269127258682,13.104575163398714,0.004243919477680106,-0.0896200034699078,1.33009127447757,3
9.333333333333329,8.666666666666671,0.0,7.656862745098039,47.8235294117647,9.098039215686269,1.3757208765859286,1.942714340638214,23.474048442906554,-0.05255892846188798,-0.3350290384454538,0.2160908612983037,3
18.666666666666657,8.333333333333329,90.66666666666666,10.382352941176471,29.539215686274506,54.911764705882355,30.08583237216458,217.86937716262977,822.1980968858132,-0.13644868704936527,-0.20923903340050504,-0.06016755755259388,3
4.0,35.999999999999986,-1.6666666666666856,1.8333333333333337,76.4313725490196,11.441176470588237,1.6879084967320306,0.25836216839676884,38.82823913879275,0.4798561841544995,0.09437303100364396,0.17355457489698226,3
8.0,36.33333333333333,11.0,6.529411764705879,76.50980392156863,22.882352941176464,0.9223375624759758,0.6159169550172984,50.1757016532103,0.4218310078552969,-0.07747968021083454,-0.4697077864322828,3
