RangeX,RangeY,RangeZ,MeanX,MeanY,MeanZ,VarX,VarY,VarZ,SkewX,SkewY,SkewZ,Label
6.666666666666657,1.3333333333333428,6.666666666666686,4.9696969696969715,42.90909090909091,27.818181818181817,3.712886440159178,0.19712274257728904,3.145393327211524,-0.48697748749124575,0.19966995717023403,0.5222967309367924,3
7.666666666666657,7.333333333333329,-14.666666666666686,7.181818181818182,47.95959595959596,4.25252525252525,0.49892868074686436,1.5269870421385487,9.00357106417711,0.07058915681095922,-0.13265572283725002,0.2925988945522366,3
17.333333333333314,8.000000000000014,81.66666666666666,10.272727272727273,27.97979797979798,63.262626262626256,10.124273033363924,191.64942352821137,931.4394449545962,0.8491985027462458,-0.013163930750998271,-0.44588018104288013,3
2.666666666666657,35.33333333333333,-7.0,1.6666666666666676,76.8989898989899,8.949494949494948,1.5218855218855216,0.1985511682481377,23.37455361697785,0.3658480460549948,-0.3485124554721266,0.21631106323709248,3
6.666666666666657,35.33333333333333,8.0,6.484848484848484,76.68686868686868,23.171717171717166,0.795224977043158,0.48444036322823536,42.485664728089,-0.3579424693724592,-0.2601872180570896,-0.5315226435866746,3
