RangeX,RangeY,RangeZ,MeanX,MeanY,MeanZ,VarX,VarY,VarZ,SkewX,SkewY,SkewZ,Label
24.000000000000014,8.333333333333329,28.0,9.722222222222221,45.52777777777777,36.879629629629626,54.021604938271615,5.465277777777779,58.86514060356654,0.9160082100708623,-1.0658683747161295,0.1967575004608711,3
33.666666666666686,13.666666666666657,20.666666666666657,9.009259259259258,45.85185185185185,25.194444444444446,82.60793895747602,105.89780521262003,109.21219135802463,1.706002565220402,-1.5818228107355072,-0.3134790351627144,3
19.333333333333343,13.666666666666657,51.0,9.870370370370368,39.56481481481481,50.43518518518519,36.65603566529493,260.0976508916325,115.83839163237313,0.07485777086994552,-1.2580579621232386,0.20960036897937034,3
12.000000000000014,46.0,25.333333333333343,7.101851851851852,84.89814814814817,21.425925925925927,11.881601508916322,1.1408607681755785,169.0716735253772,-0.3804906143960485,-1.186324618155587,0.57967388474119,3
13.666666666666686,48.33333333333334,18.333333333333343,10.25,86.89814814814817,23.01851851851852,15.656635802469136,0.5791323731138517,89.87002743484223,-1.550043799804234,-0.5181584465880905,-0.12232778254832813,3
