RangeX,RangeY,RangeZ,MeanX,MeanY,MeanZ,VarX,VarY,VarZ,SkewX,SkewY,SkewZ,Label
5.666666666666657,2.6666666666666714,7.000000000000028,1.9064327485380106,42.771929824561404,24.333333333333336,1.85869156321603,0.2813173284087402,2.6276803118908423,0.695976710659063,-0.3157882125627624,0.43018146858320394,3
7.666666666666671,12.000000000000014,9.000000000000028,4.204678362573099,49.94736842105264,17.058479532163744,3.718340686023047,2.739919975377051,30.417632775896863,-0.09841895763461248,0.3090364646994456,0.6124696848049404,3
26.0,10.000000000000014,83.33333333333334,8.175438596491226,28.719298245614034,58.19298245614035,34.08618036318866,292.96993946855446,1211.2902431517389,1.5260981770901325,-0.002493174145435033,-0.558527169010742,3
6.333333333333343,45.000000000000014,8.0,3.1988304093567272,85.14619883040935,16.865497076023395,1.8474060394651382,0.4094251222598382,67.58229882698953,-0.12887276354910243,-0.41214992121763155,-0.2199007563118841,3
3.666666666666657,44.66666666666667,11.333333333333371,1.0701754385964923,85.21052631578945,19.315789473684216,0.7553093259464452,0.1545090797168362,26.871037242228375,1.0994857859165144,-0.02720607248182006,0.7318613043662141,3
