RangeX,RangeY,RangeZ,MeanX,MeanY,MeanZ,VarX,VarY,VarZ,SkewX,SkewY,SkewZ,Label
7.0,1.3333333333333428,8.333333333333314,4.366666666666667,43.13333333333333,26.25,4.332222222222226,0.16,4.09861111111112,0.27027709418467155,-0.19791666666664762,0.0025944429908297388,3
8.333333333333329,7.666666666666671,-7.0,7.633333333333333,47.916666666666664,7.216666666666667,0.8877777777777783,2.104166666666668,13.519722222222237,-0.18383879972690004,-0.40202573333111913,-0.4001251656650849,3
17.666666666666657,8.666666666666671,90.66666666666666,9.158333333333335,32.891666666666666,45.916666666666664,13.166597222222213,271.47993055555554,1330.7597222222225,1.0024439766741422,-0.28578295005526394,0.311883757502323,3
3.0,35.33333333333333,-2.3333333333333712,2.1500000000000012,76.725,10.441666666666668,1.8941666666666677,0.14937499999999979,24.074374999999964,-0.02138541030823783,-0.24773218135444955,0.018511242523252806,3
6.666666666666657,35.66666666666667,13.333333333333314,6.333333333333333,76.73333333333332,23.925,0.5777777777777775,0.48999999999999594,37.73048611111114,-0.037949625835395184,0.026563006154895114,0.10213294070015792,3
