RangeX,RangeY,RangeZ,MeanX,MeanY,MeanZ,VarX,VarY,VarZ,SkewX,SkewY,SkewZ,Label
9.666666666666657,4.0,19.0,5.901960784313725,45.40196078431373,22.99019607843137,7.88581314878892,0.9462706651287957,18.336505190311403,0.5788839810206302,-0.4877317064150198,-1.3397239402416654,3
16.33333333333333,9.666666666666657,36.0,5.529411764705882,48.31372549019608,12.960784313725489,21.131487889273345,36.326412918108424,79.75009611687808,1.7410706851577087,-2.378268377828384,1.9426627320152743,3
22.0,10.0,107.0,10.617647058823529,29.274509803921568,54.00980392156863,30.909361783929256,334.0096116878124,1788.6567666282199,0.6585855446499181,-0.0014355051604987821,0.16114392536175975,3
8.666666666666657,40.66666666666666,18.333333333333314,7.166666666666665,82.13725490196077,18.83333333333334,7.093137254901955,0.3144944252210679,71.19771241830065,-0.6246669321475943,0.18990935455169203,-1.2089044353881926,3
7.333333333333343,41.0,57.333333333333314,6.186274509803921,82.04901960784315,34.80392156862745,3.0796808919646304,3.4387735486351327,204.58246828143015,-0.48511029600865674,-1.265360817405258,1.0805863120162413,3
