RangeX,RangeY,RangeZ,MeanX,MeanY,MeanZ,VarX,VarY,VarZ,SkewX,SkewY,SkewZ,Label
21.333333333333343,6.333333333333343,29.333333333333343,9.505376344086024,45.634408602150536,39.50537634408601,47.805526650479806,3.3358769799976917,52.457856399583775,0.6111516367977925,-0.9441362564657718,0.24840682522853005,3
18.66666666666667,14.000000000000014,16.666666666666686,9.053763440860218,52.38709677419355,15.0,26.903919528269146,3.99352526303619,82.50896057347681,0.458083116310226,-0.8919880694156446,1.168823347708241,3
24.333333333333343,12.333333333333329,44.66666666666666,12.559139784946238,39.06451612903226,43.93548387096775,34.61209388368597,343.2001387443636,195.7306046941843,0.1573607655921912,-1.1030406280826548,-0.02543785254914213,3
10.333333333333343,46.000000000000014,11.666666666666657,6.892473118279574,85.27956989247312,18.731182795698924,11.20707596253902,2.653023470921493,131.11411723898718,-0.3114737840225637,-0.9009669320951437,0.16487192010928156,3
12.666666666666686,47.33333333333333,13.333333333333343,9.645161290322584,86.83870967741936,22.182795698924732,9.504913862874323,0.7445947508382466,116.1350445138166,-1.517855547124625,-0.11887211568431003,-0.05360762016295603,3
