RangeX,RangeY,RangeZ,MeanX,MeanY,MeanZ,VarX,VarY,VarZ,SkewX,SkewY,SkewZ,Label
21.0,4.0,22.666666666666657,5.1623931623931645,46.80341880341879,34.88034188034188,46.18160566878513,1.3146321864270598,41.820439769157694,1.2609841980789194,0.4822205475748658,0.832316032012145,3
7.666666666666671,7.333333333333343,-0.3333333333333428,3.7521367521367517,50.863247863247864,14.641025641025648,4.887281759076632,0.9499598217546968,34.47512601358754,-0.16842894678693252,-0.09736247296179804,-0.17092349858691405,3
39.33333333333334,8.0,80.99999999999999,10.350427350427347,41.45299145299146,27.914529914529915,118.65497844985028,197.50704945576732,753.2747461465411,1.507552121765808,-1.2600953023536858,1.172772148648541,3
14.666666666666671,54.0,12.333333333333314,7.991452991452993,94.63247863247862,21.564102564102566,11.478559427277368,11.27518445467164,98.22879684418146,-0.1290112521992796,-0.4183466664833996,-0.5863433174936351,3
8.666666666666657,49.66666666666666,25.0,4.324786324786324,91.71794871794872,17.735042735042736,6.179414128132071,1.5244356782818318,285.92694864489755,-0.1707649548218253,-0.29117862546645035,0.8413434380235445,3
