RangeX,RangeY,RangeZ,MeanX,MeanY,MeanZ,VarX,VarY,VarZ,SkewX,SkewY,SkewZ,Label
24.666666666666657,10.333333333333329,77.33333333333331,10.65217391304348,47.77536231884058,44.77536231884058,36.11573198907793,6.565479941188824,301.52683259819355,0.2828919735414644,0.2452564800165563,-0.49483972695969736,3
27.33333333333333,7.0,73.33333333333331,9.000000000000002,42.56521739130435,28.55797101449275,65.09178743961353,110.02352446964923,366.5751417769376,0.7785568977263829,-1.7311104039797145,1.1480168674586115,3
44.333333333333314,6.666666666666657,104.66666666666666,9.021739130434783,35.71014492753623,42.094202898550726,149.14203948750264,196.9836168872086,1132.3075509346775,1.8691189493024833,-0.7474134014453743,0.8260900649973792,3
44.0,39.66666666666666,80.33333333333331,27.0,76.69565217391305,26.949275362318836,40.55072463768118,19.97983616887209,690.1834173492964,0.777942581422496,-0.935809083969278,0.8844974363088796,3
41.66666666666666,48.0,76.99999999999997,29.260869565217398,81.1231884057971,29.123188405797098,37.091367359798376,19.03071833648393,477.8229888678849,-0.10559063925959897,0.8185324650658532,0.8913892055918798,3
