RangeX,RangeY,RangeZ,MeanX,MeanY,MeanZ,VarX,VarY,VarZ,SkewX,SkewY,SkewZ,Label
21.33333333333333,5.333333333333343,18.333333333333343,6.068627450980389,47.6764705882353,33.1764705882353,45.887447135717025,2.0423875432525995,38.30872741253364,1.117910726023759,0.3470285187182114,0.10883181522242585,3
7.0,7.000000000000014,3.333333333333343,3.2941176470588234,51.18627450980392,16.34313725490196,4.874279123414071,0.40647827758554445,45.46722414455984,-0.07769316911959866,-0.5946000949857037,-0.04806166550327104,3
39.0,7.333333333333329,78.66666666666667,12.127450980392162,37.774509803921575,34.04901960784315,132.07852748942713,229.71712802768167,1017.9158977316414,1.086374727845508,-0.8292839796773468,0.6062046940876751,3
14.666666666666671,56.000000000000014,18.666666666666686,7.990196078431372,95.77450980392156,27.558823529411764,13.990099961553241,23.44261822376011,118.77595155709345,-0.37336527614459997,-0.4577193024197144,-0.48815525267177595,3
9.0,48.66666666666667,35.00000000000003,5.23529411764706,91.28431372549021,20.068627450980397,1.8727412533640955,1.9093617839292651,392.684832756632,0.9072727518973891,-0.49261998629000003,0.7849624664275817,3
