RangeX,RangeY,RangeZ,MeanX,MeanY,MeanZ,VarX,VarY,VarZ,SkewX,SkewY,SkewZ,Label
11.333333333333343,3.0,15.333333333333343,4.3690476190476195,48.73809523809525,36.36904761904761,15.669359410430816,0.5345804988662127,17.43126417233561,0.6043195815230092,-0.3346233463128891,0.15454634920645707,3
8.666666666666671,8.333333333333343,12.0,3.5000000000000013,52.70238095238095,21.535714285714285,3.7023809523809548,1.9947562358276636,124.88364512471658,1.3519093792755512,-0.5280138083205403,-0.43206805704235807,3
9.666666666666657,8.666666666666657,75.66666666666666,3.0238095238095206,44.07142857142857,46.75,6.094671201814056,171.3441043083901,1205.3303571428569,1.0035153963878847,-1.4511334740262918,0.1273041143164959,3
9.666666666666657,58.0,-3.3333333333333144,6.214285714285715,103.76190476190477,8.785714285714281,7.596938775510199,0.514739229024946,67.36678004535152,-0.622209587928013,-0.43639076764891277,0.9425426154721602,3
10.666666666666657,57.66666666666666,14.333333333333314,7.595238095238096,102.14285714285714,21.23809523809524,2.8202947845804958,0.5192743764172303,113.39569160997735,-0.22756582811954076,1.3275528259360945,0.374714980279598,3
