RangeX,RangeY,RangeZ,MeanX,MeanY,MeanZ,VarX,VarY,VarZ,SkewX,SkewY,SkewZ,Label
2.333333333333343,1.6666666666666714,9.333333333333314,1.0606060606060623,47.25757575757576,30.424242424242422,0.5417814508723651,0.25183654729109267,8.153351698806219,0.5292005743551285,0.07001759117858475,0.0007745133748871627,4
8.333333333333329,5.000000000000014,-5.666666666666657,5.666666666666667,49.95454545454545,13.636363636363633,2.717171717171714,0.3262167125803479,6.504132231404973,0.2593504570302174,0.7542811343828218,0.4391778838352433,4
44.33333333333334,4.000000000000014,39.0,27.5,31.984848484848484,37.787878787878796,213.29040404040404,187.05532598714416,235.9247015610652,-0.5126931970631021,-0.47116363717202747,-0.5347696932823403,4
12.333333333333329,45.33333333333333,-1.0,7.181818181818182,90.04545454545455,18.772727272727273,12.421487603305794,0.6393480257116616,8.286730945821823,-0.5026123098360813,0.29360478544862917,0.16430098766962098,4
9.333333333333343,47.33333333333333,-17.666666666666686,3.803030303030305,92.63636363636364,4.4848484848484835,11.521808999081719,0.3526170798898054,8.108356290174472,0.5526110625009586,0.37834729262712047,-0.02867892742137114,4
