RangeX,RangeY,RangeZ,MeanX,MeanY,MeanZ,VarX,VarY,VarZ,SkewX,SkewY,SkewZ,Label
7.333333333333343,7.666666666666671,32.33333333333334,3.254901960784315,47.62091503267975,39.607843137254896,4.0461361014994255,2.1090178990986366,76.64795591439189,0.18609681527559102,-0.32537430298381814,-0.7180385910253346,4
11.333333333333329,13.666666666666671,8.0,5.8692810457516345,53.09803921568628,11.019607843137257,8.658293818616773,3.186466743560157,70.48981161091888,0.3015962970764063,0.23149611479805524,0.3232662909181985,4
22.666666666666657,12.333333333333343,111.33333333333331,4.359477124183007,27.77777777777778,59.967320261437905,25.23678926908454,205.78068264342775,785.3867315989577,2.490765326753813,0.34867160704327466,0.20265375307788303,4
11.333333333333343,62.33333333333333,17.0,8.562091503267974,104.1111111111111,15.43790849673203,5.17860651886027,0.5737109658678253,172.5729420308428,-1.3057577941314977,-0.5953157076910739,0.3101953528520952,4
11.333333333333343,60.33333333333333,16.666666666666686,7.326797385620918,102.6078431372549,13.379084967320264,4.485796061343926,0.49545046776880663,86.40095689692,0.017436695813893798,-0.8794532398989271,0.5904161635648142,4
