RangeX,RangeY,RangeZ,MeanX,MeanY,MeanZ,VarX,VarY,VarZ,SkewX,SkewY,SkewZ,Label
9.333333333333343,6.666666666666671,28.00000000000003,2.466666666666667,47.32380952380953,42.15238095238096,6.26793650793652,3.552290249433106,70.29424036281182,1.0815448048829448,-0.47717886944211246,-0.32235287597352913,4
6.666666666666671,10.333333333333329,9.666666666666686,3.4380952380952383,51.84761904761904,19.409523809523815,3.1668027210884366,0.5926530612244879,77.49895691609974,0.2871773036142756,0.2583061921854434,-0.4412260776739588,4
24.333333333333343,10.333333333333343,86.66666666666669,7.771428571428571,33.13333333333333,37.514285714285705,46.550929705215424,235.24571428571429,837.7291609977326,0.864383311980748,-0.22753799491995405,0.5495743276157841,4
11.333333333333343,62.000000000000014,-6.0,7.44761904761905,104.35238095238097,5.44761904761905,8.513922902494333,0.2218594104308411,22.666303854875288,-0.7082055908158089,0.5672058717208707,1.14847990492375,4
10.666666666666657,60.33333333333333,10.333333333333371,8.276190476190479,102.42857142857143,15.361904761904757,2.447528344671195,0.8036281179138342,84.04680272108854,-0.18386956118150855,-1.0543540979084838,0.3895377628562664,4
