RangeX,RangeY,RangeZ,MeanX,MeanY,MeanZ,VarX,VarY,VarZ,SkewX,SkewY,SkewZ,Label
12.333333333333343,6.333333333333329,22.333333333333343,9.0,43.35690235690236,19.117845117845118,7.432098765432099,1.704270539287375,17.080388622476164,0.47615844825160086,0.4363216987186708,-0.62449116686112,4
12.000000000000014,13.0,52.0,8.016835016835017,49.569023569023564,32.20202020202021,11.601287850446106,9.11841195342878,166.10509131721253,0.5874747648469865,-0.20433147392135173,-0.3128121456801089,4
24.0,17.0,110.33333333333331,8.922558922558924,29.98653198653199,51.67340067340068,39.714541600063505,254.54078382024505,985.2075865274518,1.2657376462593855,0.5663401980646047,0.42292256060037103,4
18.666666666666686,57.0,50.0,5.518518518518518,93.49158249158249,9.585858585858587,36.8063349544831,6.115249010871905,146.821752882359,1.2552772339373126,-0.8916838989552381,2.2508506572400275,4
13.333333333333343,57.66666666666666,63.66666666666666,8.8989898989899,96.4915824915825,32.208754208754215,16.75298438934804,1.2330941287170254,179.04284143341383,-0.02778845461485609,-0.956910114511188,0.8652304596491518,4
