RangeX,RangeY,RangeZ,MeanX,MeanY,MeanZ,VarX,VarY,VarZ,SkewX,SkewY,SkewZ,Label
3.0,2.3333333333333286,9.666666666666629,1.1500000000000008,46.775,32.50833333333333,0.78861111111111,0.39104166666666773,8.0554861111111,0.6466520968171963,0.25131689686664316,-0.18265817306031643,4
9.666666666666671,5.666666666666671,-9.333333333333343,5.6416666666666675,50.425,12.45,4.6077083333333295,0.18326388888888895,4.8308333333333335,0.4042552561674953,0.25656385084315414,0.6711524826814855,4
41.33333333333334,4.333333333333329,37.66666666666666,19.283333333333335,38.583333333333336,28.208333333333336,233.94194444444446,197.75972222222225,355.33715277777776,0.3820136963166501,-1.2176980057457443,0.4716834551567292,4
13.0,45.33333333333333,-6.0,8.066666666666666,89.73333333333332,17.51666666666667,10.112222222222224,0.3122222222222236,4.155277777777758,-1.0299877899048644,-0.030570533104266176,-0.21632056384822398,4
9.0,47.999999999999986,-9.0,3.425,92.19166666666668,4.699999999999998,4.8665972222222225,0.38270833333333226,15.926666666666653,0.5116783283969422,0.35093782775180876,1.5712919809924633,4
