RangeX,RangeY,RangeZ,MeanX,MeanY,MeanZ,VarX,VarY,VarZ,SkewX,SkewY,SkewZ,Label
2.666666666666657,3.0,12.0,1.4999999999999991,47.05555555555554,33.011111111111106,0.5092592592592573,0.6895061728395058,8.38135802469136,-0.19363391920235984,0.2884640659960562,1.0304486849173702,4
9.666666666666671,5.666666666666671,-6.333333333333314,5.788888888888888,49.922222222222224,12.9,4.773950617283956,0.7976543209876558,12.18629629629628,0.257980220293816,-0.342890758495723,0.3662141111785181,4
44.0,4.666666666666671,39.00000000000003,24.988888888888887,34.166666666666664,38.14444444444445,261.8109876543211,188.67222222222227,324.7606172839507,-0.2203520369153314,-0.46986783597154097,-0.17980230522029464,4
15.0,45.33333333333333,-7.333333333333314,5.066666666666666,89.86666666666663,15.277777777777773,27.091851851851843,0.31555555555555703,12.074691358024728,0.9269187560778547,0.056831797716503464,-0.051573639687686454,4
8.0,47.33333333333333,-18.0,3.399999999999998,92.03333333333335,4.966666666666665,5.017777777777777,0.5507407407407374,10.098888888888856,0.16573054077874333,-0.8144763778529446,0.20953913880236277,4
