RangeX,RangeY,RangeZ,MeanX,MeanY,MeanZ,VarX,VarY,VarZ,SkewX,SkewY,SkewZ,Label
3.333333333333343,2.0,13.999999999999972,1.1241830065359484,42.40522875816993,24.94117647058824,0.6577811952667784,0.1756589345978044,15.732923234653335,0.5593741725268297,0.3582428056171622,0.09284674342248768,4
10.0,9.666666666666671,-2.6666666666666856,5.640522875816994,49.228758169934636,8.777777777777777,4.304327395446195,0.8561664317143026,16.521423384168457,0.17458957367345435,0.19382652029613484,-0.3898547363142021,4
43.0,8.333333333333329,88.99999999999997,21.732026143790854,27.718954248366014,58.28104575163398,111.8911529753514,147.70096971250373,891.5789653552051,0.11821082247203339,0.14968367774440489,-0.22632492910726995,4
5.333333333333343,44.999999999999986,16.333333333333314,2.679738562091503,84.73202614379085,24.934640522875817,2.906147208338679,0.5708915374428597,36.46195907556922,0.07579398932764071,0.5243950597543571,-1.1810552673969474,4
4.333333333333343,44.33333333333333,22.66666666666663,2.4640522875817004,84.69934640522877,23.8169934640523,1.534110812080827,0.6154897688923084,94.73339313939084,-0.19778238391145497,-0.5506567963496325,0.05167108713764541,4
