RangeX,RangeY,RangeZ,MeanX,MeanY,MeanZ,VarX,VarY,VarZ,SkewX,SkewY,SkewZ,Label
10.333333333333314,3.3333333333333286,26.333333333333343,3.563218390804598,41.82758620689656,31.183908045977017,11.203857841194342,0.7250627559783334,61.291848328709236,0.9776100335972934,-0.644028203261031,0.1845544754820857,4
6.666666666666657,11.666666666666671,0.6666666666666856,4.137931034482759,49.37931034482758,8.6551724137931,3.6131589377724933,1.0553573787818782,21.766151407055148,-0.3341085612578565,0.29443124252117464,0.20221639215733822,4
30.333333333333314,8.999999999999986,92.0,14.908045977011495,22.287356321839077,76.9310344827586,74.06817281014663,214.7948209803144,1091.014400845554,0.19078859846954954,0.4943044597079136,-1.2558210605694238,4
5.333333333333329,47.33333333333333,11.666666666666686,3.2298850574712645,85.40229885057472,14.298850574712644,2.705773550006607,0.516316554366493,89.98731668648442,-0.5488227135168353,-0.26816511685983385,0.12575782829734267,4
4.0,46.66666666666667,24.0,2.0689655172413812,84.4712643678161,21.65517241379311,0.9377724930638142,1.3909367155502748,141.28339278636537,0.503224170449876,-0.7868777483663963,0.3008156150918801,4
