RangeX,RangeY,RangeZ,MeanX,MeanY,MeanZ,VarX,VarY,VarZ,SkewX,SkewY,SkewZ,Label
4.666666666666657,2.3333333333333286,8.0,3.811594202898549,44.97101449275363,33.28985507246378,1.7954211300146983,0.26969124133585354,4.399075824406628,-0.49977938148253725,0.14462229896120102,0.8355333378315437,4
6.0,6.666666666666657,-10.666666666666629,4.913043478260867,49.927536231884055,13.08695652173913,1.0262549884478047,0.2797731568998119,8.543163201008218,0.6484681251541226,-0.6854894710915378,0.5932657196567325,4
14.666666666666657,7.0,34.00000000000003,10.144927536231881,34.69565217391305,37.52173913043478,12.520058811174113,265.6706574249107,390.8775467338796,-0.03119903170565646,-0.7169759709240218,-0.5708087018826443,4
10.666666666666657,40.66666666666666,-11.666666666666629,9.347826086956525,83.68115942028984,10.144927536231883,0.84520058811174,0.22684310018903456,14.636000840159626,0.3899750798197815,-0.07641067777538674,0.3141752243929022,4
10.0,40.66666666666666,-8.333333333333314,9.913043478260873,84.01449275362317,15.855072463768114,0.659105229993701,0.20751942869145146,9.756773787019547,-1.1219449435164697,-0.5894650238376387,-0.6024510009532151,4
