RangeX,RangeY,RangeZ,MeanX,MeanY,MeanZ,VarX,VarY,VarZ,SkewX,SkewY,SkewZ,Label
5.333333333333314,2.0,8.0,3.940170940170941,46.940170940170944,35.00000000000001,1.3781868653663498,0.2499817371612247,3.2478632478632465,-0.7456152816423349,0.17074659451442062,-0.5733787211736704,4
17.999999999999986,9.0,-5.666666666666657,10.81196581196581,53.111111111111114,13.931623931623939,17.320768500255685,2.1101614434947757,18.251734969683678,0.37967140952901257,-0.49542366135882354,0.8882064811716104,4
20.666666666666657,9.0,60.66666666666666,10.376068376068375,40.478632478632484,51.78632478632479,21.186207904156632,221.41193659142374,827.3702973190152,0.644851687240126,-0.6820826567754564,0.08391667261831297,4
11.666666666666657,42.66666666666666,-14.0,9.470085470085472,87.47863247863249,3.4957264957264975,3.9243187961136696,0.3748995543867347,14.551976039155528,-0.38944249746177595,-0.133666586069492,1.632291469434481,4
14.333333333333314,41.66666666666666,-11.333333333333343,11.307692307692305,86.09401709401708,11.51282051282051,3.8711374095989446,0.3985681934399887,22.58601797063335,0.1733842682105028,0.5651776500266551,-0.33171605942122706,4
