RangeX,RangeY,RangeZ,MeanX,MeanY,MeanZ,VarX,VarY,VarZ,SkewX,SkewY,SkewZ,Label
9.0,3.3333333333333286,5.333333333333314,4.884615384615385,46.46153846153846,37.01282051282051,5.743096646942804,0.8980933596318207,1.6964168310322116,0.1398969462550122,-0.1807014451600428,-0.03275429139758251,4
21.33333333333333,10.333333333333329,-16.333333333333343,14.551282051282051,51.85897435897436,10.12820512820513,22.555062458908626,2.6254109138724493,19.598948060486514,-0.1723335025184544,0.4750752634455242,0.2592167126063756,4
13.666666666666657,9.999999999999986,63.66666666666666,8.807692307692308,33.34615384615385,67.92307692307692,7.010026298487839,224.65368178829718,975.4299802761343,0.07667822586324036,-0.16030355142808825,-0.6370878479576448,4
11.333333333333329,44.66666666666667,-23.333333333333343,6.730769230769233,88.2948717948718,2.9615384615384617,8.726660092044705,0.4472386587771181,8.968606180144633,0.3598760426527818,-0.29878237736029994,1.1807795931692187,4
16.666666666666657,42.33333333333333,-22.666666666666686,13.487179487179485,85.47435897435896,4.743589743589742,6.566074950690342,0.5912228796844163,11.754766600920469,-0.5425305907486648,0.07971072876120314,0.6308368162165425,4
