RangeX,RangeY,RangeZ,MeanX,MeanY,MeanZ,VarX,VarY,VarZ,SkewX,SkewY,SkewZ,Label
8.666666666666686,2.0,10.333333333333371,3.9195402298850563,45.34482758620689,35.04597701149426,5.81344959704057,0.17228167525432742,10.511296076099875,0.8714324770499663,0.25624000485631,-0.7556407343873641,4
6.333333333333343,7.666666666666671,-6.333333333333314,5.367816091954023,50.73563218390804,13.298850574712638,1.1520676443387472,0.44735103712511026,13.06777645659929,-0.32259839328200823,0.27860855468490314,0.8572853226388769,4
11.666666666666686,7.666666666666671,42.666666666666686,7.241379310344826,40.04597701149425,38.49425287356323,4.0375214691504935,206.1588056546439,634.6101202272428,0.9389782974850979,-1.119791668543985,-0.28634595494242476,4
11.0,40.33333333333333,-5.333333333333314,8.908045977011495,83.75862068965517,10.793103448275861,1.600739859955075,0.22142951512749462,27.711983088915346,-0.06282800844332284,-0.6427285149672048,0.24907705971244573,4
11.0,40.000000000000014,6.333333333333371,9.94252873563219,83.78160919540232,20.19540229885057,0.529264103580393,0.20134760206103963,44.5556876734047,-0.05771605429072781,0.11940582188590472,0.7729929862822918,4
