RangeX,RangeY,RangeZ,MeanX,MeanY,MeanZ,VarX,VarY,VarZ,SkewX,SkewY,SkewZ,Label
13.0,10.0,30.0,6.2612612612612635,48.04504504504505,51.09909909909909,15.910721532343157,5.772745718691666,48.83402321240157,0.41189946118991533,1.2089737008856822,0.11458000031696713,4
13.333333333333343,6.333333333333329,9.333333333333314,4.864864864864865,47.26126126126126,18.44144144144144,10.43519194870546,4.1809918026134225,96.1264507750994,1.0626581674162376,0.23762809900433793,0.32965157797613664,4
47.66666666666666,4.666666666666671,30.333333333333314,19.972972972972972,33.78378378378378,40.306306306306304,353.79806833860874,183.05234964694426,209.89416443470492,0.2504980861625118,-0.6554957976273984,-0.2202886915589184,4
49.33333333333334,34.999999999999986,-3.6666666666666856,34.88288288288288,75.55855855855856,14.234234234234231,68.69198928658393,12.28861293726159,48.7199090982875,0.17282595961778352,-1.004703808770813,0.15047481860807954,4
41.0,37.999999999999986,-1.0,31.297297297297302,78.07207207207206,16.702702702702698,34.088791494196876,4.787598409220024,75.63233503774042,-0.2491688960676542,0.11576654209980022,-0.25989680916727437,4
