RangeX,RangeY,RangeZ,MeanX,MeanY,MeanZ,VarX,VarY,VarZ,SkewX,SkewY,SkewZ,Label
12.666666666666657,6.333333333333329,35.666666666666686,4.348484848484848,48.42424242424242,51.43939393939393,14.898760330578517,2.542240587695131,82.24632690541773,0.6684443276337184,0.18760698460734104,-0.7433830038950204,4
10.333333333333343,4.666666666666671,26.0,4.522727272727274,47.81818181818182,20.030303030303028,9.653523875114784,7.113406795224979,138.04958677685946,0.4598285239727478,-1.672457627667505,1.3118546945140914,4
45.0,3.999999999999986,39.666666666666686,19.166666666666668,35.36363636363637,32.75757575757576,344.9065656565656,220.97382920110192,272.6634527089072,0.31346544178035096,-0.6559930443392166,0.5242119867307425,4
48.0,34.33333333333333,6.666666666666686,34.78030303030303,75.09848484848484,12.409090909090914,64.19668273645546,16.952421946740113,88.76698806244266,0.184487971318291,-0.5186440163194171,0.8621917636136661,4
39.0,38.66666666666667,11.666666666666686,31.272727272727277,77.9090909090909,15.310606060606057,39.78925619834711,4.941230486685035,116.4363521579431,-1.3645977368450548,1.3348284915495878,0.4458068700941167,4
