RangeX,RangeY,RangeZ,MeanX,MeanY,MeanZ,VarX,VarY,VarZ,SkewX,SkewY,SkewZ,Label
6.0,2.666666666666657,5.666666666666657,5.923809523809523,46.0,26.352380952380955,3.30213151927438,0.33650793650793664,2.3869387755102034,0.28422025073023666,0.2276798070414113,-0.13799462003984306,4
3.666666666666657,7.999999999999986,-10.666666666666657,4.466666666666666,50.171428571428564,8.904761904761902,1.4107936507936496,1.3547392290249447,4.5814058956916055,0.40951473516663206,0.21128511624540705,-0.4107353731641722,4
19.333333333333314,7.333333333333329,78.66666666666666,12.761904761904761,29.34285714285714,49.12380952380951,30.302040816326507,283.6157823129252,1291.5941950113381,0.1741774101476947,-0.06529016483678653,0.17963412322275285,4
7.0,38.999999999999986,3.9999999999999716,7.095238095238098,82.4,20.123809523809523,5.495691609977333,0.6209523809523839,11.238639455782284,-0.330569749445596,-0.16141815432922807,0.12409861830645046,4
5.0,39.999999999999986,22.99999999999997,6.971428571428571,82.93333333333332,31.923809523809513,1.1134693877551094,0.8431746031746022,51.327528344671194,-0.5212781136994069,-0.17680393355887566,0.7026007008118812,4
