RangeX,RangeY,RangeZ,MeanX,MeanY,MeanZ,VarX,VarY,VarZ,SkewX,SkewY,SkewZ,Label
6.333333333333343,2.0,7.333333333333371,2.2558139534883725,43.348837209302324,25.596899224806204,2.474610900787211,0.27366143861546666,3.8943573102578046,0.5161353905328259,0.03139407962033672,0.19856830676391996,4
11.0,7.666666666666671,-6.0,6.511627906976744,49.36434108527131,8.193798449612402,4.689141277567457,0.2057568655729821,7.954690222943319,0.059247656869174194,-0.5560823778732911,0.5963372660067876,4
48.66666666666666,8.333333333333329,37.33333333333334,26.49612403100775,26.596899224806204,20.06976744186046,175.87272399495217,246.5403521422991,347.57394387356527,0.12461325353188206,-0.0596439835468873,1.0284206822714022,4
5.0,35.000000000000014,2.0,2.798449612403101,76.34883720930232,18.66666666666668,2.3934859683913268,0.22198185205216095,6.728682170542624,-0.2647681019876355,0.7083268788898605,-0.2851348461800305,4
10.666666666666657,35.66666666666667,-3.6666666666666288,7.077519379844962,77.22480620155038,12.333333333333332,4.107685836187733,0.32413917432846445,9.736434108527149,0.3002802850437034,-0.5227029666292109,-0.1471415221623969,4
