RangeX,RangeY,RangeZ,MeanX,MeanY,MeanZ,VarX,VarY,VarZ,SkewX,SkewY,SkewZ,Label
3.666666666666657,1.6666666666666714,4.0,1.4019607843137252,43.72549019607844,29.696078431372552,0.6194732795078806,0.24490580545944,1.0742983467897054,0.7051668230531839,0.5045669423389352,-0.023519707950545435,4
12.0,8.0,-17.0,8.480392156862745,49.15686274509804,5.470588235294121,3.680988081507113,0.7727797001153356,5.373317954632832,0.3299729877275311,0.03305798795434836,0.6099684074581481,4
50.33333333333334,6.0,11.666666666666657,29.872549019607845,26.627450980392155,16.813725490196074,274.74519415609365,262.5801614763552,51.955497885428734,-0.16373122590389946,0.17786774693807292,1.3365763611027541,4
6.0,35.0,-1.3333333333333712,2.745098039215688,76.70588235294117,19.441176470588236,2.8958093041138033,0.3710111495578599,19.507977700884243,0.015929802866267027,0.057243517639658494,-0.3996857615943888,4
12.0,34.66666666666666,-5.666666666666686,7.833333333333335,76.76470588235294,13.264705882352942,7.799019607843131,0.40215301806997256,26.809015763168,0.09167686748493759,-0.347890072733257,0.32839160574750564,4
