RangeX,RangeY,RangeZ,MeanX,MeanY,MeanZ,VarX,VarY,VarZ,SkewX,SkewY,SkewZ,Label
7.666666666666657,2.0,8.0,5.629629629629629,46.138888888888886,27.34259259259259,4.035665294924549,0.2245370370370363,2.799296982167357,0.8489472994095113,-0.06325431610746703,-0.49876666719472,4
4.666666666666671,7.333333333333343,-7.666666666666657,3.638888888888889,50.35185185185186,8.407407407407408,1.5702160493827142,1.6724965706447144,7.796982167352555,0.9527800290731988,0.09497696795547106,0.23974407869162875,4
23.333333333333343,7.666666666666657,76.0,13.277777777777779,32.02777777777778,38.703703703703695,38.65740740740741,298.6813271604939,1183.1035665294924,0.6062020716420439,-0.35064607846033474,0.5467274805644062,4
9.0,39.0,9.333333333333343,8.407407407407407,82.19444444444443,22.98148148148148,4.94513031550068,0.780092592592596,19.92558299039779,-1.0551644036438268,0.38157176152424616,-0.5609719155204504,4
5.333333333333343,39.33333333333334,26.333333333333343,6.287037037037036,82.99074074074072,31.379629629629633,0.6614368998628294,0.817815500685872,48.93921467764065,-0.3664530135031861,-0.7051615454259912,1.203092558384784,4
