RangeX,RangeY,RangeZ,MeanX,MeanY,MeanZ,VarX,VarY,VarZ,SkewX,SkewY,SkewZ,Label
7.0,2.0,7.666666666666686,5.876190476190477,45.99999999999999,25.914285714285715,3.7783219954648537,0.3111111111111118,4.776780045351492,0.49637169983535867,0.14635452359200507,0.38621620990376104,4
3.3333333333333286,7.0,-8.999999999999972,3.933333333333334,50.152380952380966,9.685714285714287,1.4146031746031689,0.7005895691610011,5.256780045351485,0.6922477311777864,-0.025260973146526915,-0.41036031853931676,4
20.666666666666657,6.333333333333343,81.0,12.438095238095237,31.876190476190477,47.67619047619047,32.931882086167796,271.58784580498866,1397.2221315192744,0.3455916664510885,-0.36251392810060357,0.19731824727033326,4
8.0,38.66666666666666,5.333333333333343,7.2476190476190485,82.38095238095238,20.34285714285714,5.913287981859409,0.705668934240368,15.06340136054421,-0.36600301747775316,-0.129184183448562,0.023390672683182973,4
6.0,39.66666666666666,23.333333333333343,6.847619047619047,83.26666666666665,31.114285714285714,1.7418594104308447,0.836825396825402,45.66312925170071,-0.19525026241349125,-0.8522975877606692,1.1090298404579098,4
