RangeX,RangeY,RangeZ,MeanX,MeanY,MeanZ,VarX,VarY,VarZ,SkewX,SkewY,SkewZ,Label
17.0,4.0,16.0,5.072916666666666,47.395833333333336,30.958333333333336,34.19954427083331,0.9960937499999972,12.81076388888889,0.9444026030995566,1.278807303964992,0.7996570109097972,5
11.666666666666671,5.0,-1.6666666666666572,6.916666666666668,48.572916666666664,12.666666666666666,6.1250000000000036,3.973849826388891,43.8888888888889,0.5539804827663304,-0.8235492539009637,0.00351093640811977,5
9.0,4.666666666666657,87.0,3.500000000000001,33.520833333333336,55.010416666666664,7.812500000000001,291.47873263888886,1519.7950303819446,0.8673956136719192,-0.4896120017148164,0.4249680567006882,5
18.0,47.0,9.0,7.135416666666666,90.98958333333334,19.416666666666664,38.15180121527778,2.045030381944442,77.51388888888887,0.542109048035645,-0.12576724542829426,-0.37294531873126546,5
10.666666666666657,46.66666666666666,15.666666666666686,6.385416666666665,90.5625,17.593749999999996,7.132703993055554,2.732204861111108,167.82454427083326,-0.1967373319400063,-0.8158264364112623,0.626794136592388,5
