RangeX,RangeY,RangeZ,MeanX,MeanY,MeanZ,VarX,VarY,VarZ,SkewX,SkewY,SkewZ,Label
10.0,3.0,21.333333333333343,4.591397849462367,48.88172043010754,34.064516129032256,8.471037114117243,0.8354723089374497,25.838131575904736,0.2435708083411381,0.5515191188751503,-0.31147031795732194,5
11.333333333333329,8.999999999999986,15.333333333333343,5.806451612903226,52.795698924731184,13.290322580645162,11.195513932246508,2.6141750491386246,146.51427910741117,0.35916074150751665,0.7657995009650944,0.40714183798633313,5
14.666666666666657,5.999999999999986,106.33333333333334,3.559139784946238,34.47311827956989,63.22580645161291,13.300265926696733,272.31379350213894,1699.8594057116427,1.7050177460210505,-0.5822907113383732,0.059798834469065185,5
12.0,58.33333333333333,10.666666666666657,7.989247311827955,104.37634408602153,14.688172043010752,12.003468609087761,0.6003006127876076,93.07480633599262,-0.6105661281242655,0.12099039774237749,0.0013464378149467648,5
12.333333333333314,56.33333333333333,30.666666666666657,7.376344086021504,101.98924731182794,17.82795698924731,5.274135738235626,2.039310902994562,257.6191467221643,0.3584854698807719,-1.1273434381487313,0.9399608968775685,5
