RangeX,RangeY,RangeZ,MeanX,MeanY,MeanZ,VarX,VarY,VarZ,SkewX,SkewY,SkewZ,Label
7.0,2.6666666666666714,6.666666666666686,5.52,46.85333333333334,35.66666666666667,4.978488888888901,0.3473777777777778,3.1466666666666736,-0.4177414860929799,-0.7069426537391228,-0.6131011033497711,5
8.999999999999986,8.666666666666671,-14.333333333333314,8.053333333333333,52.38666666666666,7.720000000000002,1.250488888888892,1.561600000000005,24.201600000000013,0.22973411062965143,-0.029421953796054143,0.5785330660740687,5
12.0,9.333333333333329,85.33333333333334,8.013333333333332,28.506666666666664,72.13333333333334,15.09760000000001,263.28995555555554,1760.9155555555556,-0.33923107377506745,0.3299016777327006,-0.21329537382146901,5
10.999999999999986,42.66666666666667,-18.0,9.773333333333333,87.18666666666668,6.440000000000001,2.7530666666666663,0.3207111111111094,10.450844444444417,0.04492401891240708,0.11730276898053212,0.11733363938912965,5
11.333333333333314,41.66666666666667,3.6666666666666856,10.506666666666666,86.12,18.733333333333334,0.9077333333333332,0.4789333333333324,128.34666666666664,0.3543701691110398,-0.27063109472269903,-0.422234537940805,5
