RangeX,RangeY,RangeZ,MeanX,MeanY,MeanZ,VarX,VarY,VarZ,SkewX,SkewY,SkewZ,Label
10.0,2.6666666666666714,8.0,5.363636363636363,46.04040404040404,27.02020202020202,7.28864401591674,0.463013978165494,3.9726558514437253,0.9999962897895143,-0.570197837066045,0.2377691167707217,5
5.333333333333329,8.666666666666671,-13.0,3.2828282828282833,51.858585858585855,5.86868686868687,1.2870115294357718,0.6466687072747616,6.861544740332626,1.352011056178642,-0.8828049531893967,-0.07958966287600228,5
8.333333333333314,8.333333333333329,94.99999999999999,6.111111111111108,32.676767676767675,47.707070707070706,2.933782267115595,294.71033568003264,2023.0421385572897,-0.5368273599386496,-0.14376082668855109,0.489292078693678,5
9.666666666666657,39.33333333333333,10.999999999999972,8.262626262626261,82.2020202020202,24.31313131313132,3.6414651566166705,0.5787164575043389,34.88174676053463,-0.9927325865958665,0.12274168776541272,-0.3908524471908054,5
7.0,40.33333333333333,25.99999999999997,6.353535353535354,82.8989898989899,30.696969696969695,0.807672686460565,1.3298642995612644,84.10345883073157,0.696380636187173,-0.44203987611418716,0.572015005133253,5
