RangeX,RangeY,RangeZ,MeanX,MeanY,MeanZ,VarX,VarY,VarZ,SkewX,SkewY,SkewZ,Label
10.333333333333343,2.3333333333333286,9.0,4.91869918699187,46.203252032520325,26.178861788617883,6.735937603278469,0.29744199881023153,5.263401414501944,1.039087706284897,0.17224680082677865,0.24172255920053445,5
6.666666666666671,8.666666666666657,-6.333333333333343,3.731707317073171,52.016260162601625,6.56910569105691,1.193601692114481,0.899464604402139,12.77096966091613,1.360434461737228,0.020569244329167277,0.1940294675392412,5
9.666666666666686,8.666666666666657,96.33333333333334,5.861788617886178,34.422764227642276,40.16260162601626,5.159759402472084,309.25758477096963,1956.770308678697,-0.6740702350575911,-0.2907212071505017,0.7839069366611866,5
9.666666666666686,38.33333333333334,12.666666666666657,8.284552845528454,82.05691056910568,24.991869918699187,3.661577103575909,0.6552977724899262,33.27093661180516,-1.1751472606658722,-0.1380307630551938,-0.19014243668761824,5
7.666666666666686,39.66666666666666,27.666666666666657,6.536585365853658,82.99186991869918,30.422764227642276,0.6389054134443837,1.1300152025910533,78.68305902571221,0.44300413841953973,-0.3568223864722937,0.8197641703969879,5
