RangeX,RangeY,RangeZ,MeanX,MeanY,MeanZ,VarX,VarY,VarZ,SkewX,SkewY,SkewZ,Label
10.0,8.333333333333343,25.333333333333314,4.153846153846155,48.299145299145295,36.61538461538463,8.819636204251575,3.0814522609394435,55.17685733070343,0.21014095271626246,0.0693199786493831,0.6627349391822215,5
14.0,12.333333333333329,2.3333333333333144,5.034188034188032,52.52991452991453,13.24786324786325,9.286580466067647,2.015486887281756,86.42574329753815,0.994539955946259,1.0233617473688563,0.27885494181143144,5
18.333333333333343,7.666666666666671,97.66666666666664,3.222222222222222,36.00000000000001,46.96581196581196,14.377967711301059,215.29344729344731,1769.206808386296,2.272896583821524,-0.8110694065988272,0.8701429354582395,5
13.666666666666657,61.000000000000014,7.0,8.99145299145299,104.23931623931625,12.905982905982906,10.031265979983935,0.5068303017020966,110.87150266637443,-1.0301622868806803,-0.8464256951773279,0.18787481001133646,5
11.333333333333343,60.000000000000014,21.66666666666663,6.341880341880341,102.11965811965811,15.153846153846153,4.658046606764559,1.7748557235736762,160.22704361165898,0.7862449862014885,-1.1441255683334828,1.5796418553226699,5
