RangeX,RangeY,RangeZ,MeanX,MeanY,MeanZ,VarX,VarY,VarZ,SkewX,SkewY,SkewZ,Label
7.666666666666657,2.3333333333333286,7.0,3.9696969696969675,45.28787878787878,36.68181818181817,4.675849403122124,0.3767217630853999,4.247245179063366,0.03671603639615388,-0.6729677898438358,-0.984295471982165,5
10.0,7.666666666666657,-14.333333333333314,6.469696969696969,50.51515151515151,12.015151515151517,2.1076675849403066,0.3810835629017452,10.11593204775022,0.7919010751756205,-0.3509501248506273,0.0058534198410285605,5
11.666666666666657,8.0,91.33333333333334,5.621212121212121,32.71212121212122,49.98484848484849,10.669651056014677,317.49793388429765,2004.0452249770426,0.31114411419356663,-0.37092631901325507,0.5162613139573909,5
11.0,40.33333333333334,-16.666666666666686,8.18181818181818,83.69696969696969,9.060606060606062,3.714416896235083,0.16069788797061407,18.865013774104657,-0.2725690280322206,0.13865896666978486,-0.2771156496221645,5
11.333333333333343,40.33333333333334,1.0,10.378787878787877,83.69696969696972,20.66666666666667,0.6090449954086312,0.19100091827364626,31.777777777777853,-0.9718635207280313,0.1950117877353406,0.6148445994149636,5
