RangeX,RangeY,RangeZ,MeanX,MeanY,MeanZ,VarX,VarY,VarZ,SkewX,SkewY,SkewZ,Label
9.333333333333314,3.666666666666657,8.333333333333314,3.6481481481481475,43.22222222222223,27.56481481481482,9.610768175582978,0.9567901234567885,3.066786694101502,0.6949158305724021,0.03224557510562438,-1.0848394606631317,5
9.999999999999986,8.999999999999986,-11.0,8.027777777777779,48.45370370370371,4.074074074074072,1.4344135802469118,1.7787208504801066,6.303155006858726,-0.4881921179016021,-0.37254476790614083,0.8813172472973613,5
15.0,8.666666666666671,88.99999999999997,8.472222222222221,35.34259259259259,38.26851851851851,8.922067901234565,272.6511488340192,1843.6902434842252,0.5229705629868427,-0.7600061627626501,0.8246625300033663,5
3.666666666666657,35.999999999999986,3.0,2.5185185185185186,76.59259259259258,14.537037037037042,1.1200274348422468,0.30932784636488186,39.04492455418387,-0.7941562867361607,0.3540783426591323,-0.08066346577966846,5
8.333333333333314,36.33333333333333,23.0,7.21296296296296,76.43518518518518,24.231481481481474,0.54415294924554,1.603823731138536,110.98036694101518,-0.016165229915936098,-0.9534591263819384,0.5077767656897888,5
