RangeX,RangeY,RangeZ,MeanX,MeanY,MeanZ,VarX,VarY,VarZ,SkewX,SkewY,SkewZ,Label
9.0,3.3333333333333286,9.666666666666686,4.148148148148149,43.70370370370371,27.7283950617284,9.3525377229081,0.6776406035665296,9.12787684804145,0.1572800512926586,-1.0277149024683134,-0.5373777376397798,5
12.333333333333329,9.333333333333329,-9.0,8.1358024691358,48.160493827160494,4.469135802469136,2.5453436976070747,3.1964639536655883,7.697607072092654,0.7611214107076552,-0.027837037727129248,1.2850514276237206,5
15.666666666666657,7.999999999999986,91.00000000000003,9.925925925925926,28.345679012345673,52.407407407407405,8.257887517146768,259.2467611644566,1746.5541838134434,-0.02566135214720086,-0.09394727905741117,0.4841663043924469,5
7.666666666666671,35.66666666666667,8.333333333333371,3.0617283950617273,76.48148148148148,15.222222222222225,3.1196463953665594,0.24965706447188027,108.12345679012346,0.42214082843110484,0.14010426644584237,0.07545049087835895,5
9.333333333333343,35.999999999999986,28.33333333333337,6.567901234567902,76.22222222222223,25.4320987654321,1.0190519737844843,1.8518518518518414,201.80094497789977,1.0278495941522328,-0.5824342277284682,0.32283782749978474,5
