RangeX,RangeY,RangeZ,MeanX,MeanY,MeanZ,VarX,VarY,VarZ,SkewX,SkewY,SkewZ,Label
19.0,8.666666666666671,21.0,11.788888888888891,41.85555555555556,22.74444444444445,29.655432098765427,3.493950617283954,24.042098765432122,0.198316875115556,-0.38717600083157533,-0.28660843532572655,5
10.0,16.33333333333333,58.00000000000003,6.433333333333334,49.15555555555555,41.12222222222222,9.223333333333338,14.612839506172854,436.53691358024696,0.3238967901918754,-0.6945633608463814,-0.3608686833502398,5
30.66666666666667,19.66666666666667,109.66666666666667,17.855555555555554,35.82222222222222,63.144444444444424,118.1161728395062,292.6350617283951,2373.738395061728,0.027247803740717343,-0.20118168215565266,-0.11689815180423162,5
8.666666666666671,59.66666666666667,7.666666666666657,3.4333333333333327,95.01111111111112,8.488888888888889,7.490000000000006,1.0332098765432087,29.73135802469134,1.2123795951235607,-0.0739379592386273,0.4918217137036715,5
10.0,60.66666666666667,49.33333333333334,6.677777777777779,94.75555555555553,35.111111111111114,14.603580246913593,3.592098765432098,232.6987654320988,-0.2833240728092651,-0.08059858747795118,0.2739098406190635,5
