RangeX,RangeY,RangeZ,MeanX,MeanY,MeanZ,VarX,VarY,VarZ,SkewX,SkewY,SkewZ,Label
11.0,3.333333333333343,8.333333333333371,4.231884057971017,43.15942028985507,28.811594202898554,12.902751522789334,0.7040537702163434,4.481411468178972,0.5433423572569767,-0.5632122519827995,-0.9617293837337396,5
8.666666666666671,9.666666666666671,-10.666666666666629,6.666666666666666,48.89855072463769,6.217391304347829,1.3236714975845383,2.361688720856961,12.13148498214661,-0.057099437982703886,-0.4862750358244454,0.169793513092584,5
11.333333333333343,8.333333333333329,91.33333333333334,7.8695652173913055,25.681159420289852,56.68115942028985,8.46124763705104,225.00945179584104,1529.2509976895615,-1.0440533683956446,0.349921407516708,0.5006494143702227,5
6.333333333333343,35.66666666666667,5.333333333333371,4.144927536231885,76.40579710144927,14.217391304347828,2.742281033396348,0.21214030665826494,101.62906952320945,-0.6766880855285755,0.19982365337795555,-0.09014126120049741,5
7.666666666666657,36.66666666666667,21.666666666666686,5.173913043478263,76.21739130434781,21.17391304347826,2.356227683259819,1.918924595673166,191.05187985717285,0.045999043272672915,-0.5927916560138641,0.36830675372503713,5
