RangeX,RangeY,RangeZ,MeanX,MeanY,MeanZ,VarX,VarY,VarZ,SkewX,SkewY,SkewZ,Label
7.0,1.6666666666666714,5.0,3.1666666666666687,45.3,37.533333333333324,3.5500000000000043,0.3211111111111126,1.8377777777777866,0.7018457497761544,-0.21005495623854467,-0.2629513905118176,5
10.666666666666657,7.333333333333329,-16.666666666666686,6.833333333333331,50.61666666666667,10.416666666666668,2.6388888888888884,0.30305555555555397,9.531944444444406,0.7451842767776418,-0.35947340618541423,0.35993205375393705,5
13.0,6.000000000000014,88.66666666666666,6.7666666666666675,30.6,54.19999999999999,12.456666666666681,299.0288888888889,2158.8599999999997,0.6031574864496,-0.14565175841845865,0.2699050699230939,5
10.666666666666657,40.66666666666667,-17.333333333333314,8.583333333333332,83.69999999999999,10.583333333333337,2.1208333333333402,0.22111111111110965,19.454166666666694,-0.4894813239063621,0.9981332343887298,-0.3690565572793064,5
11.333333333333314,40.33333333333333,-5.333333333333314,10.666666666666666,84.06666666666666,17.633333333333333,0.3666666666666648,0.16222222222222352,22.51000000000003,-0.6005256900689298,-0.7278396992913269,1.1375844439212484,5
