RangeX,RangeY,RangeZ,MeanX,MeanY,MeanZ,VarX,VarY,VarZ,SkewX,SkewY,SkewZ,Label
10.333333333333343,4.666666666666657,26.00000000000003,2.9809523809523837,49.48571428571428,33.27619047619047,7.9996371882086255,2.192653061224488,41.57768707482994,0.7960163313813963,0.7963669903280716,-0.31666856804116156,5
15.666666666666671,8.999999999999986,28.33333333333337,5.961904761904762,52.8,22.276190476190475,15.884263038548754,2.947301587301586,93.73641723356013,0.866453617631414,-0.15524673890828833,-0.545291777761329,5
15.666666666666657,9.999999999999986,110.0,4.028571428571429,37.45714285714286,51.17142857142857,11.469024943310643,265.40371882086157,2424.0912471655333,1.878015804004624,-0.6131278478746001,0.4134990738333159,5
11.0,58.66666666666667,9.666666666666686,6.514285714285714,104.62857142857145,9.209523809523809,10.421224489795927,0.33505668934240446,78.17832199546481,-0.6010642793320782,0.6014832319626492,0.8575288504091999,5
11.333333333333343,55.66666666666667,33.33333333333337,8.285714285714286,101.64761904761905,23.847619047619045,2.642176870748302,1.707573696145122,188.5672562358278,0.02311049787801624,-1.4169296087670087,0.5260116523246936,5
