RangeX,RangeY,RangeZ,MeanX,MeanY,MeanZ,VarX,VarY,VarZ,SkewX,SkewY,SkewZ,Label
21.333333333333343,5.0,14.333333333333343,9.74074074074074,42.46296296296296,21.925925925925924,48.89574759945131,0.9831961591220847,17.809327846364894,0.472515002906703,-1.18379234682681,-1.1022255393842324,5
9.666666666666671,14.666666666666657,40.00000000000003,5.6203703703703685,50.50925925925927,31.990740740740744,7.365140603566527,1.577074759945126,162.82398834019207,-0.1195469175788493,-0.08276710194591899,-0.10077284285991818,5
29.0,17.333333333333343,109.00000000000001,13.314814814814817,39.111111111111114,50.083333333333336,87.16015089163237,296.6543209876543,2371.4652777777783,0.48675870877024024,-0.5516486040602004,0.36620141147301893,5
19.666666666666657,58.33333333333334,34.666666666666686,8.814814814814817,92.41666666666666,18.361111111111118,44.4101508916324,20.27391975308643,313.2183641975309,0.45180634507271067,-1.0737248449668404,0.505171627563839,5
11.333333333333343,60.33333333333334,49.00000000000003,5.87962962962963,95.89814814814814,27.53703703703704,9.476251714677653,5.276663237311402,384.2856652949246,0.05300260966910426,-0.35265107380719196,0.31171434860744845,5
