RangeX,RangeY,RangeZ,MeanX,MeanY,MeanZ,VarX,VarY,VarZ,SkewX,SkewY,SkewZ,Label
7.333333333333314,1.3333333333333428,6.0,3.466666666666666,47.14444444444444,35.81111111111111,5.174814814814821,0.10876543209876507,2.190246913580253,0.475235632366058,-0.3310193527411864,-0.016841170720216576,5
9.666666666666657,9.333333333333329,-12.0,8.455555555555556,53.54444444444445,11.03333333333333,0.8406172839506173,2.09987654320987,27.728518518518502,0.3265463200266113,-0.3861858888116133,-0.2640991768254627,5
11.333333333333314,8.333333333333329,85.00000000000001,8.466666666666667,36.17777777777778,46.04444444444445,7.945185185185193,399.4054320987654,2056.3239506172836,-1.2169773011967888,-0.5222642851024736,0.7065565016670283,5
11.999999999999986,41.33333333333333,-12.0,10.31111111111111,86.84444444444445,11.611111111111112,2.8587654320987617,0.4276543209876513,32.393209876543175,-0.9020298146381116,-0.7120394704267669,-0.3376922224370857,5
12.0,41.33333333333333,0.0,11.122222222222225,86.33333333333331,15.655555555555555,0.5517283950617284,0.4962962962962949,78.75172839506175,-0.013080942091046124,-0.4025392945405551,0.7260843109841698,5
