RangeX,RangeY,RangeZ,MeanX,MeanY,MeanZ,VarX,VarY,VarZ,SkewX,SkewY,SkewZ,Label
7.0,2.333333333333343,7.666666666666686,3.974358974358975,44.75641025641026,35.30769230769231,3.1788297172912556,0.3893819855358307,3.922419460881012,1.7014900067705283,-0.6748024662067003,0.1672022560110812,5
8.333333333333329,8.333333333333329,-10.666666666666686,6.346153846153846,50.15384615384616,11.320512820512825,2.2348783694937526,0.7028270874424748,11.440006574621956,1.2128635034609765,-0.7743002147727971,0.8697105437324375,5
13.666666666666657,7.000000000000014,88.66666666666666,7.089743589743589,34.28205128205128,47.166666666666664,11.662886259040095,282.6383957922421,2002.6602564102568,0.9243802276841818,-0.5526061273583708,0.5242984445043334,5
7.666666666666657,41.33333333333333,-19.0,8.474358974358974,83.52564102564102,9.102564102564099,1.745069033530576,0.18951347797501444,11.271531886916513,-1.3120367821590846,0.712317163327492,-0.9963976733957458,5
10.0,41.33333333333333,1.6666666666666856,10.24358974358975,84.0,18.307692307692307,0.5603221564760028,0.29914529914529725,23.597633136094707,0.19497582191566895,-0.313431120113173,1.3772189570780342,5
