RangeX,RangeY,RangeZ,MeanX,MeanY,MeanZ,VarX,VarY,VarZ,SkewX,SkewY,SkewZ,Label
24.000000000000014,6.666666666666657,20.333333333333314,9.666666666666663,42.47474747474747,23.17171717171717,73.11111111111111,1.7173757779818384,20.196102438526676,0.6711419724188445,0.21159715704429918,-0.27080432375694646,5
19.333333333333343,14.666666666666671,23.0,8.747474747474747,50.76767676767676,22.24242424242425,23.34027140087746,4.3332313029282705,128.66850321395785,0.5915199571901892,-0.4609776731320396,-0.283463662229926,5
20.333333333333343,16.66666666666667,108.99999999999999,9.272727272727273,36.070707070707066,58.8989898989899,49.63269054178145,282.7862463013979,2267.30966227936,0.3934335455440149,-0.35039724616710416,0.14186104022230359,5
18.0,58.66666666666667,4.333333333333314,6.262626262626261,94.57575757575758,6.353535353535354,20.8805223956739,5.059075604530146,18.875012753800643,1.1551026131538487,-0.667831292599426,0.5742122716939304,5
12.0,59.999999999999986,41.66666666666663,8.808080808080806,95.62626262626262,21.191919191919197,4.033874094480148,9.338434853586365,301.0574431180492,-0.2611709197283926,-0.7403807935983052,0.14928956407758837,5
