RangeX,RangeY,RangeZ,MeanX,MeanY,MeanZ,VarX,VarY,VarZ,SkewX,SkewY,SkewZ,Label
9.666666666666657,3.0,14.666666666666657,3.5819209039548006,42.519774011299425,24.943502824858758,10.378882185834213,0.3513039037313669,13.83861597880556,0.6969574949201343,0.39091355548707246,-0.03971926332670849,5
7.666666666666671,10.666666666666671,3.666666666666657,4.847457627118643,49.13559322033899,11.994350282485877,2.061476587187589,1.510804685754415,17.305052826454716,-0.36151061078291413,0.23359682680322846,0.14763450098662304,5
13.666666666666657,9.666666666666671,96.33333333333333,5.887005649717515,24.01129943502825,62.344632768361585,10.759360337067895,253.7475182738038,1763.6721887069489,0.46705929994329104,0.5018880596812506,-0.038041354647166396,5
7.666666666666671,45.000000000000014,23.333333333333314,3.440677966101695,84.954802259887,18.999999999999996,2.7624884292508547,0.7060550927255839,137.9284369114878,0.6280764502541896,-0.5579832793497,-0.06386080020085828,5
3.666666666666657,45.66666666666667,32.0,1.2146892655367245,84.54237288135593,25.26553672316384,0.9934565418621698,1.6229691340291763,174.2176258418717,0.5584860400290329,-0.436259207020269,0.3402779780636968,5
