RangeX,RangeY,RangeZ,MeanX,MeanY,MeanZ,VarX,VarY,VarZ,SkewX,SkewY,SkewZ,Label
18.333333333333343,9.333333333333329,65.33333333333334,7.511627906976744,49.3875968992248,48.100775193798455,28.87001983053905,7.374316447328887,273.9614205877052,0.6054351273155482,0.30164297637797716,-0.7242662815675748,5
16.0,6.333333333333343,58.666666666666686,4.821705426356589,43.3875968992248,27.565891472868227,15.882939727179854,42.26837329487412,240.55573583318318,1.3093321336906023,-1.5974790664089167,1.2423600838985336,5
32.0,3.333333333333343,105.00000000000001,7.953488372093026,30.728682170542633,59.48837209302326,85.06243615167357,238.1305210023436,911.6710534222705,1.4477513021645707,-0.5272617363476904,0.7211138759503837,5
43.33333333333334,35.66666666666666,82.33333333333334,29.124031007751935,75.82945736434111,32.883720930232556,24.020792019710367,16.53422270296256,634.3973318911123,1.3422836125497666,-1.097424886157084,0.8430005231432572,5
42.0,48.33333333333334,77.66666666666669,31.077519379844958,82.65891472868216,34.2015503875969,27.182621236704527,24.090379183943266,571.2255273120608,0.28189129788569817,0.6520791003501207,0.955915775770698,5
