RangeX,RangeY,RangeZ,MeanX,MeanY,MeanZ,VarX,VarY,VarZ,SkewX,SkewY,SkewZ,Label
14.333333333333329,24.66666666666667,50.66666666666666,10.977777777777778,45.69629629629629,30.11111111111111,19.132839506172846,33.470727023319625,264.65679012345674,0.36866562024832533,-1.3363602706295339,-0.15531648077311097,5
14.999999999999986,20.66666666666667,65.33333333333331,7.4074074074074066,32.81481481481481,28.348148148148148,20.88834019204389,279.2669410150892,392.6417558299038,0.3876752342594609,-0.9505786103625198,0.5208949639659438,5
29.33333333333333,16.66666666666667,100.33333333333331,12.437037037037038,29.28148148148149,54.548148148148144,105.45591220850487,141.5405212620027,518.010644718793,0.5677129524222181,-0.32726307973758395,0.543629443917277,5
33.66666666666667,52.66666666666667,101.66666666666666,26.770370370370372,72.2,49.762962962962966,21.771961591220848,46.68839506172837,991.2425788751715,-0.023747417965527838,-0.5426668971223526,0.2997825670853241,5
31.0,68.00000000000001,94.0,24.844444444444445,84.0148148148148,40.51111111111111,39.50419753086422,45.29360768175583,760.1214814814815,-0.5266889194923264,0.6229239603402054,0.37581918780787005,5
