RangeX,RangeY,RangeZ,MeanX,MeanY,MeanZ,VarX,VarY,VarZ,SkewX,SkewY,SkewZ,Label
11.0,4.0,8.0,5.813725490196078,45.98039215686274,27.441176470588232,11.125432525951553,0.8623606305267202,4.024317570165323,1.1214276221546535,-0.43722441713543997,-0.28381503049236045,5
3.6666666666666714,9.999999999999986,-13.000000000000028,3.5196078431372557,50.81372549019608,6.44117647058824,0.7790272971933905,2.465301806997305,5.782487504805841,0.10048307744418773,0.35392087390705335,-0.14975142573912062,5
7.666666666666657,9.999999999999986,94.99999999999999,5.6764705882352935,31.107843137254903,46.8235294117647,4.2907535563244785,291.5014417531719,2070.1322568242986,-0.6464979856127889,-0.07479312397811276,0.4930374246993602,5
9.0,39.66666666666667,9.333333333333343,7.950980392156864,82.09803921568627,23.245098039215684,7.255767012687424,0.4871203383314105,40.766724336793516,-1.2355102848778796,-0.21911894449082367,-0.9118346063708288,5
6.0,41.33333333333333,32.33333333333334,6.225490196078431,82.87254901960785,31.852941176470587,0.7955594002306813,2.5033640907343284,111.47183775470972,0.17259983216875055,-1.0650097861601633,1.1494439961330367,5
