RangeX,RangeY,RangeZ,MeanX,MeanY,MeanZ,VarX,VarY,VarZ,SkewX,SkewY,SkewZ,Label
20.0,2.666666666666657,16.666666666666686,4.9844961240310095,46.93798449612404,32.94573643410853,37.68968211045009,0.4871101496304285,12.506099393065309,1.3672992194102125,0.2013975826503726,0.8878190076802268,5
7.666666666666671,5.999999999999986,12.0,4.395348837209301,47.57364341085271,17.984496124031008,3.3294874106123427,21.825971996875197,89.47262784688418,-0.31608123148729134,-1.1357073106911233,0.6654543597719332,5
9.0,4.999999999999986,85.33333333333334,3.9069767441860486,36.97674418604651,40.5968992248062,4.3996154077279,288.5343428880476,1604.3543056306712,0.5850636284019305,-0.8290459570502405,0.8532695275675303,5
10.666666666666671,46.999999999999986,-3.9999999999999716,4.596899224806201,90.6046511627907,14.06201550387597,11.827173847725502,1.7429241031187976,33.97548224265369,0.26498515856472415,0.30198699453814964,-0.5405439331841142,5
8.333333333333343,47.33333333333333,18.333333333333343,5.798449612403101,91.28682170542633,12.449612403100774,2.093744366324141,2.540472327384175,230.2888047593293,-0.8201264330736966,-0.7917909991217119,1.142444462044715,5
