RangeX,RangeY,RangeZ,MeanX,MeanY,MeanZ,VarX,VarY,VarZ,SkewX,SkewY,SkewZ,Label
12.333333333333314,3.3333333333333286,26.333333333333343,5.245098039215686,48.774509803921575,27.107843137254896,14.995482506728166,0.7824875048058441,40.07006920415221,0.37952941495102094,-0.1141772699146706,0.6321932491806359,6
9.666666666666657,7.666666666666657,24.333333333333343,5.666666666666667,52.1078431372549,26.794117647058826,4.758169934640518,1.945886197616296,115.8628412149173,0.4326187951853974,-0.18222717355392729,-0.5691603465933949,6
14.333333333333314,715826563.6666666,113.33333333333337,4.1078431372549,42107483.676470585,52.2156862745098,16.717128027681664,2.8368591295312316e+16,1736.1234140715108,1.2062125342480945,3.7499999999999507,0.43955795131058134,6
18.333333333333314,60.0,17.0,7.03921568627451,104.70588235294117,15.127450980392158,16.737024221453275,1.2860438292964163,69.35303729334873,0.17366697718823554,-0.32935263052508845,0.25408490273877987,6
9.333333333333314,58.66666666666666,26.0,6.264705882352942,102.30392156862744,20.41176470588235,2.619473279507876,3.68867743175701,187.99384851980005,0.09773515235611945,0.1534254873184996,0.0917646612421119,6
