RangeX,RangeY,RangeZ,MeanX,MeanY,MeanZ,VarX,VarY,VarZ,SkewX,SkewY,SkewZ,Label
12.333333333333343,2.3333333333333286,11.333333333333371,4.533333333333335,45.16,33.18666666666666,10.062222222222225,0.46328888888888925,7.894044444444476,0.9271982347928021,-0.26718045380801336,-0.7072528756556078,6
7.0,8.0,11.0,4.5200000000000005,50.46666666666667,16.12,3.1651555555555597,0.7999999999999975,80.22115555555551,-0.7416019445534365,0.004969039950002788,0.6985725316602104,6
18.666666666666657,7.333333333333343,79.00000000000003,6.759999999999998,34.36000000000001,50.17333333333333,30.06684444444445,243.5104000000001,1415.6988444444446,0.926001475130126,-0.4843596609055148,0.24900199635606463,6
11.666666666666657,40.66666666666666,-3.6666666666666288,9.333333333333334,83.64,10.28,2.773333333333332,0.3281777777777765,39.819377777777774,-0.8622285204889298,0.26583090053670544,0.010014849230461914,6
11.333333333333343,40.33333333333334,10.0,9.413333333333336,83.85333333333334,18.093333333333334,0.5713777777777806,0.10737777777777914,66.02239999999995,0.13408809200711674,-0.04122835569269734,1.0954848545643654,6
