RangeX,RangeY,RangeZ,MeanX,MeanY,MeanZ,VarX,VarY,VarZ,SkewX,SkewY,SkewZ,Label
25.0,9.666666666666671,61.0,10.552380952380954,49.4952380952381,33.48571428571429,43.021859410430835,5.583310657596376,324.2815419501134,0.3011515392859869,0.324872021665815,-0.19105359773547453,6
18.333333333333314,2.6666666666666714,52.66666666666666,6.419047619047618,30.838095238095235,28.780952380952385,23.88154195011337,244.73886621315188,103.58058956916096,1.056633269481291,-0.4054140956459933,0.20639945212905675,6
35.0,1.6666666666666714,112.33333333333331,10.476190476190474,32.009523809523806,61.676190476190456,78.0907029478458,133.09514739229024,866.1618140589568,1.1913783199719554,-0.39882858140713695,0.3207672578143821,6
42.0,34.33333333333333,76.33333333333331,32.53333333333334,73.90476190476191,41.46666666666666,20.947301587301606,14.397278911564639,747.3346031746032,0.7705188179567457,-0.029015877590326682,-0.07986375249916651,6
39.66666666666666,47.000000000000014,73.66666666666666,26.07619047619048,84.2,35.47619047619048,86.77514739229022,32.4711111111111,370.744671201814,-0.2663323899880516,0.131722556994876,0.583394627169143,6
