RangeX,RangeY,RangeZ,MeanX,MeanY,MeanZ,VarX,VarY,VarZ,SkewX,SkewY,SkewZ,Label
10.0,2.0,27.99999999999997,3.9272727272727277,42.11515151515152,18.545454545454547,8.28561983471074,0.19886134067952285,53.839853076216706,0.43750272620125785,-0.5564844763791498,0.17358803401131095,6
9.0,12.333333333333343,31.333333333333314,5.3515151515151524,48.727272727272734,21.466666666666665,2.9188613406795243,5.798347107438019,80.06707070707073,0.23017941646380893,0.10495405292655971,-0.634051300808906,6
28.333333333333343,10.666666666666657,102.99999999999999,8.612121212121213,36.63636363636364,45.23636363636364,41.76874196510561,131.4960514233241,1283.8936271809002,1.291588438268361,-0.6199859614541364,0.2776700733225183,6
8.0,45.66666666666666,38.333333333333314,3.4727272727272736,85.21212121212122,19.72121212121212,3.202791551882461,0.5550045913682243,174.88389348025723,0.4072064456464665,0.14714412784898362,0.08645113232491464,6
6.0,45.0,49.66666666666663,1.7878787878787892,84.31515151515151,31.13939393939394,2.328741965105599,1.1491643709825534,273.7724885215795,1.0827274942145997,-0.7083937865164407,-0.33739429185991665,6
