RangeX,RangeY,RangeZ,MeanX,MeanY,MeanZ,VarX,VarY,VarZ,SkewX,SkewY,SkewZ,Label
16.000000000000014,3.333333333333343,12.333333333333343,6.393939393939391,47.03030303030304,34.54545454545454,24.622589531680457,0.45362718089990905,9.904499540863172,0.9211523235727758,-0.14608779719599205,-1.4001016389256902,6
20.000000000000014,9.666666666666671,9.0,9.393939393939394,52.95959595959596,18.565656565656564,19.141108050198962,2.62463013978165,47.17498214467911,0.7381983053866695,-0.08617440107823514,-0.19680647027676748,6
19.0,9.000000000000014,88.66666666666667,8.797979797979796,39.03030303030303,42.62626262626263,18.49117436996225,312.3458830731558,1289.971431486583,0.8634121501103373,-0.8523979912613473,1.0055053700491645,6
13.666666666666671,42.66666666666667,4.333333333333343,9.333333333333334,86.83838383838385,12.282828282828284,9.292929292929292,0.6674829099071515,58.505866748291,-0.623984648249399,-0.8394619425805414,0.5569294295603666,6
12.333333333333343,42.33333333333333,17.666666666666686,9.464646464646465,85.97979797979797,18.7979797979798,8.080399959187831,0.7942046729925485,181.6022854810734,-0.7413977684849173,-0.591637111470467,0.5641634698479254,6
