RangeX,RangeY,RangeZ,MeanX,MeanY,MeanZ,VarX,VarY,VarZ,SkewX,SkewY,SkewZ,Label
15.333333333333343,7.333333333333329,27.66666666666663,7.162962962962961,42.34814814814815,18.140740740740743,18.842578875171473,3.1306447187928637,39.20735253772284,0.35406760371375845,-1.028658131186098,-0.7046469887828716,6
36.66666666666667,15.666666666666671,65.66666666666666,11.755555555555556,44.748148148148154,34.918518518518525,112.60938271604937,65.5662002743484,126.82545953360773,1.241077026185404,-0.7451539950111835,0.8329873498425292,6
30.333333333333343,715826578.6666667,87.99999999999999,13.785185185185188,143165355.98518518,35.68888888888889,120.32669410150892,8.19852294365279e+16,1275.37975308642,0.06688769860841816,1.499999999999985,0.5922995464343244,6
23.333333333333343,64.66666666666667,19.333333333333314,7.99259259259259,95.40740740740742,9.355555555555558,54.36784636488342,7.431550068587103,32.07111111111113,1.0177081533538257,0.30132291907537856,0.5409259496278401,6
44.33333333333334,61.999999999999986,81.66666666666663,12.511111111111111,93.89629629629628,33.392592592592585,113.33135802469134,39.959615912208484,790.9396982167355,1.9715819196599484,-1.9598051314000717,0.5576257237636651,6
