RangeX,RangeY,RangeZ,MeanX,MeanY,MeanZ,VarX,VarY,VarZ,SkewX,SkewY,SkewZ,Label
10.0,10.0,34.33333333333334,2.6036036036036037,47.76576576576577,39.6036036036036,5.836863890917945,4.299488677867057,67.0741011281552,1.086380536682124,0.18650898010397388,-1.2918556663913923,6
8.0,11.666666666666671,28.666666666666657,4.090090090090089,52.747747747747745,22.12612612612613,4.646538430322218,1.8342666991315648,114.27838649460269,0.4529993579413155,-0.24146577419272838,-0.20695488774944165,6
16.333333333333343,17.66666666666667,107.0,5.720720720720722,34.45945945945945,50.90990990990991,22.1592403214025,298.5786867949031,1626.2141059978899,0.6743299420275876,-0.22150453140418264,0.7235802037178317,6
16.0,63.66666666666667,9.666666666666657,9.18918918918919,105.06306306306305,11.153153153153152,15.258501744988234,1.3623894164434696,52.35792549306058,-0.09810221401583619,-0.4108887740084613,0.16767511842767757,6
10.333333333333343,62.66666666666667,18.666666666666686,6.711711711711712,102.98198198198199,13.198198198198195,4.79376673971269,1.4771528285041788,86.70546221897571,-0.15795923013959087,0.0467084816658994,0.6077872403103892,6
