RangeX,RangeY,RangeZ,MeanX,MeanY,MeanZ,VarX,VarY,VarZ,SkewX,SkewY,SkewZ,Label
12.666666666666657,4.0,27.0,3.7235772357723573,47.15447154471545,24.03252032520325,14.752858748099658,0.7701764822526276,56.35124595148389,0.9168544383445129,0.8952092534701017,-0.5760648596007234,6
8.333333333333329,5.333333333333329,34.33333333333334,5.593495934959349,48.6829268292683,18.032520325203254,3.319849296053937,1.4414700244563436,133.43525679159225,-0.08330801265073771,-0.4216688649697809,0.19897463574421276,6
27.333333333333343,5.333333333333329,100.66666666666666,10.504065040650408,36.81300813008131,39.707317073170735,51.377354749157234,285.26313702161406,970.0227377883534,0.8306112221628174,-0.9875697460239538,0.6414046569911165,6
11.0,52.000000000000014,25.0,4.260162601626017,92.78048780487806,14.065040650406504,12.257518672747706,7.103575913807928,75.96324938859148,0.43535275038075905,0.5990471783302896,0.6947523805012228,6
9.0,48.66666666666667,31.666666666666686,4.67479674796748,91.48780487804878,11.902439024390246,4.463348535924383,0.6129949104369096,115.18289378015734,0.22824016888293716,0.6332743101327131,1.1707404968503334,6
