RangeX,RangeY,RangeZ,MeanX,MeanY,MeanZ,VarX,VarY,VarZ,SkewX,SkewY,SkewZ,Label
11.0,2.6666666666666714,13.333333333333371,4.956521739130432,44.507246376811594,30.02898550724637,9.316950220541917,0.3369040117622348,15.535391724427654,0.8012087916047981,-0.629326052932556,-0.9777367300650425,6
7.000000000000014,7.333333333333343,19.666666666666686,4.7101449275362315,48.71014492753623,20.942028985507246,2.273471959672337,1.2589792060491518,83.40726738080241,0.04735052026290785,-0.1539237169664149,0.9917651076499941,6
18.333333333333343,9.0,90.66666666666669,6.753623188405795,36.463768115942024,48.49275362318841,24.79437093047679,238.62549884478054,1315.6895610165927,1.1106003829949502,-0.8275143840603677,0.42052101411141485,6
9.0,41.66666666666666,-6.333333333333314,7.405797101449274,83.78260869565216,6.5942028985507255,2.820835958832185,0.1411468178953993,11.130014702793536,-0.6886390237046629,0.5631383419377073,0.6027996312008412,6
10.666666666666686,41.33333333333334,13.666666666666686,10.478260869565217,83.69565217391306,17.028985507246375,0.36546943919344715,0.1440873766015555,73.00399075824406,-0.5288976211902422,0.18266376425575628,0.8625110614962856,6
