RangeX,RangeY,RangeZ,MeanX,MeanY,MeanZ,VarX,VarY,VarZ,SkewX,SkewY,SkewZ,Label
14.666666666666657,4.0,10.0,5.191666666666668,45.825,22.166666666666668,17.31604166666666,0.6499305555555569,9.099999999999998,0.9884498365653668,-0.6798285656263787,-0.6375949819252819,6
4.666666666666671,9.333333333333329,8.0,2.7416666666666663,50.75,11.01666666666667,1.1971527777777804,0.8541666666666657,28.24972222222222,-0.7340090191665746,-0.04838227307971597,0.8502719515408804,6
24.333333333333343,10.333333333333336,46.333333333333314,12.791666666666666,33.083333333333336,20.883333333333333,27.931597222222234,356.63194444444446,376.5474999999999,0.3392643909276662,-0.3580822483040964,0.723834960647097,6
11.0,40.33333333333333,22.666666666666657,8.158333333333333,82.14166666666667,26.35,7.188819444444438,0.36048611111111306,57.00527777777779,-1.2550143570181829,-0.2632429942816517,-0.5220813150442213,6
8.666666666666657,41.33333333333333,34.66666666666666,6.491666666666669,82.96666666666667,28.133333333333333,0.7554861111111089,1.126666666666669,118.54333333333336,0.05802206275651097,-0.6289104866067281,0.6254372494461528,6
