RangeX,RangeY,RangeZ,MeanX,MeanY,MeanZ,VarX,VarY,VarZ,SkewX,SkewY,SkewZ,Label
10.333333333333314,4.333333333333343,26.0,4.424242424242422,49.272727272727266,28.8989898989899,9.732476277930811,0.9996939087848183,41.14131211100907,0.620612986892962,0.14838322998395728,0.49867995587562336,6
10.333333333333329,8.333333333333329,24.333333333333343,4.111111111111112,53.00000000000001,26.333333333333336,6.145903479236814,2.397306397306397,172.5656565656566,0.8761689431216939,-0.235847665698175,-0.6038961802324495,6
10.0,715826564.0,111.66666666666669,4.101010101010104,21691750.414141413,55.30303030303031,8.178349148046106,1.5056975160728608e+16,1913.3290480563205,0.7357815707587121,5.480077554195571,0.3644523826803935,6
20.0,60.000000000000014,9.333333333333343,9.42424242424242,105.04040404040406,12.818181818181818,17.328435873890434,0.8064483215998383,38.04101622283437,0.9390127042867021,-0.026585998161032576,0.29160722094249875,6
9.0,58.000000000000014,28.333333333333343,5.676767676767676,102.83838383838383,15.909090909090912,6.070605040302003,2.862769105193344,174.12978267523718,-0.7559888420519787,-0.7520166174775327,0.9290508398894134,6
