RangeX,RangeY,RangeZ,MeanX,MeanY,MeanZ,VarX,VarY,VarZ,SkewX,SkewY,SkewZ,Label
8.333333333333343,2.666666666666657,15.666666666666629,4.9444444444444455,43.11111111111111,24.12962962962962,5.13888888888889,0.4567901234567905,21.390603566529435,0.8757811814731069,-0.17772863492469607,-0.24088421118670614,6
7.666666666666671,8.333333333333329,-0.6666666666666856,8.11111111111111,48.56481481481482,7.907407407407409,1.3024691358024691,1.4186385459533597,16.79389574759941,-0.6044531018006789,-0.2719450355729414,-0.2519304109684202,6
20.666666666666657,10.0,96.33333333333331,10.574074074074073,32.23148148148148,51.48148148148149,34.63340192043894,247.12851508916324,1594.4533607681758,0.5200402514524612,-0.30453592066494,0.09417693746463227,6
2.6666666666666714,36.66666666666667,9.666666666666629,2.8240740740740735,77.02777777777779,12.953703703703702,1.823988340192046,0.29243827160493974,33.02563443072699,-0.6924454706328765,0.13851349284168657,0.5152587253946356,6
8.0,35.999999999999986,33.66666666666663,7.12037037037037,76.53703703703702,27.69444444444445,2.5503257887517186,0.6498628257887483,108.92824074074069,0.22990512323791537,-0.22433587830614488,0.8254360846375585,6
