RangeX,RangeY,RangeZ,MeanX,MeanY,MeanZ,VarX,VarY,VarZ,SkewX,SkewY,SkewZ,Label
15.666666666666686,8.0,21.99999999999997,7.798245614035089,42.57017543859649,19.21052631578948,31.237072945521707,4.987765466297325,36.19544475223148,0.5343217606090658,-0.7831612346128496,-1.2979683498403078,6
21.000000000000014,16.0,46.333333333333314,9.12280701754386,50.859649122807014,22.499999999999993,23.72176054170515,2.184979993844262,217.42543859649106,0.5040567491130225,-0.6353097882577377,0.10880590002718867,6
25.000000000000014,1431653244.3333333,98.66666666666666,11.543859649122803,244888087.23684222,42.526315789473685,75.67497691597416,1.962337078427299e+17,1667.904278239458,0.27841672318327076,1.6148478989516257,0.3555620925500606,6
20.333333333333343,62.66666666666666,16.666666666666657,8.157894736842104,96.10526315789475,5.824561403508772,40.138811942136044,3.667282240689444,19.255771006463522,0.8390892695803783,0.08141062071844488,1.0733352171758495,6
11.666666666666686,61.0,79.99999999999997,5.885964912280701,96.5,31.043859649122805,9.814481378885818,2.630116959064325,734.8138658048631,0.8150371523420544,-0.9699910818682435,0.7879634404456233,6
