RangeX,RangeY,RangeZ,MeanX,MeanY,MeanZ,VarX,VarY,VarZ,SkewX,SkewY,SkewZ,Label
11.666666666666686,2.0,15.666666666666686,6.6960784313725465,47.049019607843135,29.941176470588236,12.466455209534802,0.32112648981161207,18.009611687812395,0.2191992143760797,-0.1224766099276793,-0.6885573757369993,6
21.333333333333343,9.666666666666657,12.666666666666686,11.284313725490197,52.3235294117647,16.794117647058822,18.81132256824298,4.362648981161089,53.43800461361016,1.129327259330578,-0.47306492417002965,0.13757802552583012,6
26.666666666666686,8.666666666666657,97.66666666666667,10.647058823529411,36.61764705882353,44.57843137254901,25.574778931180337,386.85707420222985,1314.7013648596694,1.0584437942681142,-0.6294665822082979,1.0555589076682206,6
12.666666666666671,42.0,19.333333333333343,8.813725490196079,87.13725490196077,12.254901960784316,10.929354094579004,0.6020761245674736,100.77816224529029,-0.7255025621921601,-0.8393297496532921,1.1149265240487949,6
12.333333333333343,41.0,26.333333333333343,10.058823529411768,85.42156862745097,22.862745098039213,8.565167243367949,1.0804498269896161,166.03344867358706,-1.3937218977429493,-0.4560521422173122,0.521246329652623,6
