RangeX,RangeY,RangeZ,MeanX,MeanY,MeanZ,VarX,VarY,VarZ,SkewX,SkewY,SkewZ,Label
11.333333333333343,4.0,25.0,3.980392156862747,42.091503267973856,16.274509803921568,12.664103549916707,0.5188602674185145,48.28194284249652,0.7322348172812578,-0.9738403689811167,-0.15153072099856557,6
7.666666666666671,14.000000000000014,36.33333333333337,3.6993464052287583,50.222222222222214,19.3202614379085,2.9597163484130014,4.900508351488744,72.63163740441715,0.4263571339411229,-0.29868423147592943,0.36432067977432897,6
39.0,12.000000000000014,98.00000000000003,10.967320261437907,38.071895424836605,39.59477124183007,80.97278824383783,149.7530009825281,1368.5068136186937,1.7930266349952997,-0.8690694639889854,0.6116066659468761,6
8.666666666666671,47.33333333333333,40.0,4.333333333333334,84.94117647058823,23.00653594771242,3.5032679738562083,1.0096116878123815,198.93459780426323,-0.37345956531773966,-0.10980315015136126,-0.29499616241104587,6
6.0,47.000000000000014,52.0,2.137254901960786,84.86274509803921,23.071895424836597,2.4321414840445983,1.2905292836088682,282.5416720064933,0.6502847743988356,-0.9093230134227368,0.6588248386875293,6
