RangeX,RangeY,RangeZ,MeanX,MeanY,MeanZ,VarX,VarY,VarZ,SkewX,SkewY,SkewZ,Label
19.0,3.0,24.333333333333314,5.947368421052631,47.438596491228076,24.9122807017544,38.93290243151736,0.6614342874730701,50.78177900892579,0.8523789779584189,-0.21651875533248968,-0.35841918840461495,6
9.0,5.333333333333343,21.666666666666657,5.3771929824561395,49.219298245614034,15.254385964912277,2.240766389658358,2.5571714373653434,67.16628193290246,0.07566854411101233,-0.3207962846466968,0.5645217108387035,6
27.666666666666657,6.0,98.33333333333331,9.298245614035089,33.73684210526316,42.49122807017543,66.40812557710062,316.24068944290553,1302.1271160357035,0.9151717047278431,-0.5049852031749714,0.570035381505035,6
13.0,51.33333333333334,19.99999999999997,6.192982456140349,92.98245614035088,15.868421052631573,14.921822099107422,5.479224376731307,56.739996922129926,0.287438444468543,0.21474758515972964,-0.34628247315996424,6
7.666666666666657,47.66666666666666,35.333333333333314,4.096491228070175,90.86842105263158,16.82456140350877,3.86495844875346,1.2429208987380655,212.47799322868582,-0.1813542749513783,-0.022001438214429805,0.7842963978240441,6
