RangeX,RangeY,RangeZ,MeanX,MeanY,MeanZ,VarX,VarY,VarZ,SkewX,SkewY,SkewZ,Label
22.333333333333343,11.0,59.0,9.940170940170942,48.95726495726496,31.170940170940185,41.01921250639197,5.020965738914455,460.5348820220615,0.1253192085750926,0.6371990750153542,-0.03361495387889386,6
15.333333333333329,3.6666666666666714,59.333333333333314,5.333333333333332,34.17948717948718,33.572649572649574,14.113960113960108,141.39513477975012,124.58660238147418,0.8326052836689481,-0.9824070323265793,0.649983222058652,6
40.33333333333334,4.333333333333329,107.33333333333331,11.179487179487177,31.23931623931624,56.23076923076923,114.23843962305506,214.68916648403834,1159.533640149025,1.3783484938219637,-0.4150171904686033,0.24616798042156013,6
40.33333333333334,36.66666666666667,76.33333333333331,30.119658119658126,75.0,39.89743589743589,20.9087588574768,14.991452991453006,897.2601358755203,0.2623962153832353,-0.290568813045044,-0.07399676941910269,6
40.0,46.33333333333333,74.33333333333331,24.58119658119658,83.20512820512819,32.15384615384615,86.8701877419826,28.322594784133255,363.04755643217186,-0.12292634558174065,0.008000760554912372,0.7015454952722134,6
