RangeX,RangeY,RangeZ,MeanX,MeanY,MeanZ,VarX,VarY,VarZ,SkewX,SkewY,SkewZ,Label
11.0,3.3333333333333286,8.0,4.259259259259258,46.02777777777778,23.000000000000004,9.87722908093279,0.6010802469135808,5.185185185185183,0.8455854378134465,-0.630751015823165,0.0967186679440016,6
4.666666666666671,9.0,6.333333333333343,2.3055555555555562,51.54629629629629,9.63888888888889,1.1195987654321007,0.809585048010972,29.51466049382718,0.7066573532151582,-0.8772630084417096,1.5377272909402897,6
31.0,8.0,59.33333333333334,15.91666666666667,33.35185185185185,23.398148148148138,42.43441358024692,319.1292866941015,593.5235768175585,0.33186480105081045,-0.554743556468483,1.0437208276428032,6
11.666666666666657,40.0,34.333333333333314,9.342592592592593,81.65740740740742,32.074074074074076,6.182013031550069,1.3671982167352554,101.43895747599453,-1.2512357005205308,0.3242977255327981,0.44704136126713817,6
8.333333333333343,41.0,29.0,5.37962962962963,83.32407407407408,24.462962962962973,1.9083504801097453,0.9289266117969848,124.23010973936897,0.4235325765167498,0.3103537029902943,0.6652944019183552,6
