RangeX,RangeY,RangeZ,MeanX,MeanY,MeanZ,VarX,VarY,VarZ,SkewX,SkewY,SkewZ,Label
8.666666666666657,2.6666666666666714,15.333333333333371,4.876190476190475,42.904761904761905,21.638095238095243,7.708480725623576,0.5369614512471685,22.059501133786856,0.40912423069125864,-0.26410891876130854,-0.4519899172667087,6
8.333333333333329,9.333333333333329,7.0,6.495238095238096,49.11428571428571,11.199999999999996,2.5864852607709787,0.9520181405895727,27.575873015873,0.09203709936483341,-0.024908048532903012,0.3073275003198698,6
29.333333333333314,10.333333333333343,88.00000000000003,13.057142857142853,34.94285714285715,41.628571428571426,49.609433106575956,201.66022675736957,1250.6398185941043,1.1086981764054757,-0.5554906957817523,0.43005744121432454,6
3.0,36.33333333333333,17.666666666666686,2.333333333333335,76.58095238095237,16.02857142857143,1.371428571428575,0.28154195011337685,52.11029478458052,-0.1304588639184652,0.3825833415792021,0.5765532023060786,6
8.0,37.33333333333333,26.33333333333337,7.009523809523807,77.14285714285714,22.771428571428572,1.634829931972794,0.47165532879818556,73.60489795918377,0.0996584435239385,-0.23121397602273006,0.32724508523763973,6
