RangeX,RangeY,RangeZ,MeanX,MeanY,MeanZ,VarX,VarY,VarZ,SkewX,SkewY,SkewZ,Label
19.0,8.333333333333329,50.666666666666686,11.666666666666666,48.333333333333336,32.145833333333336,32.962962962962955,5.134259259259257,286.4347511574074,0.2117014223872701,0.5093772283764469,-0.4910355635622682,6
14.000000000000014,1.3333333333333428,60.33333333333334,5.229166666666668,31.923611111111114,31.951388888888886,12.250723379629632,216.43166473765436,162.73606288580254,1.7835228270254238,-0.8197945761173858,0.04397951609217173,6
37.0,-4.666666666666657,102.0,12.229166666666666,17.194444444444446,61.520833333333336,102.88498263888891,207.76774691358023,404.5412326388889,1.1202054316955965,0.24033103028060462,0.7888142204765788,6
33.666666666666686,35.33333333333334,80.66666666666669,29.284722222222218,74.72916666666667,41.61805555555555,14.546248070987671,15.100260416666686,834.0230999228398,-0.40280162922986806,-0.46937702917753327,0.20559768530435835,6
32.000000000000014,49.0,80.0,25.423611111111114,83.2986111111111,35.47222222222223,71.12379436728396,33.014998070987644,435.19367283950606,-0.5892622890640913,0.4515665795898892,0.5468573602446217,6
