RangeX,RangeY,RangeZ,MeanX,MeanY,MeanZ,VarX,VarY,VarZ,SkewX,SkewY,SkewZ,Label
23.333333333333343,10.0,37.333333333333314,10.314814814814817,46.43518518518519,41.97222222222223,47.27126200274351,6.690243484224969,133.3233024691357,0.244496495520498,0.04619292671391325,-0.3956684361560505,7
22.0,6.333333333333343,59.0,11.064814814814817,35.75925925925926,44.85185185185186,36.74579903978052,126.65192043895746,456.1508916323732,0.38704821299950665,-0.7351337293575365,0.3111081598352227,7
44.0,3.666666666666657,86.66666666666666,20.490740740740748,21.685185185185183,61.85185185185185,128.33633401920437,187.4502743484225,404.3731138545954,0.034800661502048115,-0.3175035720484083,0.418884068611166,7
33.0,41.66666666666666,22.666666666666686,22.03703703703704,79.26851851851852,26.16666666666667,59.96159122085047,4.2581447187928605,182.4351851851851,0.09798584929826651,0.1187310194311665,-0.2376421734182644,7
34.0,39.33333333333334,33.333333333333314,27.916666666666664,75.76851851851853,30.120370370370363,13.81712962962964,8.23345336076818,326.03798010973935,-0.5941830087941722,-0.07469931875690668,-0.08156479867132636,7
