RangeX,RangeY,RangeZ,MeanX,MeanY,MeanZ,VarX,VarY,VarZ,SkewX,SkewY,SkewZ,Label
10.333333333333314,3.0,13.333333333333314,4.032520325203253,47.52845528455285,27.75609756097561,11.484037279397192,0.6448542534205827,17.214224337365327,0.7485761356101013,0.5231811450785746,-0.06559769435224405,7
9.666666666666657,4.666666666666671,2.9999999999999716,6.146341463414633,49.30081300813008,13.991869918699186,2.3308876991208964,1.5544979840042303,38.669310595544935,-0.09196353452707735,-0.5472218103908942,-0.23349538583906468,7
35.33333333333333,5.666666666666671,90.99999999999997,11.300813008130083,38.8780487804878,48.439024390243894,92.62766871571155,184.07997884856894,1187.2327318395137,0.9685901118378463,-1.0030369697704562,0.06796135524577276,7
7.333333333333329,46.33333333333333,-5.333333333333371,3.1219512195121952,91.17073170731706,8.422764227642277,4.188379932579817,0.6293872694824514,21.16544384956042,0.26648962557322314,-0.20510700794338516,-0.15874873326656702,7
9.666666666666657,46.66666666666667,12.666666666666629,5.130081300813011,91.4471544715447,18.048780487804876,5.110450128891531,0.5073699517482994,66.67512723907721,0.6794787392221318,0.18142326480447196,0.7411556564404043,7
