RangeX,RangeY,RangeZ,MeanX,MeanY,MeanZ,VarX,VarY,VarZ,SkewX,SkewY,SkewZ,Label
12.0,5.333333333333329,25.333333333333314,6.731884057971016,43.95652173913043,17.782608695652176,6.592365049359374,1.432892249527411,40.16530140726735,0.3731586112492343,-0.6993219282772477,-1.3542700009432975,7
13.333333333333329,13.666666666666657,38.666666666666686,8.326086956521742,51.4927536231884,27.56521739130435,6.012024784709091,2.061541692921655,60.26023944549467,0.13498240076850146,-0.11141337762030591,-0.7617534374305884,7
36.0,16.666666666666657,114.33333333333334,13.572463768115943,28.52173913043478,72.1231884057971,165.3220436883007,388.2978365889519,1736.484824616677,0.6208605788375583,0.40291100019919973,-0.7698342749361042,7
21.333333333333343,56.0,45.33333333333334,4.731884057971015,93.0,16.78260869565217,37.906374711195156,19.888888888888886,121.83196807393404,1.7997494734332864,-2.0033693235385783,1.115187445102465,7
16.666666666666657,57.33333333333334,61.0,7.5217391304347805,95.18115942028987,26.70289855072464,9.983826927116137,6.4865049359378295,111.05907372400759,1.5103796654556245,-2.8159867373480325,1.6482534395115307,7
