RangeX,RangeY,RangeZ,MeanX,MeanY,MeanZ,VarX,VarY,VarZ,SkewX,SkewY,SkewZ,Label
5.333333333333343,1.6666666666666714,8.666666666666686,2.0625,44.864583333333336,32.95833333333333,2.2113715277777724,0.19346788194444386,4.9427083333333375,0.5137025653651965,-0.4481179279056293,1.141518409006272,7
10.333333333333329,7.0,-8.333333333333314,6.802083333333333,50.03125,12.822916666666666,2.172634548611107,0.23860677083333454,16.333224826388875,1.0142245185526275,0.43342242792601604,-0.008262881233182844,7
19.0,8.0,77.33333333333334,7.260416666666667,31.822916666666668,48.614583333333336,23.532877604166668,353.87489149305554,1355.4452039930557,0.9740974320256243,-0.2695230421125988,-0.041511065076867984,7
10.333333333333343,41.0,-9.0,8.71875,83.84375,12.156249999999993,0.5840928819444412,0.23600260416666455,19.708224826388893,0.0882198889367424,0.3621817959068817,0.3127761390688365,7
12.0,40.33333333333334,-8.0,10.729166666666666,83.5625,14.937500000000002,0.4058159722222195,0.17664930555555414,11.364149305555529,0.6180436279552818,-0.33248421623429475,-0.20848754008404483,7
