RangeX,RangeY,RangeZ,MeanX,MeanY,MeanZ,VarX,VarY,VarZ,SkewX,SkewY,SkewZ,Label
7.333333333333343,2.3333333333333286,7.333333333333314,2.6666666666666683,46.23913043478261,20.050724637681157,5.1497584541062755,0.3945074564167193,2.0046733879437055,0.48406787385580596,0.021154513925528907,-0.5021082584150431,7
5.666666666666671,9.333333333333343,6.666666666666629,3.2536231884057973,53.10144927536233,13.847826086956522,1.4646607855492553,0.43898340684730264,12.761867254778426,-0.19139609144292288,-0.3577486805545506,0.38562691192468923,7
37.66666666666667,10.666666666666657,106.33333333333331,14.833333333333332,31.746376811594207,76.96376811594203,152.30314009661836,285.7206994328922,1430.2619722747322,0.4277154351508465,-0.006676245980446902,-0.8284248121786509,7
8.333333333333329,46.33333333333334,-6.666666666666686,4.507246376811594,90.10144927536233,5.159420289855072,4.100189035916818,0.5645872715815996,5.863474060071411,-0.03718670017820039,-0.31261066519945613,-0.20335197426011922,7
6.333333333333343,46.33333333333334,7.0,3.6304347826086962,90.07971014492752,14.579710144927533,1.836851501785344,0.7593467758874194,20.939298466708667,0.23966547862097368,-0.3421086066098346,-0.19815027575145538,7
