RangeX,RangeY,RangeZ,MeanX,MeanY,MeanZ,VarX,VarY,VarZ,SkewX,SkewY,SkewZ,Label
9.666666666666657,2.333333333333343,9.999999999999972,3.671717171717169,42.57070707070707,24.510101010101014,6.816472808897053,0.2955055606570754,4.876160595857556,0.6030497786670858,-0.20202485266737608,-0.022765246350396284,7
7.666666666666657,11.333333333333329,10.333333333333314,5.085858585858587,49.89898989898991,15.3030303030303,2.5835373941434554,1.582389552086524,30.47382920110194,-0.3802680802244627,0.17488107262510902,0.5645157418472435,7
26.333333333333314,10.666666666666671,95.99999999999997,14.803030303030305,24.909090909090907,78.60606060606062,56.92584940312212,277.25099479644933,1449.2690541781449,-0.16950795090988013,0.20466669084950695,-1.2295786888077236,7
4.0,45.000000000000014,8.666666666666629,2.222222222222223,85.27777777777776,13.237373737373742,1.4523007856341221,0.37906846240179615,62.69954596469747,-0.23178161860817204,-0.6927488717580401,0.22129729305593984,7
2.0,44.33333333333333,20.333333333333314,0.8030303030303027,84.62121212121212,28.333333333333332,0.2995867768595028,0.30938169574533164,41.141414141414145,0.49992742508122134,0.07939584024325047,-0.5050106272257138,7
