RangeX,RangeY,RangeZ,MeanX,MeanY,MeanZ,VarX,VarY,VarZ,SkewX,SkewY,SkewZ,Label
5.0,2.3333333333333286,9.333333333333343,4.933333333333333,46.78666666666666,34.946666666666665,2.4000000000000035,0.32782222222222246,5.010488888888894,-0.44180698912292055,0.04872152217649348,-0.3459175264877813,7
8.666666666666671,9.333333333333329,-5.333333333333314,8.76,52.92,12.533333333333335,1.1779555555555579,1.673599999999996,34.328888888888876,-1.2238883371009692,0.12827668432765738,0.026798905031534186,7
19.333333333333343,7.999999999999986,63.0,11.293333333333335,32.16,63.02666666666667,31.033955555555554,265.12995555555557,576.959288888889,0.2317523772819803,-0.2694311902510451,-0.6843386432424422,7
9.666666666666671,41.999999999999986,-12.666666666666657,8.0,86.86666666666666,7.4,2.728888888888889,0.30222222222222106,22.720000000000006,0.5954916017245652,-1.059310009349839,0.16256676430383565,7
12.0,41.999999999999986,-1.6666666666666572,12.173333333333336,86.66666666666666,15.64,1.325511111111112,0.2666666666666644,42.017066666666636,-0.4832251593889193,0.3227486121840079,-0.212472006558783,7
