RangeX,RangeY,RangeZ,MeanX,MeanY,MeanZ,VarX,VarY,VarZ,SkewX,SkewY,SkewZ,Label
12.333333333333314,3.666666666666657,15.666666666666657,4.133333333333332,49.45333333333334,28.42,10.488888888888885,0.6033777777777773,12.736933333333328,0.943292697039544,0.5569929683011752,-1.0572312756278275,7
13.999999999999986,7.999999999999986,19.333333333333314,4.84,53.3,21.739999999999995,11.889955555555554,2.4988888888888856,124.09906666666666,1.1041033752970142,-1.188796914582892,-0.029596693145347124,7
34.333333333333314,7.666666666666671,108.66666666666663,15.413333333333332,41.11333333333333,50.13333333333333,129.91804444444446,221.2471555555556,1131.7377777777779,0.15428412986335086,-1.2268633229304453,0.4038793882701247,7
12.0,57.999999999999986,10.0,6.960000000000001,104.43333333333334,12.546666666666665,11.438399999999996,0.3433333333333332,63.1056,-0.352374447723353,-0.08616048479829262,0.49871583138762554,7
10.0,56.33333333333333,28.0,7.62,102.08,19.52666666666667,3.422266666666667,1.3313777777777782,199.36928888888895,-0.14274951986870757,-0.46581910569042995,0.3430732454527967,7
