RangeX,RangeY,RangeZ,MeanX,MeanY,MeanZ,VarX,VarY,VarZ,SkewX,SkewY,SkewZ,Label
9.666666666666657,2.6666666666666714,16.333333333333314,6.041666666666668,42.266666666666666,25.375,8.306597222222214,0.46777777777777774,11.801041666666652,-0.029953350904713228,0.027088983811376668,-0.18756691615045912,7
7.999999999999986,8.666666666666657,-3.6666666666666856,7.241666666666665,47.975,4.775,1.3999305555555557,1.8021527777777693,12.84104166666668,-0.1019564140419687,-0.230022135469013,0.6060494549557315,7
31.0,9.333333333333343,94.33333333333331,16.76666666666667,36.391666666666666,54.483333333333334,74.22888888888887,171.69381944444444,985.2386111111111,0.24131050060991846,-0.7832645121815882,0.030315480476475636,7
1.9999999999999858,36.66666666666666,3.3333333333333144,2.0666666666666664,76.45,7.933333333333333,0.7677777777777777,0.20305555555555435,24.745555555555587,-0.3993562450082909,0.3190640701434058,0.6827324832141585,7
7.333333333333314,36.66666666666666,23.66666666666663,7.183333333333333,76.25833333333333,26.475,0.8774999999999998,0.5582638888888847,76.2938194444444,-0.4346794222633425,-0.5702401584055985,-0.2904681209697233,7
