RangeX,RangeY,RangeZ,MeanX,MeanY,MeanZ,VarX,VarY,VarZ,SkewX,SkewY,SkewZ,Label
15.666666666666657,2.3333333333333286,19.0,5.289473684210527,49.57017543859648,28.377192982456133,21.696906740535542,0.36203447214527573,20.597491535857163,0.7392891756382055,0.5970810088992398,-0.6957458489910243,7
10.0,6.666666666666671,29.33333333333337,4.19298245614035,53.368421052631575,19.798245614035086,6.717143736534319,2.466605109264387,134.92128347183754,0.27089390069585184,-1.3204843039059315,0.4982106489812601,7
37.0,2.999999999999986,110.00000000000001,20.359649122807024,32.36842105263158,65.55263157894737,119.10164666051094,234.64204370575567,740.5630193905816,-0.3112910615209443,-0.34134388892444895,0.6536840436866524,7
11.666666666666657,56.66666666666667,11.666666666666686,6.535087719298244,104.1842105263158,15.166666666666671,12.090874115112346,0.4426746691289644,62.43713450292391,-0.05243624278766989,-0.583779397479498,0.016926518963416088,7
13.333333333333343,55.999999999999986,30.0,7.82456140350877,102.07894736842107,19.824561403508778,3.9575253924284355,0.9265158510310846,212.96337334564484,0.4559026118621082,0.4255156583085522,0.3580397100315091,7
