RangeX,RangeY,RangeZ,MeanX,MeanY,MeanZ,VarX,VarY,VarZ,SkewX,SkewY,SkewZ,Label
21.0,9.333333333333329,44.33333333333337,11.936170212765957,47.36879432624114,35.02127659574467,21.98410542729239,6.048387908052914,118.14848347668638,-0.29627682475179257,-0.16409778167274408,0.6762586026942946,7
31.666666666666657,6.666666666666657,69.00000000000003,14.624113475177305,24.28368794326241,58.39716312056737,79.90362657813992,209.09209798299887,331.6389517629898,0.08851507346522088,-0.09753111804671866,-0.7182820308656284,7
44.33333333333333,6.666666666666657,91.33333333333334,20.0354609929078,30.943262411347522,48.73758865248227,182.45973542578344,239.8265680800764,677.8200291735828,0.18496916974236655,-0.542618210973112,0.2815662100758084,7
34.0,40.66666666666666,19.33333333333337,18.631205673758863,80.46099290780141,25.326241134751776,52.75760776620896,3.567627382928421,69.45385040993916,0.7527616316866635,-1.4891940144637807,-0.9395684156360983,7
38.999999999999986,39.66666666666666,34.666666666666686,31.695035460992905,75.26241134751773,32.28368794326241,13.843166842714147,6.803480710225844,202.37814999245506,0.0900072160978768,0.810915369764091,-0.7689483186626597,7
