RangeX,RangeY,RangeZ,MeanX,MeanY,MeanZ,VarX,VarY,VarZ,SkewX,SkewY,SkewZ,Label
15.0,4.333333333333329,16.33333333333337,5.401360544217686,49.285714285714285,28.721088435374153,16.548660280438696,0.5850340136054432,19.94715164977557,0.7614428626649983,-0.8281666168386007,-1.3198330033185601,7
8.333333333333329,9.666666666666671,24.666666666666686,4.482993197278911,53.0952380952381,21.17006802721089,4.431116664352819,3.183673469387753,184.59012448516827,-0.30375958677582615,-0.40910234166585707,-0.06995958288604562,7
39.0,7.333333333333329,102.00000000000003,20.034013605442176,34.76190476190476,47.50340136054422,143.96936461659493,229.85941043083898,985.0889906983201,-0.2481068179605745,-0.6396517396968732,0.5181258313725514,7
12.0,58.66666666666667,12.333333333333371,6.850340136054421,103.9251700680272,15.095238095238091,11.505946596325598,0.5771669211902445,73.98639455782316,-0.36659374538632816,-0.2706839713585855,0.04852292181884554,7
10.333333333333343,57.66666666666667,26.33333333333337,7.108843537414964,102.36054421768708,18.489795918367342,2.813549909759825,0.865472719700125,149.85533805358875,0.35345095768243884,-0.12344635426926083,0.6884054158511298,7
