RangeX,RangeY,RangeZ,MeanX,MeanY,MeanZ,VarX,VarY,VarZ,SkewX,SkewY,SkewZ,Label
10.333333333333343,2.6666666666666714,16.0,3.833333333333334,47.61904761904763,27.873015873015873,8.821428571428573,0.5585789871504167,18.793398841017893,0.7944456081796971,0.17872827832493973,-0.0462492503525485,7
9.666666666666671,4.666666666666671,-0.3333333333333428,6.976190476190477,49.18253968253969,10.634920634920634,1.0285336356764907,2.2497480473670954,16.464600655076868,0.06283520823586566,-0.5302323558220675,-0.13030344946009093,7
34.0,5.666666666666671,91.99999999999997,10.912698412698413,37.50793650793651,51.11111111111111,79.37597631645251,235.1917359536407,1216.8024691358023,0.9701047755696606,-0.8911472609870893,0.026830332127835536,7
7.666666666666671,45.66666666666667,-3.6666666666666856,3.706349206349207,91.02380952380952,6.761904761904764,2.889959687578739,0.2877928949357524,20.710506424792147,0.32287054319194003,0.055252140227047254,0.09029525269780986,7
8.666666666666657,46.33333333333333,7.0,5.563492063492065,91.57936507936508,15.023809523809518,1.8808893927941572,0.24899218946837715,27.525888133031014,0.4042223347110745,0.6224920063672174,0.7590892419653648,7
