RangeX,RangeY,RangeZ,MeanX,MeanY,MeanZ,VarX,VarY,VarZ,SkewX,SkewY,SkewZ,Label
6.666666666666657,1.6666666666666714,7.666666666666657,5.901960784313722,47.00980392156863,35.5,2.5590157631680115,0.23193002691272624,3.008169934640522,0.008994058030493753,0.12421951404138697,0.3407406312852153,7
8.999999999999986,8.666666666666671,-14.666666666666686,8.627450980392158,53.294117647058826,11.245098039215687,3.7435601691657077,1.0442137639369473,19.22424067666282,-1.1426383905524116,-0.4034192998214149,-0.2929376886857905,7
21.33333333333333,8.000000000000014,66.0,11.950980392156861,36.35294117647059,54.343137254901954,26.536812764321414,341.43752402921945,916.5717993079586,0.013591135020520641,-0.6710603706799989,-0.10654329824593897,7
7.999999999999986,42.33333333333333,-16.0,7.196078431372549,87.2156862745098,5.0882352941176485,1.2622068435217217,0.4371395617070341,25.459534794309896,0.4589766901958246,0.10978379230637311,0.8340120706291442,7
12.666666666666657,41.33333333333333,-4.0,12.5,86.45098039215685,17.892156862745097,1.7532679738562154,0.20184544405997576,16.900134563629372,-7.159400296441242e-16,0.20549890463371523,0.5873010303863423,7
