RangeX,RangeY,RangeZ,MeanX,MeanY,MeanZ,VarX,VarY,VarZ,SkewX,SkewY,SkewZ,Label
8.333333333333343,3.0,17.333333333333314,2.5579710144927548,42.188405797101446,19.52898550724638,4.8843205208989655,0.3896240285654278,16.007613946649855,0.9494186314266535,-0.2510191157563959,-1.4946286047765747,7
6.666666666666671,12.666666666666671,24.0,4.847826086956523,51.31884057971014,15.340579710144931,1.2884373030875882,1.8693551774837245,44.71250787649655,-0.31715079974616317,-0.28826106392787487,-0.12160533117375545,7
33.0,12.666666666666671,113.66666666666666,11.579710144927537,32.471014492753625,62.99275362318841,70.760554505356,318.2684835118673,2231.248739760555,1.2300891750280682,-0.21136427264694496,-0.27843765725296993,7
6.0,45.66666666666667,25.333333333333314,3.1739130434782625,84.97101449275361,16.862318840579718,1.4818315479941222,0.24553665196387267,60.96413568578024,-0.04051112228119051,0.38745162632903407,-0.19787462721288834,7
3.0,44.999999999999986,32.0,1.1594202898550714,84.8695652173913,24.449275362318847,0.5736189876076423,0.24868725057760838,34.14597773576982,0.7009846328013061,0.06244383297390542,0.8061879538936028,7
