RangeX,RangeY,RangeZ,MeanX,MeanY,MeanZ,VarX,VarY,VarZ,SkewX,SkewY,SkewZ,Label
7.666666666666657,4.0,16.0,6.6923076923076925,45.49572649572648,23.034188034188034,4.292789831251369,0.4608079479874358,10.448973628460811,0.8254919072617914,-2.367733619215941,-2.0727067079120824,7
5.333333333333329,10.666666666666671,22.666666666666686,3.2735042735042734,50.3076923076923,10.923076923076925,3.503542990722476,4.76572430418585,25.21630506245894,1.4877311100202473,-0.9908466081583981,2.324674597069588,7
36.66666666666667,9.000000000000014,105.0,21.854700854700855,35.26495726495726,51.64957264957265,67.34925852874572,255.63065234860107,1031.247571042443,0.2018836619937507,-0.6895071666726645,0.549853732809563,7
6.333333333333343,41.000000000000014,18.666666666666686,7.512820512820515,81.79487179487177,21.529914529914524,4.204251588866983,0.4422529037913681,42.03258090437574,-0.9840814079531364,0.25724858078211127,-0.9601618844234703,7
4.0,42.000000000000014,49.0,6.452991452991451,82.83760683760681,33.8974358974359,1.1366790853970308,1.2072466944261837,87.5222441376287,-2.457068728399235,-1.2379868030533914,0.9535352490477099,7
