RangeX,RangeY,RangeZ,MeanX,MeanY,MeanZ,VarX,VarY,VarZ,SkewX,SkewY,SkewZ,Label
11.666666666666657,4.0,21.0,6.4866666666666655,44.64666666666667,18.833333333333336,7.72093333333333,0.6995999999999993,22.6811111111111,-0.5007332034294238,0.6224044082693272,-0.9352960225642656,7
14.666666666666671,11.666666666666657,38.0,9.026666666666666,51.88666666666666,27.46666666666667,6.9548444444444435,2.1227111111111143,83.9377777777778,0.060210107076515654,-0.5476978784750233,-0.38811775863302395,7
44.33333333333333,14.666666666666657,114.66666666666666,15.813333333333334,29.00666666666666,69.78666666666668,243.78293333333332,463.04217777777785,2034.5100444444442,0.7109216438824272,0.12974950401245405,-0.5844957643583122,7
17.333333333333343,54.0,33.99999999999997,3.6133333333333337,94.38666666666668,11.98,18.14382222222223,4.832711111111107,76.71737777777777,1.8430501146443303,-2.068565514921679,1.4714739556091372,7
11.0,54.33333333333334,42.66666666666663,7.593333333333333,95.46666666666668,29.59333333333333,3.801288888888887,0.7555555555555539,58.35684444444448,-0.26780656245148693,0.09338926628901614,0.4049762256941947,7
