RangeX,RangeY,RangeZ,MeanX,MeanY,MeanZ,VarX,VarY,VarZ,SkewX,SkewY,SkewZ,Label
10.333333333333343,3.3333333333333286,17.333333333333314,5.609929078014185,44.56028368794327,18.446808510638302,7.642170916955894,0.7664604396157136,19.136059554348364,0.6024362281388252,-0.0035884906498791975,-1.067480038558643,7
14.333333333333329,11.333333333333343,27.333333333333314,8.9645390070922,51.574468085106375,24.17021276595744,10.483376087721947,1.7527287359790795,47.97575574669285,0.37875240718792963,-0.565363504754572,-0.7494742074774418,7
36.66666666666667,15.0,109.66666666666666,13.063829787234045,29.4113475177305,67.46099290780143,172.16377445802524,450.12393742769495,1897.5581711181528,0.8499443741798134,0.16181427461697748,-0.5847830022139502,7
10.333333333333329,54.33333333333334,11.666666666666629,2.9432624113475163,94.82978723404256,8.822695035460994,6.152809214828224,2.1128715859363236,16.897640963734187,1.5958365556038028,-0.45071487691812967,0.03083512228830961,7
19.666666666666657,56.0,45.66666666666663,7.79432624113475,95.18439716312058,28.609929078014172,9.846587193803124,5.6492128162567266,106.11025602333895,1.71723910833674,-1.8708695527294408,1.1335409378392762,7
