RangeX,RangeY,RangeZ,MeanX,MeanY,MeanZ,VarX,VarY,VarZ,SkewX,SkewY,SkewZ,Label
5.333333333333343,1.6666666666666572,9.333333333333371,2.08641975308642,44.641975308641975,34.382716049382715,2.3011736015851225,0.21338210638622093,4.861758878219781,0.4376033266559318,-0.618824315559506,-0.43061363321066287,7
12.0,8.333333333333329,-10.666666666666629,6.753086419753085,50.691358024691354,12.41975308641975,3.69212010364274,0.6002133821063884,8.03779911598842,1.4928510443485163,-0.12514404367017984,0.5724258023172485,7
19.0,8.333333333333329,92.00000000000003,9.96296296296296,31.086419753086417,55.03703703703703,24.2085048010974,295.3875933546716,1324.5953360768176,0.1420206280600161,-0.11074161786666845,-0.22474220275874934,7
10.333333333333343,41.33333333333333,-5.333333333333314,9.185185185185187,83.77777777777777,12.629629629629628,0.455418381344306,0.20576131687242843,9.903978052126215,-0.10744995330315538,4.517598009824135e-14,1.7059089416272852,7
12.0,40.66666666666667,-9.333333333333314,10.23456790123457,83.74074074074075,15.444444444444443,0.6486816034141123,0.3401920438957473,11.267489711934177,0.04940698695402057,-0.7563676918519298,-1.151820651066693,7
