RangeX,RangeY,RangeZ,MeanX,MeanY,MeanZ,VarX,VarY,VarZ,SkewX,SkewY,SkewZ,Label
6.0,47.66666666666667,21.666666666666686,0.5075757575757585,9.477272727272728,4.083333333333335,1.734791092745641,349.4161501377411,64.98547979797985,2.803262554464151,1.4662245309102409,1.4732392516541692,7
5.0,53.33333333333334,16.333333333333314,0.8560606060606059,10.621212121212123,2.598484848484848,2.88079660238751,438.8615702479339,27.523129017447186,1.5057177830239359,1.4662616076867758,1.6279640181822272,7
29.0,55.66666666666666,73.66666666666666,2.3030303030303028,9.272727272727273,9.424242424242426,44.91827364554636,351.7033976124886,499.07254361799824,3.0544368153807735,1.6375932198396719,2.189270536899988,7
8.0,91.0,4.666666666666686,1.1439393939393943,18.462121212121215,0.6287878787878792,5.820190541781451,1325.6122015610654,2.0263429752066147,1.8541866676821805,1.4651708396581495,1.9973930004818647,7
4.666666666666657,91.33333333333334,21.333333333333314,0.386363636363637,18.35606060606061,3.6969696969696972,1.045167584940311,1310.517160238751,53.76675849403123,3.0544464532868676,1.4654333177784062,1.5084018248420452,7
