RangeX,RangeY,RangeZ,MeanX,MeanY,MeanZ,VarX,VarY,VarZ,SkewX,SkewY,SkewZ,Label
10.333333333333314,3.333333333333343,13.0,4.241666666666665,43.06666666666666,26.316666666666663,9.016597222222222,0.8900000000000012,13.777499999999975,0.44847631537478183,0.021438159370925938,-0.4976957304568155,7
14.999999999999986,8.666666666666671,-6.333333333333314,7.783333333333333,48.0,4.65,2.530833333333331,2.027777777777776,8.838611111111117,2.376938141203592,-0.7368782363197506,0.7918231781748615,7
30.666666666666657,9.333333333333329,94.66666666666669,16.375,33.25833333333333,55.833333333333336,67.55104166666668,187.54159722222226,1000.511111111111,0.026196067529016324,-0.6230527523515234,-0.22663136894995056,7
3.666666666666657,36.66666666666667,1.0,1.9500000000000006,76.84166666666667,10.566666666666668,0.930833333333332,0.22215277777777712,41.96222222222227,-0.12895004670024607,0.028750737384351143,-0.17298492076394786,7
8.333333333333314,36.33333333333333,18.33333333333337,7.224999999999997,76.49166666666666,23.541666666666664,0.4577083333333317,0.35548611111110906,48.648263888888934,-0.12849049504236118,-0.33922725613589877,0.3647989168866072,7
