RangeX,RangeY,RangeZ,MeanX,MeanY,MeanZ,VarX,VarY,VarZ,SkewX,SkewY,SkewZ,Label
10.666666666666657,2.6666666666666714,14.0,4.513513513513513,47.4864864864865,26.576576576576574,11.372940508075644,0.6402077753429085,9.030922814706603,0.46693277120736915,-0.10248254360037572,-0.3890848586843343,7
8.333333333333329,5.0,8.0,5.828828828828833,49.126126126126124,14.045045045045043,1.7334631929226534,1.6777858940021195,44.73971268565859,0.11810317802295744,-0.645865332694685,-0.1800037473720997,7
34.66666666666666,5.0,92.0,14.540540540540544,33.486486486486484,59.13513513513514,95.53964775586395,198.64020777534293,1111.57032708384,0.39734269388141985,-0.4705398465994057,-0.6071285889687552,7
6.333333333333329,46.66666666666666,-3.6666666666666856,3.0450450450450455,91.34234234234232,7.234234234234236,2.4694424153883614,0.4293482671861067,24.840029218407594,0.5560207862051605,-0.7208496005980142,-0.025425140098239207,7
9.333333333333314,47.0,10.333333333333314,4.873873873873875,91.54054054054052,17.117117117117115,5.749857966074182,0.302410518626737,48.64394123853584,0.24187012362082913,0.2908212783417807,0.5318677869155872,7
