RangeX,RangeY,RangeZ,MeanX,MeanY,MeanZ,VarX,VarY,VarZ,SkewX,SkewY,SkewZ,Label
10.666666666666657,2.6666666666666714,18.0,4.5632183908046,47.701149425287355,27.689655172413794,9.625313779891654,0.5083894834192102,19.578015589906197,0.4312189372231169,0.20360276623344994,-0.12736786964606628,8
9.0,4.666666666666671,3.3333333333333144,6.965517241379309,48.816091954023,12.114942528735632,0.7765887171356851,2.035143347866297,14.316290130796657,-0.4591980891200594,-0.16449646731644646,0.5571157379863095,8
32.0,5.666666666666671,89.99999999999997,13.333333333333336,31.03448275862069,65.80459770114942,87.35632183908042,243.6424891002774,1020.5863390144008,0.07829214005717254,-0.2665806269153709,-0.7577368047936408,8
10.333333333333329,46.33333333333333,-2.0,3.942528735632182,91.35632183908048,7.471264367816091,11.770643413925225,0.39793896155370667,32.463733650416195,0.5345407230605788,0.5418392051271513,0.18164495749989354,8
10.0,46.33333333333333,8.666666666666629,6.689655172413795,91.89655172413794,16.103448275862068,3.5703527546571583,0.5525168450257621,48.23834059981505,0.38073689087182405,-0.4287406975991621,0.2566380258092143,8
