RangeX,RangeY,RangeZ,MeanX,MeanY,MeanZ,VarX,VarY,VarZ,SkewX,SkewY,SkewZ,Label
5.333333333333314,2.0,7.0,3.1066666666666665,45.36000000000001,33.33333333333333,1.6241777777777802,0.2481777777777776,3.493333333333331,1.5190238947539416,0.6540786573729275,0.7719168027264286,8
6.333333333333329,7.999999999999986,-12.0,6.16,50.8,12.44,1.289955555555555,0.6311111111111054,9.046400000000018,-1.0806726042238763,1.1346677520631419,-1.3451311208910142,8
14.0,8.666666666666671,67.99999999999997,6.440000000000002,24.56,62.66666666666667,18.006400000000006,345.9175111111111,830.9866666666669,0.6181956451880283,0.293595432088828,-1.0033025631475487,8
8.666666666666657,39.999999999999986,-13.0,8.586666666666666,83.77333333333334,11.44,0.6602666666666606,0.18417777777777722,15.801955555555537,0.26317835605223505,0.5135297236005971,-0.48985476798124,8
10.666666666666657,39.33333333333333,-4.666666666666686,10.93333333333333,83.42666666666666,18.14666666666667,0.6222222222222211,0.11128888888888783,7.6451555555555375,-0.4129182215959273,0.13637656535655301,1.1034152160391102,8
