RangeX,RangeY,RangeZ,MeanX,MeanY,MeanZ,VarX,VarY,VarZ,SkewX,SkewY,SkewZ,Label
7.666666666666686,7.666666666666657,22.666666666666686,13.935185185185182,48.00925925925926,29.314814814814813,3.992712620027441,4.972136488340188,54.36385459533612,0.3680175096193086,-0.3102328804426063,-0.13984793344844468,8
14.666666666666671,1.3333333333333286,74.33333333333334,14.944444444444448,33.101851851851855,66.86111111111113,44.81172839506173,54.91246570644718,195.00231481481484,-0.23847644428582074,-0.1603974790439699,0.09624328720739626,8
27.000000000000014,7.999999999999986,89.0,13.944444444444445,35.78703703703704,52.175925925925924,106.7253086419753,229.04415294924559,1449.0215192043895,0.28770720395589,-0.9569664683345935,-0.23308664675039845,8
13.666666666666686,40.999999999999986,15.666666666666686,15.787037037037035,82.0925925925926,23.444444444444443,24.747856652949245,0.7259945130315515,24.10493827160495,0.38853647668831404,0.7171705164412522,-0.20862861615852807,8
23.66666666666667,30.999999999999986,50.666666666666686,30.324074074074076,71.99074074074076,48.2037037037037,6.219050068587107,4.225222908093277,110.53257887517144,-0.039475402643540075,-0.5281883313026686,-0.12605355610983002,8
