RangeX,RangeY,RangeZ,MeanX,MeanY,MeanZ,VarX,VarY,VarZ,SkewX,SkewY,SkewZ,Label
5.0,2.0,5.0,3.697916666666668,46.80208333333333,35.572916666666664,1.4608289930555558,0.21430121527777785,2.2724609375000027,-0.2526076585890086,-0.19092884094901552,0.5020384995464737,8
9.333333333333329,8.999999999999986,-13.0,8.885416666666666,53.34375,11.71875,0.6639539930555549,0.9408637152777735,28.0632595486111,-0.04814762593217311,-0.5940418578931992,0.013377891053151956,8
9.333333333333343,9.333333333333329,70.66666666666667,7.520833333333331,35.197916666666664,56.02083333333333,5.825954861111119,390.6587456597223,1051.9648437499998,-0.9446438571647413,-0.33133837147334555,0.10373458841012613,8
9.666666666666671,41.66666666666667,-17.0,9.041666666666668,86.66666666666667,7.166666666666666,0.5260416666666665,0.15277777777777696,21.777777777777782,0.130823314468238,0.0,0.17670371720116496,8
13.666666666666657,41.66666666666667,-8.333333333333314,13.083333333333332,86.53125,18.125,0.4999999999999998,0.14485677083333204,22.067708333333357,0.08347788389008831,0.2097267056886194,-0.736402770544934,8
