RangeX,RangeY,RangeZ,MeanX,MeanY,MeanZ,VarX,VarY,VarZ,SkewX,SkewY,SkewZ,Label
7.0,4.333333333333329,17.0,6.857142857142857,44.27619047619047,20.161904761904765,3.4938775510204017,0.9999092970521533,20.383310657596358,0.12035503052208352,0.18432310137580799,-0.7578340987202123,8
9.0,11.666666666666657,21.0,7.457142857142859,52.73333333333333,22.65714285714286,5.791020408163269,0.3606349206349193,36.1681632653061,-0.08652221557649696,-0.4174723963207556,-0.5603667987464808,8
25.0,16.333333333333343,115.33333333333336,14.276190476190475,35.61904761904761,70.40952380952382,108.3078458049887,371.10566893424044,2009.0926077097508,-0.13457292444455415,-0.3719484724783838,-0.5666443495415376,8
5.666666666666671,55.0,37.33333333333337,3.39047619047619,94.24761904761904,7.580952380952381,7.818956916099775,6.364081632653072,68.58630385487531,0.4747625508142483,-2.7108248796079124,3.1668821849663673,8
17.0,57.0,60.33333333333337,9.476190476190482,94.67619047619046,32.98095238095238,11.72879818594104,7.691972789115641,145.75201814058968,1.1227994684097868,-2.2611560316703563,1.4853553889210995,8
