RangeX,RangeY,RangeZ,MeanX,MeanY,MeanZ,VarX,VarY,VarZ,SkewX,SkewY,SkewZ,Label
4.333333333333314,1.3333333333333286,4.333333333333343,4.119999999999999,46.75999999999999,35.81333333333333,1.4744888888888839,0.15573333333333367,1.1473777777777803,0.5192427021529957,-0.12010537650315219,0.012173726727427961,8
7.999999999999986,8.666666666666657,-13.666666666666657,8.573333333333334,52.77333333333333,9.840000000000002,0.6623999999999975,0.9130666666666675,23.70773333333333,0.07898393571797482,0.003325400021194519,0.04540750578427953,8
8.333333333333314,7.666666666666657,68.33333333333334,6.679999999999996,28.400000000000006,67.93333333333334,8.1198222222222,361.33333333333337,831.848888888889,-0.5352972654635167,0.09296129941875926,-0.41034702982025834,8
8.333333333333329,41.33333333333334,-24.333333333333314,8.28,86.42666666666668,5.880000000000001,1.4549333333333359,0.2446222222222219,8.034488888888905,0.27117816285567103,0.1740919372611866,-0.760289014581295,8
12.333333333333314,42.0,-7.666666666666657,13.41333333333333,86.65333333333332,19.106666666666666,0.4024888888888889,0.2798222222222202,11.775288888888884,-0.06700423358296216,0.5460366762136565,-0.20650150988433322,8
