RangeX,RangeY,RangeZ,MeanX,MeanY,MeanZ,VarX,VarY,VarZ,SkewX,SkewY,SkewZ,Label
6.666666666666657,3.0,9.0,6.375,45.25,24.125,2.8177083333333384,0.3888888888888882,3.526041666666673,-0.2056436611550106,-0.23623984776186271,-0.3006873138676127,8
3.3333333333333286,9.333333333333329,-2.3333333333333144,4.062500000000001,49.916666666666664,9.791666666666668,1.447482638888887,2.0763888888889004,10.776041666666693,0.28265612699525244,0.37948290853436967,0.0869297612578234,8
26.0,9.333333333333329,96.33333333333334,15.208333333333334,30.083333333333336,68.25,69.03298611111111,279.0486111111111,1308.7916666666667,-0.10147174295759924,-0.038780812515819316,-0.7489571951067308,8
8.333333333333343,39.66666666666667,4.0,7.760416666666668,82.14583333333334,18.177083333333336,2.0919053819444464,0.24956597222222368,8.86100260416668,0.5822037999312847,0.34334164735512346,-0.5544177683114302,8
4.333333333333343,39.999999999999986,24.333333333333314,6.020833333333336,82.58333333333333,34.90625,0.5759548611111118,0.4305555555555546,27.265516493055543,-0.4424909576545837,0.006145167435502814,-0.3726153119719366,8
