RangeX,RangeY,RangeZ,MeanX,MeanY,MeanZ,VarX,VarY,VarZ,SkewX,SkewY,SkewZ,Label
4.666666666666657,3.3333333333333286,5.666666666666629,2.037037037037035,46.06481481481481,20.05555555555555,1.7023319615912242,0.6778978052126192,2.398148148148141,0.18625163548071108,-0.5887149959759632,-0.6744647114997137,8
5.666666666666671,10.666666666666657,1.0,3.259259259259258,53.62037037037038,12.14814814814815,1.3401920438957493,0.4453875171467732,5.792866941015084,0.01981132529843045,-0.5564786757321485,0.45028600957608683,8
33.66666666666667,11.666666666666657,97.66666666666666,14.120370370370368,34.03703703703704,68.33333333333334,113.7355109739369,318.9245541838135,1583.9259259259259,0.05254675798173244,-0.24412379095239828,-0.6187566870579977,8
6.666666666666671,47.33333333333334,-5.666666666666686,3.768518518518519,89.76851851851852,6.851851851851854,2.4495027434842265,0.881601508916324,3.5953360768175693,0.25345760081756213,-0.07440141880673315,-0.19221004016042878,8
7.666666666666657,48.0,3.3333333333333144,5.092592592592592,90.37962962962963,11.796296296296298,2.20747599451303,1.149091220850483,9.37825788751713,-0.0015025760339168913,-0.6215921332209354,0.3151230669643205,8
