RangeX,RangeY,RangeZ,MeanX,MeanY,MeanZ,VarX,VarY,VarZ,SkewX,SkewY,SkewZ,Label
5.666666666666657,2.0,6.666666666666686,3.0689655172413794,45.298850574712645,34.0,2.799841458581056,0.30149293169507096,3.6168582375478944,-0.21204274180939597,-0.0659378235944948,0.4645455592468606,8
7.333333333333329,7.000000000000014,-7.0,5.586206896551724,50.298850574712645,15.14942528735632,1.3230281411018623,0.31681860219315766,31.789932619896945,-0.18844213304793328,-0.05232116901343751,-0.865467915075434,8
15.666666666666657,7.666666666666671,65.0,8.218390804597698,31.31034482758621,51.9655172413793,22.860351433478673,330.5511956665346,1009.0754392918485,0.14261620902707953,-0.29259283383433404,-0.290688093668135,8
11.333333333333343,40.33333333333333,-12.0,9.045977011494255,83.88505747126437,11.64367816091954,0.9710661910424103,0.21667327255912264,17.501387237415802,0.8742559775447253,-0.05456603747346842,-0.040903148440373654,8
12.0,40.000000000000014,-10.0,10.49425287356322,83.67816091954025,16.045977011494255,0.7403884264764173,0.11097899326198922,8.886775003302963,-0.707917971617648,0.7600579232184378,0.10490863283545093,8
