RangeX,RangeY,RangeZ,MeanX,MeanY,MeanZ,VarX,VarY,VarZ,SkewX,SkewY,SkewZ,Label
4.0,2.3333333333333286,8.333333333333314,1.6491228070175428,46.29824561403508,21.0,1.064019698368727,0.3437980917205284,3.023391812865498,0.5128047056672155,-0.27475183132528336,-0.6752287595739227,8
6.0,9.333333333333343,2.0,3.6929824561403506,53.35087719298246,11.280701754385968,1.2127577716220364,0.350569405971068,7.6405047706986435,0.09687668571820167,-0.3894361061747647,0.5984661560602095,8
31.33333333333333,10.333333333333343,93.0,15.026315789473687,32.10526315789474,68.41228070175437,140.9145121575869,319.5503231763619,1436.101954447522,0.024912959739203808,0.06604133854035366,-0.6460905663383189,8
7.0,46.66666666666666,-6.333333333333314,4.0964912280701755,89.64035087719299,6.763157894736838,2.999461372730074,0.7156817482302225,4.718759618344116,-0.1584973414601962,0.6294151275455898,-0.9047687749837,8
7.666666666666657,47.0,0.3333333333333144,4.666666666666665,90.56140350877193,9.48245614035088,2.6140350877193024,0.8193290243151706,10.577177593105542,0.31271247701694144,-0.4538506062875045,-0.30207111839004547,8
