RangeX,RangeY,RangeZ,MeanX,MeanY,MeanZ,VarX,VarY,VarZ,SkewX,SkewY,SkewZ,Label
5.333333333333343,2.6666666666666714,11.666666666666657,6.62162162162162,45.531531531531535,23.738738738738736,2.4394123853583305,0.3871439006574144,6.889700511322128,-0.34826934224674416,-0.6721204715693352,-1.542250237759711,8
2.6666666666666714,8.0,-1.0000000000000284,4.531531531531532,50.00900900900901,9.01801801801802,1.2399967535102632,1.4563752942131338,11.969645320996666,-0.2278756015437118,0.022597733358681572,-0.6593726850030494,8
31.666666666666686,9.666666666666657,100.66666666666666,16.405405405405407,34.954954954954964,62.35135135135134,132.31912994075162,240.57154451749045,1364.9005762519278,0.2528202370790269,-0.39949107694657615,-0.6049522078620395,8
5.333333333333343,39.33333333333334,6.999999999999972,6.729729729729732,82.36936936936937,16.67567567567568,2.58160863566269,0.34704975245515784,11.510429348267216,-0.06109687567860943,-0.2522848804201971,-0.4494924199587588,8
4.333333333333343,39.66666666666666,32.33333333333334,6.306306306306306,82.25225225225225,37.783783783783775,0.8190893596299008,0.5429754078402705,21.010307604902227,0.1341761173384241,-1.012066546121774,0.5766090604330512,8
