RangeX,RangeY,RangeZ,MeanX,MeanY,MeanZ,VarX,VarY,VarZ,SkewX,SkewY,SkewZ,Label
25.33333333333333,15.666666666666671,26.333333333333314,5.1,48.28333333333333,28.55833333333333,17.873333333333335,9.67527777777778,25.102152777777754,3.196725179597355,-3.082962030981128,-1.2571518134139,8
25.999999999999986,21.0,72.0,6.716666666666666,46.7,26.525,23.20305555555556,264.9322222222223,260.0382638888889,2.8786542116346605,-2.1874337199382445,1.2020494392762089,8
36.0,20.333333333333343,88.66666666666666,14.85,34.94166666666667,57.45,121.12749999999998,330.5938194444445,1102.6641666666667,0.31395365759242805,-0.3992569492095689,-0.5227401272971066,8
9.666666666666657,72.0,27.0,6.15,104.26666666666665,12.774999999999997,5.327500000000005,1.4733333333333314,75.69659722222221,-0.5729382225267353,-1.3800462248977865,1.4336007417110634,8
12.333333333333314,71.0,35.333333333333314,8.391666666666666,101.925,20.966666666666665,10.427152777777781,1.79715277777778,126.43222222222221,-1.0085217840509615,-0.46497043553726625,0.6387702491399272,8
