RangeX,RangeY,RangeZ,MeanX,MeanY,MeanZ,VarX,VarY,VarZ,SkewX,SkewY,SkewZ,Label
4.0,2.6666666666666714,6.333333333333314,2.8518518518518507,38.68518518518518,2.8703703703703636,1.082990397805207,0.38237311385459616,2.193072702331955,0.1798416456301423,-0.6033038847921594,0.20752048431370035,8
4.666666666666671,14.666666666666657,21.666666666666686,4.055555555555555,49.18518518518519,16.38888888888889,1.052469135802468,0.9965706447187911,5.435185185185191,-0.32269492483933276,0.35126939575951566,-0.2020593480085265,8
23.0,14.333333333333343,111.66666666666666,12.26851851851852,29.944444444444443,67.22222222222223,59.50505829903979,277.0154320987654,1554.858024691358,0.1437618039561184,-0.2462283516669624,-0.6948156889664439,8
4.333333333333329,43.0,26.666666666666686,3.074074074074074,78.82407407407408,20.564814814814813,1.4389574759945094,0.44127229080933067,8.474194101508907,0.4594073471402523,-0.09593804536154832,0.259690110238174,8
1.3333333333333428,43.66666666666666,35.333333333333314,1.0740740740740746,79.3888888888889,25.490740740740744,0.4266117969821655,0.4537037037037024,20.416580932784612,0.0644538456312734,0.034786896685816006,-0.011352921881029548,8
