RangeX,RangeY,RangeZ,MeanX,MeanY,MeanZ,VarX,VarY,VarZ,SkewX,SkewY,SkewZ,Label
4.666666666666657,2.333333333333343,9.0,5.398148148148149,42.92592592592592,23.361111111111104,2.3322187928669424,0.3093278463648835,5.094907407407413,0.1501889670691666,-1.2246562860776908,-0.32059884103234576,8
6.333333333333329,8.333333333333329,-4.666666666666629,7.194444444444445,48.388888888888886,7.944444444444445,1.9282407407407425,0.688271604938269,10.916666666666673,-0.20958173646613598,-0.48226777823899797,-0.0044876544063316695,8
28.0,8.666666666666671,87.00000000000003,12.314814814814817,33.52777777777777,54.74999999999999,89.82681755829906,272.65663580246917,1295.7060185185187,0.8875871150399105,-0.7339478698781112,-0.11635925744000306,8
0.0,36.33333333333333,-3.0,1.518518518518519,76.84259259259258,8.101851851851846,1.0274348422496604,0.12028463648834069,11.819873113854612,0.3487323167447582,0.2959753808567152,0.34931239245758394,8
4.666666666666657,36.33333333333333,15.333333333333371,6.490740740740745,76.78703703703704,23.462962962962965,0.7869513031550023,0.3404492455418358,17.989368998628276,-0.1591629235588126,-0.7467909582184699,0.2940517114745811,8
