RangeX,RangeY,RangeZ,MeanX,MeanY,MeanZ,VarX,VarY,VarZ,SkewX,SkewY,SkewZ,Label
11.0,3.666666666666657,17.666666666666686,7.234234234234236,44.288288288288285,19.225225225225223,8.683873062251445,0.4514243973703431,22.757081405730077,0.27698992260123434,-1.6566532551918194,-0.2348991356102423,8
12.333333333333343,11.999999999999986,24.666666666666686,8.378378378378379,51.846846846846844,22.03603603603604,3.334307280253224,0.7963639314990656,73.88458728999277,0.7613423144438706,-0.6280371447641332,-0.5114673037814392,8
26.666666666666686,15.666666666666671,110.33333333333334,13.252252252252253,37.108108108108105,66.68468468468468,95.30573817060308,331.4537781024269,1732.8945702459218,0.006806782737214156,-0.4730379796381307,-0.594949484006102,8
8.333333333333343,54.999999999999986,6.333333333333371,4.072072072072071,94.8918918918919,7.873873873873873,11.628439250060874,0.943267591916236,13.023131239347473,0.39768571245166534,-0.21538267772921588,-0.5734838113227004,8
13.0,55.33333333333333,33.0,9.486486486486486,95.58558558558559,28.98198198198198,10.784351919487044,0.5249573898222539,48.684360035711336,-0.0866199885534558,0.20290220288340285,-0.2560915630749136,8
