RangeX,RangeY,RangeZ,MeanX,MeanY,MeanZ,VarX,VarY,VarZ,SkewX,SkewY,SkewZ,Label
5.333333333333314,3.6666666666666714,9.333333333333343,6.236842105263159,45.48245614035088,23.157894736842106,2.51992920898738,0.5070021545090794,5.6066481994459885,-0.2893756573100204,-1.2395403961955416,-0.8073591344212712,8
2.999999999999986,9.333333333333343,0.6666666666666572,4.377192982456139,49.78947368421051,10.219298245614036,0.8606494305940269,1.990766389658362,11.77939365958754,0.6918089329015458,0.5259009174161431,-0.6283348706363986,8
29.666666666666657,10.666666666666657,93.33333333333334,15.035087719298241,35.192982456140356,58.21929824561405,132.5309325946445,259.4656817482302,1401.0425515543243,0.34172300140210626,-0.4718787054463029,-0.3477789372116637,8
7.333333333333314,40.33333333333334,6.666666666666657,7.587719298245615,82.30701754385964,17.491228070175442,2.7627731609726127,0.230301631271159,10.77039088950444,0.4081146398519012,0.24404246571504581,-0.24040564447156482,8
4.666666666666657,40.66666666666666,23.666666666666657,6.201754385964911,82.48245614035086,34.973684210526315,0.968067097568483,0.3023237919359813,12.025623268698043,-0.10293742410191885,-0.1358472878415932,-0.013483299012156844,8
