RangeX,RangeY,RangeZ,MeanX,MeanY,MeanZ,VarX,VarY,VarZ,SkewX,SkewY,SkewZ,Label
4.0,3.0,7.333333333333314,1.6929824561403504,46.622807017543856,21.2280701754386,1.838488765774079,0.5916435826408124,3.1351184979993985,0.23618043361383567,-0.4819756688673038,-0.5251601110044627,8
5.0,9.666666666666671,1.3333333333333428,3.3333333333333335,53.31578947368422,12.403508771929825,1.345029239766084,0.29208987380732565,6.316712834718374,-0.4648662172965081,0.010980085294207527,-0.2774186480057911,8
32.0,10.999999999999986,93.0,13.245614035087717,36.192982456140356,56.359649122807014,120.08587257617728,319.7697753154816,1396.7332256078796,0.1584537224001989,-0.3607700829016132,-0.23577041598341905,8
7.666666666666671,46.999999999999986,-3.6666666666666856,4.535087719298247,89.83333333333333,7.929824561403505,4.079178208679591,0.7880116959064316,5.340104647583863,-0.4406286612514799,-0.30931901495753644,-0.07251989266315025,8
8.333333333333343,47.33333333333333,2.3333333333333144,4.377192982456141,90.35087719298247,14.149122807017546,3.2875500153893533,1.3447214527546902,6.787703908895061,0.5433588390796151,-0.5766698404719635,-0.3773136909489696,8
