RangeX,RangeY,RangeZ,MeanX,MeanY,MeanZ,VarX,VarY,VarZ,SkewX,SkewY,SkewZ,Label
12.0,3.6666666666666714,15.333333333333343,5.774509803921568,49.980392156862735,30.66666666666666,8.141964628988854,0.692425990003845,11.307189542483654,0.41119469396748287,0.48663385286842886,-1.5407421267192503,8
7.666666666666657,7.666666666666671,19.666666666666686,5.127450980392156,52.8235294117647,22.686274509803926,2.1961745482506743,2.1910803537101096,103.60745866974237,0.018824326645491236,0.13969126824288564,-0.26127835131715826,8
38.33333333333333,6.666666666666671,101.66666666666669,16.84313725490196,34.57843137254901,63.117647058823515,148.43291041906963,339.83208381391756,1119.0253748558248,0.1845924488108785,-0.355119899273697,-0.3896632659403601,8
9.666666666666657,57.66666666666667,12.666666666666686,6.499999999999998,104.40196078431372,11.784313725490204,5.5049019607843075,0.5214340638216092,51.86851211072661,-1.0596461468825187,-0.265721531115482,0.5664663019201204,8
11.666666666666657,56.33333333333333,24.0,9.529411764705882,102.67647058823529,22.558823529411764,1.785082660515184,0.4476163014225283,58.85438292964243,-0.43429887784924115,0.13427143842151998,0.49858237067801287,8
