RangeX,RangeY,RangeZ,MeanX,MeanY,MeanZ,VarX,VarY,VarZ,SkewX,SkewY,SkewZ,Label
5.0,2.333333333333343,8.666666666666686,2.4772727272727253,38.71212121212121,3.189393939393935,1.3908976124885186,0.351469237832874,3.7898875114784145,-0.3335824371369386,-0.812186496812949,1.0586046443942747,8
6.666666666666671,14.000000000000014,25.33333333333337,3.8257575757575752,49.06818181818182,18.818181818181817,1.6034779614325054,1.4877754820936628,12.734618916437114,0.2367330861302347,0.07565113870721148,-0.9090360379963244,8
23.0,13.666666666666671,112.66666666666669,12.68939393939394,25.227272727272727,80.10606060606061,41.360594582185485,254.82208448117538,1288.640266299357,-0.11101409262649707,0.22282953627974536,-1.2917443367479446,8
6.0,42.33333333333333,27.0,3.166666666666666,78.40151515151516,20.99242424242424,1.042929292929294,0.29080578512396743,9.219639577594094,0.5808829105881838,0.24668160141425646,0.3897466061143861,8
2.333333333333343,43.33333333333333,30.33333333333337,1.0075757575757565,79.65151515151514,24.333333333333336,0.3408516988062443,0.18663911845730033,9.767676767676774,0.016058957589621076,-0.22880615183292446,-0.3219517028210095,8
