RangeX,RangeY,RangeZ,MeanX,MeanY,MeanZ,VarX,VarY,VarZ,SkewX,SkewY,SkewZ,Label
4.0,1.6666666666666714,8.0,4.580246913580247,46.629629629629626,36.39506172839506,1.3217497332723664,0.20850480109739433,4.4282883706752045,-0.3111813673614883,0.45998310860105757,0.5813086960043167,8
8.999999999999986,8.333333333333343,-6.333333333333314,8.45679012345679,53.160493827160494,12.308641975308644,1.639079408626735,0.900167657369307,45.431489102270994,0.7400283834165321,-0.8190948163228394,0.20796576081298176,8
10.0,9.0,68.66666666666667,8.037037037037035,31.97530864197531,54.160493827160494,9.311385459533614,399.76070720926697,1170.4063404968754,-0.7818778650378723,-0.11782020078795771,-0.17017185927745532,8
9.333333333333329,42.0,-21.333333333333314,9.641975308641975,86.49382716049382,4.1234567901234565,1.6207895137936292,0.6367931717725985,9.647309861301638,-0.30212336776199217,-0.17149082241622746,0.766419764192849,8
12.0,42.0,-6.666666666666657,11.962962962962958,86.64197530864197,18.71604938271605,1.8134430727023345,0.5261393080323095,16.22801402225271,-0.30673839406438264,-0.33635106112960234,-0.16599310764338765,8
