RangeX,RangeY,RangeZ,MeanX,MeanY,MeanZ,VarX,VarY,VarZ,SkewX,SkewY,SkewZ,Label
11.0,3.666666666666657,21.333333333333314,5.211111111111112,47.34444444444445,26.688888888888876,10.048024691358016,0.877654320987653,34.16246913580243,0.3250777426361505,0.3983553239658445,-0.1404552306415511,8
8.999999999999986,4.666666666666671,12.333333333333314,6.666666666666667,48.82222222222222,14.677777777777775,0.8740740740740729,1.301728395061727,42.62580246913576,0.280999512930267,-0.6891955946065496,-0.4772049715424182,8
33.999999999999986,5.666666666666671,92.33333333333331,11.433333333333334,34.2,60.18888888888888,91.37888888888885,240.3377777777778,1484.382839506173,0.6512792436356425,-0.5561852560769035,-0.49564829613555195,8
8.999999999999986,47.33333333333333,-6.333333333333371,5.533333333333335,91.1111111111111,4.377777777777779,3.745185185185183,0.7654320987654354,4.916543209876521,0.11299372248868311,0.47604563733622157,0.11154136260809133,8
9.666666666666657,46.999999999999986,11.666666666666629,6.4111111111111105,91.54444444444444,13.588888888888887,4.864320987654309,0.31469135802469234,69.14580246913576,0.17459921527644226,0.33527866367600523,0.07151348056943324,8
