RangeX,RangeY,RangeZ,MeanX,MeanY,MeanZ,VarX,VarY,VarZ,SkewX,SkewY,SkewZ,Label
5.0,1.6666666666666714,4.666666666666629,2.72,44.84,32.62666666666667,1.7127111111111062,0.2321777777777794,1.8250666666666624,0.5267292020875652,0.39714354689552384,0.2528889261142657,8
6.666666666666671,7.666666666666657,-10.333333333333371,5.866666666666665,50.53333333333333,12.41333333333333,0.7377777777777778,0.23111111111111057,20.269155555555532,-0.33944896485710657,0.7200435239462283,-0.18276877997918442,8
12.666666666666686,8.0,62.66666666666666,6.253333333333335,28.94666666666667,55.21333333333333,11.47804444444446,357.8371555555555,939.4122666666666,0.308580209097095,-0.05974714787329669,-0.5475391419734248,8
9.666666666666686,40.66666666666666,-11.0,8.74666666666667,83.82666666666668,11.946666666666669,0.6869333333333344,0.1699555555555547,16.38826666666673,0.05300794321934638,-0.08099110189775625,0.2094600303698659,8
11.666666666666686,40.33333333333334,-10.666666666666686,10.77333333333333,83.66666666666666,16.093333333333337,0.8063999999999965,0.14222222222222275,5.826844444444458,-0.3048325790507426,-0.49718445552170365,-0.2398143939334536,8
