RangeX,RangeY,RangeZ,MeanX,MeanY,MeanZ,VarX,VarY,VarZ,SkewX,SkewY,SkewZ,Label
6.0,2.3333333333333286,8.333333333333314,4.916666666666668,42.775,26.65,2.4819444444444416,0.29659722222222135,5.394166666666668,-0.016872251059119686,-0.08299591072523253,-0.27351097439756017,8
7.666666666666671,7.999999999999986,-9.666666666666686,7.716666666666667,48.733333333333334,4.358333333333336,1.758611111111113,0.36222222222222167,10.874374999999988,-0.5776881687538084,-0.6819475415170457,0.872644041799936,8
33.66666666666666,8.999999999999986,85.0,13.216666666666665,36.233333333333334,49.2,99.1863888888889,242.20666666666665,1569.6488888888885,1.0020582383204648,-0.8586798166306319,0.062261118306558234,8
1.6666666666666714,35.999999999999986,-7.333333333333314,1.7333333333333332,76.85833333333333,8.799999999999997,0.5177777777777782,0.14937500000000126,9.76555555555556,-0.15447995683844382,0.2026243551792496,-0.02546464851131904,8
6.333333333333343,36.33333333333333,6.333333333333314,6.9333333333333345,76.8,22.749999999999993,0.5900000000000009,0.22111111111110987,11.481944444444448,0.07306270333764345,0.49799795206114017,-0.27603507519082565,8
