RangeX,RangeY,RangeZ,MeanX,MeanY,MeanZ,VarX,VarY,VarZ,SkewX,SkewY,SkewZ,Label
9.666666666666657,8.333333333333343,47.0,13.540229885057474,48.33333333333333,32.55172413793103,5.129607609988117,5.325670498084298,166.6994318932488,-0.6778134475963146,-0.5000373181228909,0.6130148950613371,8
15.333333333333329,3.000000000000014,60.33333333333337,13.758620689655169,36.39080459770115,54.94252873563219,35.577751354207976,34.6748579733122,274.68252080856126,0.07725389738044584,-0.8533494064324922,-0.9817115213640475,8
25.333333333333314,8.666666666666671,101.66666666666669,15.091954022988508,32.59770114942529,70.6896551724138,90.7425023120623,247.91861540494125,830.3213106090634,-0.20783290282910094,-0.5929692354282926,-0.9560452545157861,8
16.0,39.000000000000014,18.0,17.459770114942526,80.91954022988506,23.862068965517235,10.156427533359757,0.901572202404546,28.770247060377862,0.11051810578707523,-0.22109098628026932,0.06499687015875596,8
26.666666666666657,30.33333333333333,46.0,28.64367816091954,72.0574712643678,48.275862068965516,9.263839344695462,0.8894173602853741,81.33386180472982,0.1932407493758614,-0.5408504753013644,-0.2807655022764906,8
