RangeX,RangeY,RangeZ,MeanX,MeanY,MeanZ,VarX,VarY,VarZ,SkewX,SkewY,SkewZ,Label
7.0,5.0,12.333333333333314,7.543859649122806,44.57894736842105,19.85964912280702,3.973222530009235,1.389966143428748,10.927670052323792,-0.06402162468027073,-1.042040330947356,0.009000659622603987,8
8.333333333333329,13.666666666666657,27.0,8.12280701754386,52.4298245614035,25.219298245614038,4.639889196675898,1.0579409048938135,84.76184979993842,0.43573849528173103,-0.014447746519250187,-0.5845355232424577,8
33.66666666666666,17.0,111.33333333333331,13.526315789473687,36.833333333333336,68.23684210526318,109.36041859033546,399.26754385964915,2289.0988765774086,0.7505196245276057,-0.5146549198236933,-0.3176831597037895,8
4.0,55.33333333333334,0.3333333333333144,3.5526315789473686,94.62280701754385,7.754385964912278,5.639042782394585,0.8080178516466606,13.389966143428756,0.07335502865245595,0.09952758887528218,-0.20158750445542412,8
9.666666666666657,57.0,26.66666666666663,8.552631578947368,95.48245614035086,31.070175438596493,9.305709449061244,0.8520313942751645,33.47460757156043,-0.3488769820261229,0.3798580281890928,-0.3845237539681808,8
