RangeX,RangeY,RangeZ,MeanX,MeanY,MeanZ,VarX,VarY,VarZ,SkewX,SkewY,SkewZ,Label
6.333333333333343,3.666666666666657,18.0,6.051282051282051,42.863247863247864,24.641025641025646,2.7779969318430915,0.6650595368544089,15.87683541529697,0.8564776110282211,-0.3817156391324797,-0.2150098967691005,9
6.0,8.999999999999986,0.33333333333337123,7.162393162393162,48.5897435897436,5.153846153846152,1.7713492585287463,0.4242822704361136,13.856673241288648,0.01925027263784158,0.1394440791498719,0.8203281786986804,9
42.0,9.999999999999986,90.66666666666669,14.794871794871796,32.21367521367521,67.52136752136751,132.81832127985976,202.48140843012638,941.9931331726207,1.3548220888915297,-0.4626542023084149,-0.8439410610878066,9
0.3333333333333286,37.33333333333333,2.3333333333333712,1.8119658119658122,76.76923076923075,7.572649572649575,0.967492146979326,0.2117028270874444,13.196288991160815,0.24717848712485163,0.13914648537610985,0.3674670913942121,9
3.333333333333343,37.33333333333333,21.666666666666686,6.333333333333333,76.86324786324785,24.94871794871795,0.34188034188034433,0.4656293374242087,20.52728468113084,0.1995306993923571,-0.20968663556216877,0.4587209302670362,9
