RangeX,RangeY,RangeZ,MeanX,MeanY,MeanZ,VarX,VarY,VarZ,SkewX,SkewY,SkewZ,Label
6.333333333333343,2.0,8.333333333333314,3.547619047619048,45.357142857142854,35.08333333333335,2.477891156462578,0.27721088435374186,3.8224206349206478,0.2727572106974825,-0.33513894664325355,-0.9391338694250492,9
7.333333333333329,7.666666666666671,0.0,5.547619047619047,50.71428571428571,15.25,1.1604308390022688,0.25963718820861675,25.536706349206373,0.48737758113299967,0.6586660890959828,0.8318201554448666,9
24.666666666666657,7.666666666666671,65.99999999999997,8.988095238095235,30.654761904761898,55.82142857142856,39.35303287981858,358.86096938775506,1247.6943027210884,0.9867989509301061,-0.14849593570887454,-0.4714544055322257,9
11.0,40.000000000000014,-12.666666666666686,9.29761904761905,83.66666666666667,10.17857142857143,1.2725340136054453,0.18253968253968209,14.90065192743768,0.16412005829537465,0.10176384751376477,-0.36289350399114706,9
9.666666666666657,40.000000000000014,-4.0,9.73809523809524,83.74999999999999,17.642857142857146,0.6456916099773238,0.18750000000000155,10.920068027210915,-1.766432229891689,0.3115858595628068,0.26588841317066525,9
