RangeX,RangeY,RangeZ,MeanX,MeanY,MeanZ,VarX,VarY,VarZ,SkewX,SkewY,SkewZ,Label
13.333333333333343,3.3333333333333286,19.66666666666663,5.944444444444444,49.64814814814816,29.018518518518515,12.922839506172851,0.5366941015089137,21.067558299039753,0.4052658303034436,-0.4631770782975367,-0.7745362448413681,9
8.000000000000014,7.333333333333329,27.333333333333314,5.37962962962963,52.96296296296296,20.564814814814813,4.982424554183814,1.7146776406035662,196.46802126200268,-0.17055658514478195,-0.4640543815028528,0.41877974480332253,9
37.33333333333334,7.999999999999986,105.66666666666666,9.000000000000004,33.92592592592593,83.8425925925926,80.57407407407408,282.90809327846375,1224.2807784636489,1.465360867104937,-0.5230970026225152,-1.2213688533394984,9
11.0,57.66666666666667,12.666666666666629,6.722222222222222,104.20370370370371,13.31481481481481,7.558641975308632,0.38443072702332143,52.87002743484229,-0.43341874243849593,-0.5635637092741216,0.6866152352123934,9
10.333333333333343,55.999999999999986,25.66666666666663,8.870370370370368,102.67592592592591,21.351851851851855,1.4399862825788734,0.3486796982167323,108.95644718792863,-0.8082724263918641,-0.07202978345307166,-0.06571310946797708,9
