RangeX,RangeY,RangeZ,MeanX,MeanY,MeanZ,VarX,VarY,VarZ,SkewX,SkewY,SkewZ,Label
6.0,2.0,5.0,3.728395061728397,45.24691358024692,35.333333333333336,1.9756134735558577,0.35055631763450834,2.493827160493829,-0.0019163347697066936,-0.16042917700672776,-0.13375319662200563,9
8.666666666666657,7.333333333333329,-11.666666666666686,5.592592592592593,50.85185185185184,12.814814814814818,1.097393689986282,0.17558299039780623,10.611796982167377,1.1217365200048077,-0.013810679319939432,-0.25628722736009224,9
22.0,7.666666666666671,68.33333333333331,8.370370370370372,32.03703703703704,57.308641975308646,28.8587105624143,344.95747599451306,1388.3862216125592,0.6108952156470291,-0.25843953898822275,-0.40971611634977956,9
9.666666666666657,40.000000000000014,-18.666666666666686,9.037037037037035,83.65432098765433,10.308641975308635,0.8175582990397773,0.1850327693949089,7.275110501447933,-1.1528352545961758,-0.5515523110838231,-0.5900839831140082,9
11.0,40.33333333333333,-10.666666666666686,10.074074074074078,83.75308641975309,16.666666666666668,0.5048010973936877,0.1859472641365645,8.674897119341553,-0.015581919528730977,0.43428298257429687,0.10565767903120293,9
