RangeX,RangeY,RangeZ,MeanX,MeanY,MeanZ,VarX,VarY,VarZ,SkewX,SkewY,SkewZ,Label
5.666666666666657,2.0,5.666666666666657,4.130434782608694,47.00000000000001,36.07246376811594,2.6738080235244617,0.1932367149758449,1.7387103549674436,0.1060313973059941,-1.1374313166077759,1.258678189625257,9
8.666666666666657,8.999999999999986,-17.666666666666686,8.231884057971016,52.98550724637681,10.318840579710145,0.7868094938038223,0.7195967233774382,16.139886578449925,0.24539375534809577,-0.014691011698310698,-0.565862521839766,9
20.0,7.333333333333329,58.333333333333314,7.898550724637681,22.550724637681164,70.81159420289855,30.352026885108177,341.1073303927746,383.28334383532876,0.9389279698635499,0.372948263542996,-0.8658665547250854,9
11.999999999999986,41.66666666666667,-19.333333333333343,10.768115942028984,86.27536231884059,6.405797101449277,2.042848141146821,0.2575089266960751,14.830497794580966,-0.38150599343712477,0.5167315698407622,0.505501340089841,9
11.0,42.33333333333333,-4.0,10.434782608695652,86.92753623188406,19.246376811594207,0.661205629069527,0.5116572148708225,37.43205208989708,0.07602549334400674,-0.693815259327098,-0.030808857820887783,9
