RangeX,RangeY,RangeZ,MeanX,MeanY,MeanZ,VarX,VarY,VarZ,SkewX,SkewY,SkewZ,Label
6.0,3.333333333333343,7.0,2.376068376068374,38.70940170940172,3.478632478632479,2.508145226093945,0.4853532033019215,4.602819782306963,0.6790622815436805,-1.6194333580920317,-0.21223799149437886,9
7.0,15.000000000000014,24.666666666666686,4.427350427350427,49.43589743589744,16.31623931623932,1.6407334356052314,1.1233837387683565,23.019650814522567,0.21546439034073372,0.2543413813785404,-0.05139276244867397,9
28.333333333333343,15.000000000000014,114.0,13.41025641025641,27.051282051282044,72.73504273504274,66.4014902476441,346.14551829936437,1592.0409087588575,0.15341253108913094,-0.007840869678397925,-0.9074290841253158,9
4.333333333333329,43.66666666666667,27.666666666666686,2.991452991452991,78.66666666666667,21.444444444444443,0.7036306523486004,0.2962962962962946,6.708452041785353,-0.21238936213507253,0.6712544006665166,0.6904636601198663,9
2.666666666666657,44.000000000000014,33.666666666666686,1.0854700854700856,79.30769230769228,25.66666666666667,0.33457520637007615,0.3725619110234497,10.569800569800542,0.3975161615500491,-0.36250780292969104,0.6358988766205513,9
