RangeX,RangeY,RangeZ,MeanX,MeanY,MeanZ,VarX,VarY,VarZ,SkewX,SkewY,SkewZ,Label
8.666666666666657,6.333333333333329,29.66666666666663,14.444444444444448,47.90740740740741,32.23148148148148,6.895061728395062,2.2383401920438946,102.27666323731137,-0.3029439851689932,0.0224647354839024,-0.22281661243434558,9
20.33333333333333,-3.666666666666657,71.66666666666666,14.675925925925927,33.657407407407405,63.98148148148149,87.57707475994513,30.9042352537723,140.06138545953357,-0.009301259885861222,-0.13959179881445535,0.0006823082577911591,9
34.33333333333333,3.666666666666657,96.99999999999997,16.435185185185183,26.75,63.21296296296296,120.4927126200274,324.2677469135802,1637.4885973936898,0.5948139907640128,0.0033051902968703507,-0.44580408581813397,9
16.333333333333314,37.66666666666666,16.333333333333314,18.02777777777778,81.2685185185185,21.30555555555555,31.039351851851833,0.8013545953360768,41.39737654320989,0.1412645312210167,0.01824344835054636,-0.09380516911366188,9
24.33333333333333,30.333333333333343,45.66666666666663,29.444444444444443,72.25925925925927,45.2037037037037,7.524691358024703,3.692043895747591,138.81035665294928,-0.1416194439266386,-0.21697059669429208,-0.021110154294274486,9
