RangeX,RangeY,RangeZ,MeanX,MeanY,MeanZ,VarX,VarY,VarZ,SkewX,SkewY,SkewZ,Label
6.0,2.0,3.333333333333343,4.387096774193549,46.91397849462365,35.36559139784946,2.3447797433229307,0.20765406405364645,0.9201063706786922,0.33152962479729153,-0.9673234318736318,0.4310717724876701,9
8.666666666666671,8.999999999999986,-13.333333333333343,8.462365591397848,53.07526881720431,13.387096774193544,0.7432073072031442,0.9441553936871289,14.739044976297828,0.006345033954858771,0.4091780616510691,-0.23991629953220767,9
18.0,8.333333333333329,58.33333333333334,7.65591397849462,30.741935483870964,58.80645161290323,19.336801942421072,388.585732454619,744.0270551508844,0.8308044197313423,-0.1976057824335456,-0.32913366278925765,9
11.333333333333343,41.66666666666667,-21.666666666666657,10.451612903225804,86.44086021505376,6.924731182795702,1.2297375419123608,0.19632327436697958,10.184298762862749,-0.24322155124914008,0.5487276337643703,-0.004036659942290049,9
11.0,42.33333333333333,-9.333333333333343,10.98924731182796,86.81720430107528,18.68817204301075,0.8493467452884739,0.2138975604116047,10.924268701583978,-0.05810199697146093,0.824767571403134,0.17471354661871563,9
