RangeX,RangeY,RangeZ,MeanX,MeanY,MeanZ,VarX,VarY,VarZ,SkewX,SkewY,SkewZ,Label
9.666666666666657,4.333333333333329,20.666666666666686,7.186991869918701,45.040650406504064,23.780487804878053,7.664221032454228,0.7869654306299156,25.217397052019308,0.3268144116980179,-1.761478830993024,-2.0136827021657435,9
13.999999999999986,11.333333333333329,18.00000000000003,5.097560975609756,50.479674796747965,11.406504065040648,10.814330094520455,8.601890409148002,24.60440214158242,2.81051072099588,-1.8805554361937646,0.8977978213244265,9
35.0,12.666666666666671,103.33333333333334,13.951219512195122,36.349593495934954,54.98373983739837,129.63989688677373,319.19214753123146,1627.1596272060283,0.6789171583088833,-0.5509988018663148,-0.1252663701013871,9
6.333333333333314,41.66666666666667,15.333333333333343,7.10569105691057,82.3089430894309,16.569105691056915,3.557935091546038,0.24601758212703959,23.920021151431023,-0.7690071537560871,-1.1626770870656624,-1.4249753321164988,9
3.666666666666657,41.999999999999986,65.00000000000003,5.406504065040653,81.78048780487805,41.764227642276424,1.7209333068940502,3.72688214687024,110.17476369885647,-1.397919110262783,-2.274100963573766,1.8520267306304505,9
