RangeX,RangeY,RangeZ,MeanX,MeanY,MeanZ,VarX,VarY,VarZ,SkewX,SkewY,SkewZ,Label
9.0,5.333333333333329,25.0,7.025641025641026,43.67307692307691,16.37820512820513,4.183103221564757,1.4679076265614721,32.547131821170304,0.4792046070718936,-0.8300560015693702,-1.08151007410264,9
11.333333333333329,12.333333333333329,47.666666666666686,8.852564102564104,51.07051282051281,30.897435897435894,6.625698553583172,2.548446745562127,48.61768573307037,0.41361718684202936,-0.8733315653713463,-0.012101443658220742,9
40.66666666666666,17.66666666666667,126.00000000000003,12.179487179487179,32.99358974358974,68.53205128205127,145.2113740959895,479.62602728468113,2547.351536817883,1.429388707780372,-0.1475450744358299,-0.31508470796936383,9
7.333333333333329,55.33333333333333,42.666666666666686,3.5448717948717956,93.99358974358977,14.929487179487182,6.525764299802761,1.7969674556212971,39.659557856673246,1.1864515958734614,-1.5435941938684514,1.2812570773806229,9
7.666666666666657,57.33333333333333,45.666666666666686,6.634615384615385,96.11538461538461,26.820512820512818,4.437006903353055,0.5166009204470727,47.71137409598948,0.6470049189130186,0.30840332139325494,0.7999081376138518,9
