RangeX,RangeY,RangeZ,MeanX,MeanY,MeanZ,VarX,VarY,VarZ,SkewX,SkewY,SkewZ,Label
14.666666666666657,4.0,15.333333333333371,6.324786324786326,49.38461538461538,28.846153846153847,14.98853093724888,0.6469428007889527,14.7284681130835,0.4575128086404954,0.7392390974938902,-0.9466044096996042,9
10.333333333333329,7.666666666666671,28.666666666666686,4.811965811965813,52.324786324786324,25.786324786324787,5.879173058660237,2.749214697932654,194.31046825918622,-0.06453839913857835,-0.39224375581849,-0.13169114385226394,9
38.33333333333333,7.666666666666671,90.00000000000003,10.965811965811962,34.55555555555556,74.82051282051282,84.97888815837533,281.85944919278256,1319.999123383739,1.3484229182332024,-0.469756027521838,-1.0867871433693055,9
12.333333333333343,57.66666666666667,9.0,7.367521367521369,104.05982905982906,14.77777777777777,9.320768500255685,0.41522390240339074,47.0161443494777,-0.28536122325817026,-0.23320194437248115,0.24734843925301117,9
10.0,55.999999999999986,21.33333333333337,8.111111111111109,102.68376068376068,20.470085470085476,0.9876543209876549,0.415662210534005,127.8730367448316,-0.12104867993579985,-0.4126711496472405,-0.21820137850977395,9
