RangeX,RangeY,RangeZ,MeanX,MeanY,MeanZ,VarX,VarY,VarZ,SkewX,SkewY,SkewZ,Label
7.333333333333343,3.0,7.666666666666686,1.960317460317464,45.888888888888886,19.873015873015873,3.990488788107834,0.5537918871252194,3.920382968002015,1.3068836775133457,-0.015216141077979382,-0.7668362704109636,9
4.666666666666671,10.333333333333329,11.666666666666686,3.103174603174602,53.30158730158731,12.936507936507935,1.1454396573444212,0.41698160745779544,27.286974048878818,-0.638977748849212,0.036255239821582186,1.5308947457001003,9
37.66666666666667,10.666666666666671,84.66666666666666,10.063492063492063,41.349206349206355,56.619047619047606,118.80020156210637,205.90980095742006,1110.6961451247164,1.2266588841303236,-1.1308747082005053,-0.20150461369152964,9
10.0,46.66666666666667,-4.0,5.357142857142857,89.86507936507935,6.3015873015873005,4.134353741496599,0.8257117661879543,6.210632401108596,-0.5339303058751416,-0.4033742373099208,-0.2426681696538933,9
5.666666666666657,47.33333333333333,5.333333333333314,3.317460317460317,90.35714285714286,9.817460317460315,1.0526581002771467,0.9121315192743724,23.202128999748066,0.09867239473410197,-0.11428437087846627,0.43506034819150646,9
