RangeX,RangeY,RangeZ,MeanX,MeanY,MeanZ,VarX,VarY,VarZ,SkewX,SkewY,SkewZ,Label
9.0,7.0,26.0,7.0598290598290605,43.692307692307686,16.358974358974365,5.4294689166484,1.9964935349550768,49.29563883410036,-0.6539180347282176,-1.8612102717509889,-0.7940948146051168,9
11.999999999999986,17.000000000000014,43.0,8.76068376068376,51.81196581196581,32.333333333333336,6.005405800277593,2.209657389144578,70.33048433048431,0.16122812939895367,0.13055024817554464,-0.5099483845538834,9
45.33333333333333,19.33333333333333,126.99999999999999,14.162393162393164,30.13675213675213,77.24786324786325,155.02491051208997,434.36306523485996,2149.867338739133,1.1367195279564448,0.09397562285265341,-0.7290977620062717,9
31.0,51.66666666666667,54.333333333333314,26.273504273504276,79.83760683760683,36.341880341880334,10.59756008473958,36.63174811892759,126.76630871502664,-1.640289136579462,-0.8392501523423259,-0.713143714111162,9
26.0,51.000000000000014,79.0,20.70940170940171,84.46153846153847,49.47863247863248,14.206150924099674,4.111768573307034,88.06150924099651,0.12165314248870052,-0.5183061254079371,1.8950600833574673,9
