RangeX,RangeY,RangeZ,MeanX,MeanY,MeanZ,VarX,VarY,VarZ,SkewX,SkewY,SkewZ,Label
10.0,2.3333333333333286,15.0,5.189189189189187,47.68468468468468,25.099099099099096,8.850093336579814,0.22189757324892484,11.77696615534452,0.297933978778521,0.47893567764073547,-1.3645408984509664,9
7.333333333333343,4.333333333333329,8.666666666666629,5.828828828828829,48.936936936936924,13.639639639639638,1.2529827124421724,1.6146416686957266,31.21548575602636,-0.37341575031165697,-0.19104830722174873,-0.7666488777325126,9
34.000000000000014,4.666666666666671,98.66666666666666,9.585585585585587,27.504504504504503,73.58558558558558,76.45288531775017,252.58631604577553,1159.179612044477,1.5785348432705337,0.18013206754664637,-0.9713742575646066,9
2.333333333333343,45.999999999999986,4.666666666666629,1.0900900900900896,91.81981981981981,7.486486486486483,0.6225144062981909,0.2738414089765412,26.057625192760327,0.5812268726404811,0.17964855907892519,0.37742341800455687,9
3.0,45.999999999999986,13.0,1.8198198198198177,92.20720720720718,13.990990990990992,1.1747423098774392,0.17628439250060887,23.9128317506696,-0.09732521072866701,-0.3970740420243882,0.7571452363706129,9
