RangeX,RangeY,RangeZ,MeanX,MeanY,MeanZ,VarX,VarY,VarZ,SkewX,SkewY,SkewZ,Label
18.0,6.666666666666671,52.666666666666686,11.605263157894736,47.98245614035088,37.0,37.39681440443214,2.1926746691289623,269.9766081871346,-0.7741217415919692,-0.18299077388122342,0.244881060236831,9
34.0,6.000000000000014,57.666666666666686,14.649122807017546,38.70175438596491,44.46491228070175,159.145891043398,83.5718682671591,399.21368113265623,0.24276439058584387,-0.004260727169091592,-0.4464882888252704,9
46.0,7.000000000000014,110.0,14.017543859649122,28.666666666666664,66.91228070175438,124.32717759310553,309.22807017543875,1674.273007079101,1.3163155732086227,-0.06043318335404382,-0.3532101375455014,9
30.333333333333343,38.33333333333333,21.666666666666686,20.09649122807017,80.42982456140352,17.517543859649123,49.724607571560476,2.4497537703908834,97.37834718374889,0.112565764248591,-0.3166009662749764,-0.5164493847976097,9
33.33333333333333,33.33333333333333,48.0,29.377192982456133,73.15789473684212,36.53508771929825,8.77877808556479,8.045244690674036,456.45344721452756,-0.25646351834147396,0.20185286820136678,-0.4153149195739571,9
