RangeX,RangeY,RangeZ,MeanX,MeanY,MeanZ,VarX,VarY,VarZ,SkewX,SkewY,SkewZ,Label
11.0,4.0,28.66666666666663,3.173611111111114,47.40277777777777,28.36111111111111,7.374951774691351,0.9118441358024686,34.017746913580226,1.0324300672432656,-0.11398899349852157,0.43439247447177165,9
8.666666666666671,6.000000000000014,10.333333333333314,6.597222222222222,49.78472222222223,14.59027777777778,0.9211033950617287,1.0855999228395066,27.343701774691315,0.08827155582721732,-0.41572768836266083,0.32737445060783,9
38.66666666666667,6.000000000000014,99.66666666666666,10.166666666666666,35.59027777777778,56.430555555555564,89.94444444444446,281.7881462191358,1579.3053626543208,1.5289767149231768,-0.5961563811970076,0.009399058083343856,9
10.333333333333329,47.66666666666667,0.3333333333333144,4.895833333333333,91.76388888888887,5.847222222222224,8.334056712962964,0.8886959876543227,20.60165895061728,0.20595116073385744,-0.29759552480698237,0.6777259945975089,9
10.666666666666657,47.66666666666667,21.333333333333314,5.534722222222222,91.7361111111111,14.388888888888891,10.42009066358026,0.3748070987654337,69.48302469135804,-0.08420055066648388,-0.3283032830322178,0.7054513015327508,9
