RangeX,RangeY,RangeZ,MeanX,MeanY,MeanZ,VarX,VarY,VarZ,SkewX,SkewY,SkewZ,Label
8.333333333333343,2.3333333333333286,11.0,2.903508771929825,45.64035087719299,18.35087719298246,4.707063711911357,0.534395198522621,7.064019698368722,0.7640798595319988,0.3251014670436854,-0.2947332065919685,9
5.0,9.666666666666671,16.333333333333314,2.710526315789474,52.728070175438596,14.912280701754376,1.1121114188981214,0.6424284395198571,21.676515851031134,-0.13065992941365714,-0.09209932640604106,1.0378554911608129,9
41.0,10.333333333333329,85.66666666666666,16.3859649122807,34.254385964912274,77.9122807017544,138.82763927362274,184.96160357032934,485.0858725761773,0.7295580323985857,-0.4831667136755293,-1.8073836404625505,9
7.666666666666671,46.33333333333333,-3.0,4.859649122807018,89.64912280701755,4.491228070175439,2.734687596183441,0.526008002462292,4.325946445060031,-0.63789655026436,0.08280237085819842,0.027899382270123674,9
5.0,46.999999999999986,13.666666666666629,3.263157894736844,90.57017543859651,10.964912280701759,0.854724530624808,0.5550169282856264,34.23853493382575,-0.09253776153895543,-0.4554978583644443,0.6824176779577866,9
