RangeX,RangeY,RangeZ,MeanX,MeanY,MeanZ,VarX,VarY,VarZ,SkewX,SkewY,SkewZ,Label
6.0,2.3333333333333286,6.333333333333314,4.172839506172841,45.38271604938272,34.864197530864196,2.562719097698518,0.2938576436518818,2.8416399939033647,-0.741779610852765,-0.34293863179857126,-0.8004475558296846,9
9.666666666666657,7.666666666666657,-13.333333333333314,4.876543209876542,50.395061728395056,12.987654320987648,2.1822892851699436,0.24721841182746487,9.049230300259117,1.8171545030030487,0.551890715022888,0.044915250030212545,9
21.0,8.0,65.33333333333334,9.543209876543212,29.308641975308642,61.074074074074076,31.927145252248152,277.90885535741506,817.7969821673529,0.30440941491328877,0.054775176864144896,-0.8177484774798583,9
10.666666666666657,40.33333333333334,-12.666666666666686,9.358024691358027,83.67901234567901,9.765432098765432,0.4520652339582388,0.18503276939490904,11.084895595183658,0.03419770407360498,-0.17229803871315294,0.619783296662881,9
10.666666666666657,40.33333333333334,-9.333333333333314,9.938271604938269,83.81481481481481,17.271604938271608,0.37067520195092346,0.20027434842249683,6.897424173144371,-0.34517076438997946,0.0725572285898925,-0.7913068144798241,9
