RangeX,RangeY,RangeZ,MeanX,MeanY,MeanZ,VarX,VarY,VarZ,SkewX,SkewY,SkewZ,Label
7.333333333333314,2.6666666666666714,12.333333333333371,6.018018018018018,42.666666666666664,23.35135135135135,2.5762519276032734,0.4744744744744745,10.564239915591266,0.6872243274415818,-0.23889652597050479,-0.49549124264036337,9
6.666666666666657,8.333333333333329,-3.3333333333333144,7.576576576576576,48.27927927927929,5.558558558558557,1.2111029948867784,0.6517328138949723,10.03035467900332,0.24763902020920292,0.3039063112780828,0.9350874449262925,9
42.0,9.000000000000014,86.66666666666669,13.639639639639642,31.64864864864865,67.69369369369367,125.816086356627,194.05372940508073,972.110380650921,1.496574449596548,-0.36923652172856336,-0.9227122968360394,9
-0.3333333333333428,36.33333333333333,-4.0,1.3783783783783776,76.76576576576576,6.4054054054054035,0.6075805535264994,0.26945864783702445,10.805616427238018,0.34427909554036024,-0.37214472496309126,0.1674420535836439,9
4.0,36.33333333333333,20.666666666666686,6.414414414414416,76.8018018018018,25.504504504504506,0.2246570895219535,0.25501176852528334,17.36109082055028,-0.4335936977299045,-0.4255388226631936,1.0269596407318347,9
