RangeX,RangeY,RangeZ,MeanX,MeanY,MeanZ,VarX,VarY,VarZ,SkewX,SkewY,SkewZ,Label
7.0,3.0,8.0,2.7866666666666644,38.40666666666666,2.5733333333333324,2.514488888888891,0.5390666666666653,3.4801777777777883,0.6932497377698189,-0.673076933060298,0.8934276591433638,9
5.666666666666657,15.666666666666671,30.666666666666686,3.5333333333333337,49.46666666666666,19.68666666666667,1.057777777777778,2.382222222222225,21.57071111111115,0.24675318215893713,0.08872380005272186,0.25022027638771915,9
30.33333333333333,15.666666666666671,113.33333333333334,12.100000000000001,31.153333333333336,61.49333333333334,72.13888888888887,346.5742666666667,2016.5388444444438,0.45205372929516885,-0.2871718041643501,-0.2972145657779227,9
5.333333333333329,43.33333333333333,30.333333333333314,3.5066666666666664,78.64,20.966666666666665,1.2321777777777774,0.29262222222222456,22.165555555555574,-0.12998766943068277,-0.12340568522062419,0.27925316935543115,9
1.3333333333333144,44.000000000000014,34.0,0.7733333333333349,79.49333333333333,25.286666666666665,0.20639999999999906,0.4010666666666703,11.066711111111132,0.26223938277985553,-0.7390667025369957,0.2879793345591742,9
