RangeX,RangeY,RangeZ,MeanX,MeanY,MeanZ,VarX,VarY,VarZ,SkewX,SkewY,SkewZ,Label
4.333333333333314,2.0,4.0,4.2,46.98888888888887,35.488888888888894,1.130370370370366,0.25543209876543177,1.2276543209876516,-0.9408132846427253,-0.746904651943257,-0.16074032666979804,9
8.999999999999986,8.999999999999986,-16.333333333333343,8.355555555555556,53.14444444444443,11.666666666666663,0.7476543209876524,0.9161728395061655,18.851851851851833,-0.08475644906152163,-0.12532150752893673,-0.8801758928062083,9
18.333333333333314,8.333333333333329,58.66666666666666,8.200000000000001,27.733333333333334,62.800000000000004,23.737777777777755,394.33629629629627,666.8637037037038,0.6881428611965166,-0.024363885041701522,-0.7165117071002185,9
11.999999999999986,41.33333333333333,-21.666666666666686,10.588888888888887,86.3888888888889,5.499999999999999,0.8939506172839499,0.23765432098765518,9.479629629629624,0.7366584734869348,0.1574727965623259,0.17765491080617485,9
10.666666666666657,41.999999999999986,-8.666666666666686,10.722222222222225,86.68888888888888,20.444444444444443,0.6598765432098749,0.22172839506172795,6.3802469135802395,-0.2630701366220898,-0.047087811097055496,-0.34823061769541785,9
