RangeX,RangeY,RangeZ,MeanX,MeanY,MeanZ,VarX,VarY,VarZ,SkewX,SkewY,SkewZ,Label
6.666666666666686,2.6666666666666714,9.0,7.484848484848485,45.262626262626256,23.464646464646467,3.40801958983778,0.4024079175594342,4.747066625854502,0.11125309795845757,-0.22260242766310476,-0.6601142398862958,9
1.4210854715202004e-14,9.666666666666657,-0.3333333333333144,3.0000000000000013,50.96969696969697,11.828282828282829,1.0370370370370399,2.318947046219775,7.19273543515968,-0.7460501247353906,-0.32072859593194253,0.30166713895187425,9
34.0,9.333333333333343,77.0,16.18181818181818,36.2929292929293,57.79797979797979,123.05785123966946,265.58085909601056,1165.8379757167636,0.4218608575963488,-0.6171044737315612,-0.49724690265062327,9
5.333333333333343,39.33333333333334,4.666666666666686,7.333333333333332,82.36363636363636,17.606060606060613,2.3636363636363633,0.3324150596877875,8.80440771349864,0.10006825162892324,-0.17538969727150913,-0.2993286467328111,9
3.0,39.66666666666666,26.0,6.282828282828279,82.77777777777777,36.55555555555555,0.566472808897052,0.40852974186307583,14.549943883277228,-0.5223003125964537,-0.1958069595464995,0.03889869687225333,9
