RangeX,RangeY,RangeZ,MeanX,MeanY,MeanZ,VarX,VarY,VarZ,SkewX,SkewY,SkewZ,Label
9.333333333333343,2.6666666666666714,11.0,2.5673758865248217,45.56028368794327,20.02836879432624,5.361299733413815,0.4685880991901821,7.64458528243046,1.1192580566537347,-0.23017766486884564,0.0058293687227813275,9
5.0,10.666666666666657,10.666666666666629,3.148936170212766,53.049645390070914,14.134751773049643,1.2189527689754034,1.1488355716513214,23.265529902922374,-0.2648632625050952,-0.5147088575010499,0.4112769567743574,9
42.66666666666667,11.666666666666657,86.33333333333331,12.957446808510635,39.60992907801418,62.27659574468084,176.2487802424426,200.75801016045477,1197.2119108696745,1.0317979022433732,-0.6536656584205462,-0.64129191287097,9
7.666666666666671,47.66666666666666,-5.666666666666686,4.893617021276597,89.95035460992908,4.758865248226952,3.0927015743674833,0.8225944368995494,3.5352346461445685,-0.6567652679852423,-0.045813448251657375,-0.023338489578659867,9
5.333333333333343,47.66666666666666,9.333333333333314,3.0851063829787244,90.24822695035462,11.872340425531915,0.8059956742618587,0.815451939037272,27.595996177254673,0.36817352631496847,-0.14020052400458988,0.5315864455518633,9
