RangeX,RangeY,RangeZ,MeanX,MeanY,MeanZ,VarX,VarY,VarZ,SkewX,SkewY,SkewZ,Label
9.666666666666657,9.0,33.0,14.306666666666667,48.38,28.120000000000005,7.505955555555561,4.666711111111114,93.50560000000004,0.20520040771700884,-0.5042815375597375,-0.5767972822784897,9
17.33333333333333,2.3333333333333286,77.0,11.646666666666665,33.193333333333335,59.97333333333333,49.67293333333335,108.49373333333337,83.66595555555556,0.5367392628112302,-0.49874883827681277,0.8850868951975926,9
32.66666666666667,9.666666666666671,97.33333333333331,14.433333333333332,34.04,50.86666666666667,122.78333333333336,315.31395555555554,1842.4933333333333,0.6475154389465627,-0.4998441985549099,-0.09424202494089519,9
13.666666666666657,40.66666666666667,25.66666666666663,17.28666666666667,81.44,24.106666666666666,28.45337777777778,0.6419555555555561,17.14862222222224,-0.1290757821817052,0.1829524941820221,0.3450145605887122,9
23.66666666666667,32.66666666666667,53.333333333333314,29.12,72.82000000000001,45.03999999999999,8.332266666666671,2.1653777777777776,117.51395555555564,-0.5752995671689669,-0.5022654862297947,0.06665850372859915,9
