RangeX,RangeY,RangeZ,MeanX,MeanY,MeanZ,VarX,VarY,VarZ,SkewX,SkewY,SkewZ,Label
12.333333333333314,3.0,19.333333333333314,5.691666666666666,49.416666666666664,29.31666666666667,11.163263888888881,0.6152777777777777,16.93861111111109,0.2972735232735354,-0.19712932297980865,-1.1772701053313026,9
8.999999999999986,7.333333333333329,34.666666666666686,5.375,53.175,21.81666666666667,5.056597222222216,2.6277083333333393,180.18861111111104,0.040575440852965494,-1.3457059666057072,0.3272147161279536,9
35.66666666666666,8.333333333333329,105.0,9.441666666666666,34.78333333333333,80.99166666666667,81.45770833333336,276.3641666666667,1524.6971527777775,1.3856222710224104,-0.4019877401039857,-0.9115904709360769,9
12.333333333333314,57.66666666666667,14.666666666666686,6.941666666666668,103.925,12.958333333333337,8.471597222222222,0.4082638888888896,66.08437500000005,-0.3407300980214354,-0.5087692217009493,0.4263146596384474,9
10.0,56.999999999999986,29.666666666666686,8.533333333333335,102.63333333333333,20.958333333333336,1.6044444444444437,0.6655555555555571,119.23993055555556,-0.7591850123924703,-0.1604342483171551,0.31758140652086925,9
