RangeX,RangeY,RangeZ,MeanX,MeanY,MeanZ,VarX,VarY,VarZ,SkewX,SkewY,SkewZ,Label
7.333333333333343,4.0,12.333333333333314,6.033333333333337,42.458333333333336,23.358333333333334,3.37666666666667,1.037152777777778,11.368819444444439,0.2631268945117227,-0.9986089164844671,-0.8059459563038134,9
6.0,9.999999999999986,6.333333333333314,6.791666666666666,48.56666666666666,6.124999999999998,1.748263888888888,0.45666666666666245,18.93715277777776,-0.7879608152276095,0.26715445894956047,1.7065317385579881,9
39.66666666666666,10.666666666666671,83.0,14.191666666666666,31.7,67.975,125.08270833333329,192.84888888888892,796.7743749999998,1.1036552145420355,-0.4943455175802022,-1.180857798755361,9
0.6666666666666714,37.999999999999986,2.3333333333333144,1.7083333333333335,76.825,7.566666666666667,0.9010416666666655,0.13881944444444458,14.47333333333331,0.2958480890190563,0.2774581361184092,0.7153275587438843,9
4.666666666666657,37.999999999999986,25.0,6.474999999999999,76.75833333333333,25.441666666666666,0.39381944444444505,0.4943749999999988,23.80215277777777,-0.1979438206299979,-1.0832389923213082,1.0539208866769723,9
