RangeX,RangeY,RangeZ,MeanX,MeanY,MeanZ,VarX,VarY,VarZ,SkewX,SkewY,SkewZ,Label
7.333333333333343,4.0,10.0,3.035087719298245,38.53216374269005,3.7719298245614064,1.8272288909407997,0.424404090147396,5.532779316712834,0.2377952180432069,-1.399973439537805,0.48995962516431263,9
6.666666666666671,16.999999999999986,25.0,4.1461988304093556,48.91812865497076,17.31578947368421,1.4932457850278735,1.8334530282822044,23.779419308505172,-0.4692426557742362,1.0228195199860612,-0.7979434625459748,9
27.666666666666657,15.999999999999986,114.33333333333334,14.853801169590641,24.30409356725146,79.12280701754386,63.442563523819295,323.4279949386136,1472.7120139530114,-0.15610020539568611,0.22395031833254306,-1.120655783866242,9
5.333333333333329,44.33333333333333,32.333333333333314,3.0526315789473686,78.6842105263158,19.883040935672515,0.8373858623166104,0.3096337334564481,22.39177866694026,0.21138749740313942,-0.6037393717597029,0.8925668825344614,9
2.333333333333343,45.33333333333333,33.666666666666686,0.7192982456140351,79.36842105263158,26.70760233918129,0.31496870832050733,0.2794706063404127,20.160117643035463,0.7654568674490824,0.35474110475714543,-0.49292952990918565,9
