RangeX,RangeY,RangeZ,MeanX,MeanY,MeanZ,VarX,VarY,VarZ,SkewX,SkewY,SkewZ,Label
2.333333333333343,3.333333333333343,7.666666666666686,0.7847222222222227,38.01388888888889,5.159722222222224,0.3355999228395048,0.7914737654320984,3.4675443672839594,0.9954901076478898,0.11972621771605388,-0.33407271681850065,10
47.33333333333333,16.33333333333333,112.66666666666669,20.881944444444446,29.854166666666668,55.423611111111114,242.8448591820987,244.1847511574074,1805.6608314043212,0.3081121985738794,0.3501775375039183,0.1227391897671699,10
39.33333333333334,15.666666666666671,110.00000000000003,18.347222222222218,33.93055555555555,44.354166666666664,154.98591820987653,187.1201774691358,1902.5944733796296,0.29567073042572906,-0.09366541194861784,0.4268070305787153,10
6.666666666666671,43.66666666666667,32.666666666666686,5.361111111111112,79.1111111111111,27.40972222222223,1.5964506172839459,0.19135802469135746,9.894627700617283,-1.1477501406179111,0.19869374708098228,-0.7724481134927864,10
4.0,43.33333333333333,29.666666666666686,2.2847222222222237,78.69444444444444,23.458333333333332,0.47217399691358003,0.2075617283950606,8.752893518518531,0.010439564297118387,-0.15050109487146027,0.4622522889835973,10
