RangeX,RangeY,RangeZ,MeanX,MeanY,MeanZ,VarX,VarY,VarZ,SkewX,SkewY,SkewZ,Label
1.3333333333333428,2.6666666666666714,11.333333333333314,0.5724637681159416,37.492753623188406,6.500000000000003,0.16745431632010063,0.45767695862213875,7.109903381642491,0.12707208627008035,0.3513339303067781,1.150768695609751,10
48.0,14.666666666666671,111.33333333333331,24.78260869565218,17.586956521739133,74.9927536231884,219.88993908842681,223.61441923965555,1605.0989813064482,-0.04771202112384847,1.1433562837539692,-0.733779471785269,10
40.0,14.666666666666671,110.99999999999997,20.239130434782606,21.673913043478258,70.85507246376812,147.824459147238,210.76081705524047,1715.1867254778408,0.1000772059762648,0.732737951136775,-0.5913875557382481,10
8.0,43.33333333333333,31.66666666666663,6.898550724637682,78.89130434782608,27.550724637681157,0.35202688510817126,0.15485192186515526,10.232934257508902,0.16330551043554042,0.25514449561168834,-0.010120014334591003,10
3.0,42.66666666666667,28.333333333333314,2.108695652173915,78.4927536231884,25.188405797101456,0.15968283973955333,0.25477840789749984,9.452425960932581,0.41303127527326505,-1.254493107460719,-0.22258218433078614,10
