RangeX,RangeY,RangeZ,MeanX,MeanY,MeanZ,VarX,VarY,VarZ,SkewX,SkewY,SkewZ,Label
2.0,3.3333333333333286,7.666666666666686,0.6666666666666637,46.73076923076923,27.564102564102566,0.1538461538461531,0.9146942800788944,3.0493096646942988,1.2747548783982459,0.021708180801650497,-1.0616882575138216,10
30.66666666666667,9.333333333333343,80.00000000000003,12.064102564102566,44.679487179487175,49.47435897435898,76.24802761341223,85.09812623274162,1718.4801117685734,0.6623395704481532,-0.5050429615480534,0.1502179150547867,10
34.33333333333334,10.666666666666657,82.66666666666669,13.782051282051283,42.97435897435897,51.69230769230769,76.80292570677187,105.37541091387246,1825.2472057856673,0.9599042936254514,-0.28575452576931787,0.02771097450169614,10
11.0,46.33333333333334,-7.666666666666629,8.987179487179485,90.42307692307693,7.256410256410259,0.6707758053911899,0.1586127547666018,9.318869165023019,0.8222617040821087,0.5528202647575773,0.8270320081640681,10
8.333333333333343,45.0,-2.3333333333333144,6.923076923076921,88.7179487179487,9.474358974358978,0.41288625904010606,0.4674556213017788,19.830539119000658,-0.0579502578530632,-0.7959482618364938,0.8112495975473303,10
