RangeX,RangeY,RangeZ,MeanX,MeanY,MeanZ,VarX,VarY,VarZ,SkewX,SkewY,SkewZ,Label
3.333333333333343,2.0,6.0,3.4252873563218382,47.28735632183907,37.09195402298851,0.9187475227903282,0.20478266613819449,2.5279429250891785,0.10578401869428622,0.746859069440147,0.6448303654444213,10
9.333333333333343,9.000000000000014,42.0,7.057471264367817,48.83908045977011,37.275862068965516,4.26106486986392,58.82467961421587,495.3491874752278,-0.7858692465552086,-1.2728418726345436,0.6502929713095976,10
12.0,7.666666666666671,31.666666666666686,10.206896551724142,46.241379310344826,32.74712643678161,8.148764698110725,58.359360549610244,470.8939093671555,-1.2255154110425095,-0.6470620676385496,0.1339723105144374,10
10.000000000000014,41.33333333333333,-22.0,10.563218390804598,86.50574712643679,6.0919540229885065,0.6138195270181027,0.11969877130399999,10.872770511296077,-0.23097861530049457,1.2492643364181724,-0.3497134414663663,10
11.666666666666686,41.66666666666667,-19.0,12.0,87.1264367816092,10.97701149425287,0.38314176245210946,0.2177302153520949,9.853877658871713,0.3554208772708907,0.28600258507879595,-0.7227888814251997,10
