RangeX,RangeY,RangeZ,MeanX,MeanY,MeanZ,VarX,VarY,VarZ,SkewX,SkewY,SkewZ,Label
10.666666666666657,6.666666666666671,21.333333333333314,3.2195121951219514,49.25203252032521,61.13821138211383,6.805472932778092,1.402604269945137,30.736995174829776,0.9362355387446858,0.765307070923726,-1.01592228248908,10
39.66666666666667,6.0,69.33333333333334,8.170731707317072,41.016260162601625,36.650406504065046,122.1795227708375,232.82358384559453,1551.8533941436976,1.523362130450559,-1.3763197434908387,1.1168980282600751,10
43.0,6.666666666666657,71.66666666666666,9.682926829268293,39.78861788617886,35.8130081300813,143.44147002445632,288.5786238350188,1731.8972833630776,1.386251606037168,-1.182696752346788,1.1791323407477563,10
32.0,35.0,-25.666666666666686,27.30894308943089,78.30081300813009,7.853658536585366,4.891004031991548,1.055852997554371,23.582920219446073,-1.4092703237862505,0.171578306954535,0.5728813541243696,10
35.33333333333333,31.666666666666657,-12.666666666666686,33.235772357723576,74.60162601626016,7.463414634146342,1.3021349725692388,2.6786965430629874,73.24053142970452,-1.7162936950686525,-1.0556007235962277,1.7045304320312167,10
