RangeX,RangeY,RangeZ,MeanX,MeanY,MeanZ,VarX,VarY,VarZ,SkewX,SkewY,SkewZ,Label
3.0,3.6666666666666714,13.666666666666686,1.0571428571428572,46.80952380952381,29.609523809523807,0.447528344671202,0.7827664399093007,11.412607709750583,0.5702122885129052,0.29524466880466127,-0.05942168897417643,10
42.33333333333333,6.0,89.66666666666669,15.438095238095238,38.67619047619047,38.66666666666667,145.30648526077093,174.87927437641721,1472.24126984127,0.9703910332452617,-0.7897004784737163,0.9234400263929272,10
42.0,7.0,84.66666666666669,15.514285714285714,38.34285714285714,39.48571428571429,141.9577324263039,163.1586394557823,1434.7323356009072,0.8115816650688926,-0.6142703898843458,0.7646948802679354,10
4.666666666666671,47.33333333333334,-6.666666666666629,2.714285714285715,91.53333333333336,9.114285714285714,1.3342403628117925,0.2996825396825415,14.164716553287965,-0.2027073332933303,-0.0030961163165251935,0.04214553836124161,10
5.333333333333343,47.66666666666666,-5.333333333333314,3.8000000000000007,91.45714285714284,12.752380952380953,1.7790476190476192,0.3560997732426309,4.313287981859405,-0.9261146999379841,0.41937518576812916,-0.00020366356131234296,10
