RangeX,RangeY,RangeZ,MeanX,MeanY,MeanZ,VarX,VarY,VarZ,SkewX,SkewY,SkewZ,Label
6.333333333333343,4.333333333333343,12.333333333333314,4.444444444444446,44.555555555555564,26.65432098765432,2.7242798353909525,1.0123456790123473,10.39079408626733,1.4423556689148012,-1.5460413650478808,0.3633281153867978,10
52.33333333333334,11.333333333333329,100.66666666666666,25.02469135802469,27.419753086419753,54.20987654320988,312.147538484987,317.61804602956863,2343.680231672002,0.17530421033119872,0.14850354397442886,0.2589939836572544,10
51.0,12.000000000000014,101.66666666666666,24.567901234567902,26.839506172839506,57.0,221.3071178174058,297.5915256820606,2218.1810699588477,0.31247036547891727,0.255063247037667,0.1499056318081263,10
8.666666666666686,41.33333333333333,3.6666666666666288,9.530864197530867,81.67901234567901,17.654320987654327,1.4424630391708602,0.1932632220698052,35.84758420972417,-0.5184410174268604,0.028747217321749705,-1.0927367090043696,10
5.333333333333343,42.000000000000014,25.66666666666663,6.9506172839506135,81.88888888888887,31.7283950617284,0.6806889193720468,1.1028806584362083,31.983843926230744,-0.5481104157785683,-0.829044287296439,0.6498631049862122,10
