RangeX,RangeY,RangeZ,MeanX,MeanY,MeanZ,VarX,VarY,VarZ,SkewX,SkewY,SkewZ,Label
10.333333333333314,7.666666666666671,12.333333333333314,5.5392156862745106,43.705882352941174,24.637254901960787,5.006632064590541,2.547481737793158,7.3095924644367285,-0.1213315958722248,-0.9085356563809285,0.00634445325268799,10
49.33333333333333,14.666666666666671,112.99999999999997,13.813725490196079,30.735294117647058,72.99019607843137,190.24961553248755,426.1423490965014,2200.8267012687434,1.531651584374033,-0.1276388600468922,0.045364616265599914,10
39.0,18.000000000000014,111.66666666666666,14.568627450980394,32.36274509803921,65.94117647058822,143.91849288735102,525.015474817378,2729.9965397923875,0.5218846104737122,-0.13165744748966574,-0.10485487943397148,10
28.0,50.33333333333333,44.66666666666663,24.284313725490193,80.54901960784315,40.05882352941177,7.046616685890032,20.358708189157998,135.4148404459824,-0.37151786486623894,0.288420556374808,-0.690994116723938,10
30.333333333333314,46.33333333333333,31.333333333333314,22.676470588235293,83.3529411764706,33.07843137254901,12.101211072664357,1.7643214148404447,106.15724721261049,0.19527479899202563,-0.17444016983743302,-0.20616779805975521,10
