RangeX,RangeY,RangeZ,MeanX,MeanY,MeanZ,VarX,VarY,VarZ,SkewX,SkewY,SkewZ,Label
14.0,3.3333333333333286,27.66666666666663,7.571428571428571,49.357142857142854,55.96428571428571,24.705215419501126,0.8168934240362798,95.06618480725618,-0.12537520799634405,-0.0647153479874733,-0.24707454427881256,10
31.999999999999986,3.6666666666666714,80.99999999999997,12.928571428571427,31.773809523809526,64.14285714285714,96.14569160997732,359.6512188208617,1866.7414965986395,0.4754430308295124,-0.6291792430162945,-0.043583785818372675,10
35.0,4.999999999999986,79.66666666666666,14.976190476190478,33.77380952380953,50.97619047619048,109.72165532879822,403.0401077097507,2367.4200680272106,0.05204737743405765,-0.6295108728124535,0.3947687589074922,10
30.333333333333314,34.999999999999986,-7.666666666666686,23.595238095238084,79.44047619047619,14.083333333333334,19.1218820861678,4.9607426303854885,91.17162698412689,-0.05672703237106362,-0.837950515334706,0.27922031629182553,10
35.999999999999986,28.33333333333333,-2.6666666666666856,33.25,73.54761904761904,20.297619047619055,2.512896825396827,2.5413832199546387,228.85189909297063,-0.40432423575868587,-0.14710144707337072,-0.11850758825803266,10
