RangeX,RangeY,RangeZ,MeanX,MeanY,MeanZ,VarX,VarY,VarZ,SkewX,SkewY,SkewZ,Label
7.333333333333343,3.6666666666666714,15.0,4.24561403508772,45.15789473684211,26.07894736842105,2.425053862726987,0.6592797783933527,11.195521698984306,2.5017807499383156,-0.7655279922828907,-1.2125254017555491,10
53.33333333333334,9.666666666666657,102.0,22.289473684210524,32.754385964912274,41.14912280701755,324.0419359803016,338.2028316405047,2061.3783471837487,0.49996321909410807,-0.2415948243898698,0.7265001366422391,10
47.666666666666686,10.333333333333343,102.0,20.833333333333336,32.58771929824562,44.53508771929825,217.00438596491227,331.6925977223761,2274.196137273007,0.5680544944552426,-0.1847822882272012,0.45417076862914757,10
8.666666666666686,39.66666666666666,11.666666666666657,9.561403508771935,81.4736842105263,22.90350877192983,2.556171129578336,0.20252385349338073,31.33279470606335,-2.619703565982114,0.03928029022905675,-3.039008222055897,10
6.0,40.33333333333334,40.66666666666666,7.157894736842105,81.8859649122807,35.90350877192983,0.9048938134810723,1.0308556478916635,26.402970144659896,-2.459118594908988,-1.0985210069705216,2.839189358422588,10
