RangeX,RangeY,RangeZ,MeanX,MeanY,MeanZ,VarX,VarY,VarZ,SkewX,SkewY,SkewZ,Label
2.3333333333333144,4.333333333333343,4.666666666666686,1.9462365591397852,42.23655913978494,28.97849462365592,0.23725286160249895,1.449416117470227,1.2683547230893775,-1.5181128901467995,-0.7668595792310628,0.21119028383441252,10
47.999999999999986,11.333333333333329,89.0,21.956989247311828,29.96774193548387,40.73118279569893,225.3386518672679,313.7803214244421,2058.139206844722,0.16632646333181336,-0.2880902307949719,0.7057465865537617,10
45.0,10.666666666666671,88.33333333333334,21.494623655913976,30.29032258064516,43.01075268817203,167.16753381893864,293.9121285697769,2018.0608162793385,0.33261920351981056,-0.27476334767640037,0.6531827252206165,10
5.333333333333329,38.33333333333333,-9.0,4.258064516129033,76.53763440860214,12.838709677419356,0.48537403167996185,0.24141519250780188,11.26072378309629,0.003860340807057558,-0.16098872994291952,-0.45051189951146264,10
7.666666666666657,38.33333333333333,-4.666666666666686,6.731182795698925,76.7741935483871,16.989247311827956,0.48329286622730966,0.27517632096195993,8.412070759625378,0.10483657169603444,-0.7890869333205179,-0.7234600083918392,10
