RangeX,RangeY,RangeZ,MeanX,MeanY,MeanZ,VarX,VarY,VarZ,SkewX,SkewY,SkewZ,Label
2.333333333333343,3.666666666666657,7.0,1.8809523809523785,42.14285714285713,27.952380952380945,0.33503401360544377,1.0986394557823114,3.40249433106575,0.39380544965063036,-0.687092416198885,-0.16237754589061515,10
48.0,9.666666666666671,91.33333333333334,22.78571428571429,29.03571428571429,43.785714285714285,218.85884353741497,323.94713718820867,2045.8429705215422,0.33182685285150676,-0.19056200768240478,0.6235505992231496,10
44.66666666666666,10.333333333333329,92.00000000000003,21.297619047619047,28.821428571428562,45.702380952380956,184.35189909297046,342.0355725623582,2087.4471371882087,0.4384164077227886,-0.1629180167950714,0.5478059932687769,10
5.0,37.33333333333333,4.0,5.178571428571426,76.36904761904762,16.904761904761905,0.2657312925170084,0.32015306122448683,17.292517006802687,-0.4145097804652236,-0.7810716398493148,1.709188560783468,10
7.333333333333343,38.33333333333333,-2.3333333333333144,6.6071428571428585,76.91666666666666,17.095238095238095,0.3337585034013614,0.1954365079365084,18.911564625850303,0.8932989769591467,0.37317650054244184,-1.8116972896466819,10
