RangeX,RangeY,RangeZ,MeanX,MeanY,MeanZ,VarX,VarY,VarZ,SkewX,SkewY,SkewZ,Label
2.3333333333333144,2.0,4.0,3.596491228070173,47.333333333333336,37.49122807017544,0.4044321329639872,0.21052631578947367,1.1505078485687878,-0.06172403126561645,0.12108052620943731,-0.8002160678287275,10
9.333333333333329,9.333333333333329,47.66666666666666,7.929824561403509,47.26315789473684,41.84210526315789,6.462911665127741,82.79039704524465,902.1212680824868,-1.0025087842407552,-0.7245809997350501,0.05742680461677506,10
15.333333333333314,8.000000000000014,36.33333333333334,11.140350877192981,44.68421052631579,38.140350877192986,15.793167128347207,76.7189904586026,633.5943367189902,-0.857482790067079,-0.26255897877593043,-0.17570803540798452,10
9.333333333333329,41.000000000000014,-23.0,10.491228070175438,86.47368421052633,6.421052631578946,0.729455216989843,0.13234841489689042,5.284702985534008,-0.7205021174617766,0.8094950442850487,0.3782262458203574,10
10.666666666666657,41.66666666666667,-19.333333333333343,11.912280701754389,86.87719298245615,12.3859649122807,0.5361649738381015,0.32994767620806353,3.1609726069559883,-0.14037292126220194,0.8260113178119884,0.3679767924097575,10
