RangeX,RangeY,RangeZ,MeanX,MeanY,MeanZ,VarX,VarY,VarZ,SkewX,SkewY,SkewZ,Label
3.333333333333343,3.6666666666666714,11.666666666666657,0.8263888888888898,37.80555555555556,5.479166666666669,0.546248070987653,0.5964506172839505,8.860677083333336,1.2776472709563103,0.4530136877310381,0.7617021586113285,10
45.33333333333333,15.333333333333329,113.0,17.993055555555554,29.534722222222218,55.96527777777778,191.96985918209876,365.8830536265432,1862.8761091820988,0.5281834875334737,-0.06985333406053806,0.12896894016744362,10
37.33333333333334,15.333333333333329,110.33333333333331,14.972222222222223,31.9375,49.791666666666664,120.54552469135808,318.3178530092593,2108.8778935185187,0.6180828828883131,-0.19283266174783076,0.21866905577861312,10
8.333333333333329,43.33333333333333,37.99999999999997,6.909722222222224,78.66666666666666,30.652777777777775,0.2950906635802469,0.3148148148148153,22.08314043209876,0.46946337860007864,-0.05241957580463395,0.21531768675079965,10
3.333333333333343,43.33333333333333,34.99999999999997,2.250000000000002,78.52083333333333,28.368055555555557,0.3171296296296295,0.27271412037036885,17.959442515432084,-0.045365851519731624,0.5507243361293341,0.029181662933997408,10
