RangeX,RangeY,RangeZ,MeanX,MeanY,MeanZ,VarX,VarY,VarZ,SkewX,SkewY,SkewZ,Label
4.666666666666657,2.333333333333343,16.66666666666663,1.6486486486486462,46.972972972972975,27.072072072072075,1.1888645402158893,0.26653680707734767,10.985796607418212,0.5901270991578872,-0.9557926133553171,1.672338660977899,10
45.0,5.666666666666671,87.99999999999997,13.297297297297298,38.333333333333336,47.810810810810814,139.8725752779807,166.4024024024024,1352.8681113545979,1.5024771539802924,-0.5536861226398826,0.5214757714463534,10
43.0,5.666666666666671,87.99999999999997,12.801801801801805,38.98198198198198,45.63963963963964,128.77152828504177,163.11078646213784,1352.1163866569266,1.2951731586384454,-0.5683866112291696,0.5312213731623973,10
7.666666666666671,47.66666666666667,-4.333333333333371,4.36936936936937,91.99099099099098,9.099099099099105,2.0587614641668686,0.26718610502394213,18.509698888077246,0.2065738863279743,0.13201918563367884,0.24605343038250804,10
8.333333333333343,47.000000000000014,-2.6666666666666856,6.135135135135137,91.41441441441441,16.387387387387392,1.330086843600361,0.24868111354597777,2.0571382193003855,-0.48429109656220304,-0.2741345471026017,-0.09275991081893062,10
