RangeX,RangeY,RangeZ,MeanX,MeanY,MeanZ,VarX,VarY,VarZ,SkewX,SkewY,SkewZ,Label
3.666666666666657,2.0,13.666666666666686,2.6025641025641013,44.692307692307686,31.76923076923077,0.8292241946088074,0.2728468113083492,16.502301117685736,0.620901407156947,-0.2473328989088673,-0.06398726974607193,10
32.0,8.333333333333329,86.33333333333334,11.089743589743591,39.70512820512821,44.67948717948718,88.98767258382644,188.55834976988828,1848.414365548981,0.9638177188116834,-0.6362843442521234,0.5035590157438365,10
29.333333333333343,8.666666666666671,78.66666666666669,11.538461538461535,40.11538461538461,40.44871794871795,59.940828402366904,189.32429322813945,1756.7516436554897,0.896376854824227,-0.7549169610140717,0.4643446894823977,10
10.0,40.33333333333333,-2.3333333333333144,7.282051282051284,83.14102564102564,14.243589743589741,2.681130834976984,0.16387245233399364,19.132971729125615,0.7176350017484043,0.1795392537462722,0.3363660891587957,10
9.333333333333343,40.66666666666667,0.6666666666666856,8.6025641025641,83.08974358974358,19.717948717948712,0.6155489809336003,0.37228796844181977,8.706771860618037,-0.49470169409646036,0.8787716922048251,0.3888808181420478,10
