RangeX,RangeY,RangeZ,MeanX,MeanY,MeanZ,VarX,VarY,VarZ,SkewX,SkewY,SkewZ,Label
7.333333333333343,3.0,12.666666666666657,3.787037037037037,44.70370370370371,24.916666666666664,2.7848936899862857,0.5665294924554176,7.798611111111098,2.245987858579192,-1.2382714214901278,-1.1991049745288822,10
53.66666666666667,9.999999999999986,103.0,24.175925925925927,31.240740740740737,44.7037037037037,331.6264574759945,335.065500685871,2082.603566529493,0.4567913923580635,-0.07280990666151373,0.6190776935999107,10
49.66666666666666,9.999999999999986,104.66666666666666,21.055555555555557,31.379629629629633,47.648148148148145,250.70679012345676,348.7972393689986,2173.191015089163,0.5654702298252077,-0.10717092403843023,0.4696519645791883,10
9.333333333333343,39.999999999999986,12.666666666666686,9.712962962962965,81.37962962962962,23.02777777777778,1.852794924554183,0.2108196159122084,40.07021604938272,-2.185407822594232,0.7061806220346737,-2.1604799516879023,10
6.333333333333343,40.66666666666667,38.333333333333314,7.194444444444445,81.83333333333333,33.12962962962964,0.6257716049382716,1.0277777777777806,39.00788751714675,-1.3695185231682154,-1.5936334264915613,1.9423517995800914,10
