RangeX,RangeY,RangeZ,MeanX,MeanY,MeanZ,VarX,VarY,VarZ,SkewX,SkewY,SkewZ,Label
2.0,3.0,8.666666666666686,0.8229166666666687,46.5625,27.427083333333336,0.40266927083333215,0.412760416666666,6.786349826388907,0.3198968586780884,0.28990140838259437,-0.23704774065954368,10
42.33333333333333,9.333333333333329,83.33333333333334,13.822916666666666,45.39583333333333,38.041666666666664,150.57628038194443,101.52387152777779,1562.3663194444443,1.0847036558740517,-0.9007638357967322,0.8113443254451498,10
43.0,10.333333333333329,84.66666666666666,13.32291666666667,44.447916666666664,41.875,159.4755859375,122.53200954861106,1544.9843750000002,0.9818540288307431,-0.6461324571007206,0.7118310744322125,10
9.333333333333329,45.66666666666667,-9.0,7.531250000000001,90.35416666666667,7.885416666666666,1.672634548611109,0.17317708333333348,4.962565104166666,-0.972570627940007,0.36361269503364874,0.7726698786925268,10
8.666666666666657,44.66666666666667,-3.6666666666666856,6.322916666666666,89.03125,11.458333333333332,5.961697048611098,0.30805121527777823,10.123263888888891,-0.5516552770051257,-0.0675488266503011,0.6412195601992405,10
