RangeX,RangeY,RangeZ,MeanX,MeanY,MeanZ,VarX,VarY,VarZ,SkewX,SkewY,SkewZ,Label
9.333333333333343,7.333333333333329,14.666666666666629,5.009803921568628,43.02941176470588,22.83333333333334,5.630622837370247,4.1200499807766215,10.975490196078445,-0.2549496314024671,-0.73318800578316,0.024176585476534965,10
52.0,16.333333333333343,112.33333333333331,16.833333333333336,26.3921568627451,77.37254901960785,260.5767973856209,466.3952326028451,2222.4167627835445,0.8163213077373708,0.1904340165975762,-0.20544528559270225,10
39.0,20.333333333333343,114.66666666666663,16.45098039215686,29.49019607843137,74.53921568627453,142.35217224144563,490.40676662821994,2472.607939254133,0.1000802149650883,0.20538401605764586,-0.4144758926017675,10
29.666666666666657,53.66666666666666,29.333333333333314,25.09803921568627,84.49019607843137,29.5,4.43483275663206,21.145328719723157,127.7532679738563,-0.1924847938443857,-0.4932732347099917,-0.38332965501861865,10
28.666666666666657,49.66666666666666,29.66666666666663,23.20588235294118,84.20588235294116,28.637254901960787,7.836697424067669,5.254998077662434,149.6821414840445,-0.1133321204320194,-0.13587528277444358,-0.0695744542054443,10
