RangeX,RangeY,RangeZ,MeanX,MeanY,MeanZ,VarX,VarY,VarZ,SkewX,SkewY,SkewZ,Label
6.0,2.0,9.666666666666657,4.153846153846154,49.623931623931625,31.393162393162395,1.6059609905763748,0.24603696398568248,6.569070056249556,-0.6543645860329502,0.3135780597938936,0.15473069156809657,10
54.66666666666667,7.333333333333329,101.66666666666666,15.11965811965812,34.02564102564102,50.78632478632479,339.9856819343998,457.5121630506247,1775.1309810796986,1.189679802799366,-0.4188074823630841,0.8154084396577995,10
55.33333333333334,8.666666666666671,99.66666666666666,15.512820512820513,37.521367521367516,44.53846153846155,325.0076703922857,412.61991379940093,1772.7043611658999,1.0899836559065736,-0.543833310545888,0.9042370483741331,10
8.333333333333343,56.66666666666667,-14.333333333333314,6.735042735042734,104.23076923076923,7.316239316239319,1.3400540580027798,0.30287091825553203,10.974066768938576,-0.18352820912735263,-0.45998140298078494,-0.40682116048032346,10
9.333333333333343,55.33333333333333,0.0,8.205128205128204,102.81196581196579,17.53846153846154,0.7100591715976329,0.1868653663525457,26.60749506903353,-0.02096222133662465,0.5642970031985228,-0.04924329244698867,10
