RangeX,RangeY,RangeZ,MeanX,MeanY,MeanZ,VarX,VarY,VarZ,SkewX,SkewY,SkewZ,Label
8.666666666666657,5.333333333333329,20.0,4.731481481481481,44.03703703703704,21.48148148148148,4.326045953360759,1.0480109739368968,34.57064471879283,-0.31979525566261036,0.010323250258753094,-1.3210294207601216,10
38.33333333333333,11.999999999999986,122.33333333333331,13.935185185185183,29.29629629629629,76.14814814814815,149.9124657064472,479.10973936899853,1901.9101508916328,0.8741446443503855,-0.08869609053066278,-0.005828816491127322,10
30.0,15.999999999999986,113.33333333333331,13.61111111111111,31.48148148148148,62.87037037037039,107.90432098765426,556.7311385459533,2465.304183813443,0.13565451192047195,-0.03853115633882655,-0.20719405349824202,10
34.33333333333334,47.66666666666667,43.66666666666666,28.46296296296296,84.69444444444446,38.52777777777777,4.267146776406045,3.6628086419753085,30.37885802469137,0.7816300667067961,0.538070771590651,0.5572874552594235,10
24.333333333333343,45.33333333333333,36.66666666666663,21.75925925925926,84.43518518518518,35.870370370370374,1.979080932784638,2.147033607681757,43.00788751714681,0.16512999280896326,-0.19153481217932944,-0.7839168755311148,10
