RangeX,RangeY,RangeZ,MeanX,MeanY,MeanZ,VarX,VarY,VarZ,SkewX,SkewY,SkewZ,Label
3.666666666666657,2.666666666666657,6.666666666666686,2.6,47.11666666666666,38.46666666666667,1.2177777777777739,0.5586111111111095,2.404444444444454,-0.30360442427578327,-0.30797844740963387,0.7437215179485708,10
9.999999999999986,9.666666666666671,47.0,7.283333333333334,48.8,38.9,5.625277777777777,65.1266666666667,770.512222222222,-0.9273640976892554,-1.0808483602657455,0.4411942499159211,10
16.666666666666657,8.333333333333329,46.33333333333334,10.900000000000002,46.050000000000004,38.083333333333336,17.16777777777778,86.54749999999999,900.9652777777777,-0.8368330385138029,-0.6822101340722458,0.38284320313424364,10
12.333333333333329,41.33333333333333,-22.0,10.766666666666666,86.36666666666666,7.416666666666669,0.6233333333333346,0.13222222222222105,9.85416666666666,0.6114002653119748,0.03235406460102054,0.47954485173216577,10
13.0,42.33333333333333,-23.0,11.933333333333334,87.25,7.000000000000002,0.8288888888888906,0.12083333333333332,16.42222222222221,-0.7762264103377228,0.24799825938894676,-0.11436685410818077,10
