RangeX,RangeY,RangeZ,MeanX,MeanY,MeanZ,VarX,VarY,VarZ,SkewX,SkewY,SkewZ,Label
6.0,2.333333333333343,13.0,3.2456140350877174,44.42105263157895,31.631578947368432,2.524469067405357,0.5595567867036015,17.729763004001235,0.9827449775801882,0.17284194910699532,-0.3230114912744108,10
34.33333333333333,8.666666666666671,94.33333333333334,11.631578947368418,38.10526315789474,49.6140350877193,109.14496768236383,219.77839335180056,2234.5410895660207,0.9745249072062424,-0.5589252102190261,0.3275377812810527,10
27.666666666666657,8.666666666666671,86.0,11.719298245614032,38.877192982456144,52.192982456140356,57.055709449061226,198.50538627269933,1847.5826408125577,0.6996630608635452,-0.5626187990933018,0.1599405745903879,10
6.0,40.33333333333333,-2.3333333333333144,5.438596491228071,82.94736842105264,14.228070175438601,0.8661126500461719,0.1902123730378575,23.252077562326868,0.00747615083594035,0.01132573864773525,-1.0949904579923737,10
8.333333333333343,39.66666666666667,7.666666666666686,8.245614035087721,82.63157894736841,22.12280701754386,0.2437673130193927,0.0338565712526915,15.967374576792903,0.36044919090929217,-0.04680634528998929,-0.5255400922959027,10
