RangeX,RangeY,RangeZ,MeanX,MeanY,MeanZ,VarX,VarY,VarZ,SkewX,SkewY,SkewZ,Label
7.0,2.0,10.333333333333314,4.523809523809523,49.47619047619048,29.428571428571427,2.622448979591829,0.32086167800453513,6.752834467120165,-0.34950861405181444,0.40636981564534397,-0.7131785447773681,10
56.333333333333336,6.666666666666671,103.66666666666666,17.595238095238095,33.011904761904766,59.08333333333333,373.3202947845804,351.1863662131519,2278.647817460317,1.0019994007751611,-0.1950851070454553,0.3493164571943338,10
57.33333333333334,8.666666666666671,99.99999999999997,18.738095238095237,36.011904761904766,55.63095238095239,331.3679138321996,348.3212868480725,2114.8677721088434,0.9468862048542235,-0.34778646006886393,0.3486570980111455,10
8.333333333333343,56.66666666666667,-8.333333333333371,6.285714285714285,104.55952380952381,8.369047619047617,1.212018140589569,0.127409297052153,13.455073696145137,0.8336811485832827,-0.03227600061120182,-0.1664574736616696,10
8.666666666666657,55.66666666666667,3.6666666666666288,8.178571428571427,103.15476190476191,18.17857142857143,0.4085884353741466,0.25779478458050165,24.61493764172338,0.40120523892329846,0.46194972885781915,-0.18955137673388722,10
