RangeX,RangeY,RangeZ,MeanX,MeanY,MeanZ,VarX,VarY,VarZ,SkewX,SkewY,SkewZ,Label
2.0,3.3333333333333286,4.333333333333314,0.8641975308641989,46.925925925925924,27.296296296296298,0.3478128334095364,0.685871056241426,1.1961591220850467,0.3084620556745164,-0.7017675740585289,-0.7005088964535895,10
39.33333333333333,9.0,83.66666666666666,13.493827160493826,45.51851851851851,42.08641975308642,132.99893308946807,86.96570644718794,1769.181832037799,0.9386934632156555,-0.8166540963975273,0.5332619528551096,10
38.0,10.0,86.33333333333331,14.259259259259263,44.18518518518518,44.7283950617284,113.26200274348423,106.75171467764058,1866.7657369303458,0.8948728092780986,-0.5145421715686248,0.4169338079966832,10
11.333333333333329,46.0,-9.666666666666686,8.65432098765432,90.24691358024694,8.259259259259263,1.2056089010821496,0.0871818320377997,9.6735253772291,0.840968231221795,-0.7488167089611325,0.2320398234112775,10
8.666666666666657,44.66666666666666,-4.333333333333371,7.679012345679013,88.74074074074072,12.148148148148145,0.32495046486815893,0.2661179698216741,12.669410150891624,-0.3241702998868242,-0.014063097952206876,0.4322695003503785,10
