RangeX,RangeY,RangeZ,MeanX,MeanY,MeanZ,VarX,VarY,VarZ,SkewX,SkewY,SkewZ,Label
3.0,2.6666666666666714,15.666666666666686,1.2790697674418605,47.20155038759689,23.53488372093023,0.6146265248482657,0.3159665885463621,21.173847725497254,0.013138124641326271,0.05182175400810997,-0.35228283971544544,11
51.66666666666667,4.666666666666657,36.66666666666666,18.790697674418606,41.49612403100775,24.387596899224807,243.54533982332794,146.04326663061113,309.65338621477065,0.8370759424543747,-1.7385600006087836,0.28895442398276766,11
51.66666666666666,5.333333333333343,34.66666666666666,17.72093023255814,42.29457364341085,24.32558139534884,259.3174689021093,153.91839432726402,211.0206117420828,0.8596398699153935,-1.683113250721899,0.38739516384363953,11
7.0,47.0,3.6666666666666856,2.751937984496124,91.85271317829456,9.263565891472869,3.6232197584279784,0.3478156360795618,13.336217775374092,0.3254848816789357,0.13075211000795003,0.42038739252271046,11
8.666666666666657,46.66666666666666,5.333333333333314,5.387596899224807,91.42635658914728,14.527131782945737,4.206357790998144,0.311760110570281,17.101977044648798,-0.12422075600675724,0.1487154453239552,-0.7373827528502166,11
