RangeX,RangeY,RangeZ,MeanX,MeanY,MeanZ,VarX,VarY,VarZ,SkewX,SkewY,SkewZ,Label
2.0,5.333333333333329,12.333333333333371,0.8431372549019613,45.58823529411764,24.784313725490193,0.2695117262591312,1.6212995001922317,8.025374855824706,-0.03135782684860602,-1.3040607582704733,-0.9051712315811198,11
55.66666666666667,14.333333333333329,32.33333333333334,21.382352941176467,45.05882352941177,20.98039215686274,358.3864859669358,218.17954632833528,335.2741253364092,0.6629104339172646,-1.3974419181773414,0.3933397776518825,11
54.0,14.333333333333329,34.666666666666686,21.215686274509803,45.04901960784314,21.68627450980392,333.953479430988,222.41262975778545,358.17608612072286,0.6407687534713954,-1.4260877790222615,0.31262563300552326,11
9.666666666666671,49.66666666666666,-3.3333333333333144,7.264705882352943,90.79411764705883,3.8235294117647025,1.1554209919261826,0.14388696655132485,9.06036139946176,0.3330080139817373,-0.06795515215939317,0.7558137894180087,11
9.333333333333343,48.0,12.333333333333371,7.872549019607842,89.08823529411765,15.56862745098039,0.4249327181853127,0.3876393694732789,22.7289504036909,-0.25934586560489215,-0.197814053334685,1.047722628328678,11
