RangeX,RangeY,RangeZ,MeanX,MeanY,MeanZ,VarX,VarY,VarZ,SkewX,SkewY,SkewZ,Label
16.666666666666657,6.0,33.666666666666686,9.171717171717175,49.35353535353536,45.878787878787875,28.162432404856645,1.6763595551474313,85.18396082032447,-0.16799035806440768,-0.616653392911656,-0.3359591593534754,11
51.999999999999986,3.3333333333333286,57.666666666666686,23.434343434343436,35.80808080808081,44.56565656565657,244.30629527599228,170.25609631670235,530.5554535251505,0.45072843701004667,-1.3532741047726817,0.06830682998930326,11
52.0,6.666666666666671,38.00000000000003,20.666666666666668,41.535353535353536,30.383838383838388,262.2626262626263,192.4575043362923,417.93347617590035,0.6846548525855951,-1.5906483477843274,0.18463866281463423,11
26.666666666666657,37.999999999999986,8.333333333333371,21.878787878787882,80.86868686868688,18.3939393939394,15.985307621671254,2.6931945719824464,48.932353841444744,-0.6319233456761696,-0.00042438908779098743,0.3710952477293602,11
36.999999999999986,29.66666666666667,20.666666666666686,34.97979797979798,72.35353535353535,20.161616161616163,1.8447097234976026,2.6729925517804296,228.99744923987348,-1.1146708680201596,-0.24612138010036377,-0.030584300262746757,11
