RangeX,RangeY,RangeZ,MeanX,MeanY,MeanZ,VarX,VarY,VarZ,SkewX,SkewY,SkewZ,Label
3.0,2.0,10.333333333333314,1.9858156028368796,43.170212765957444,25.780141843971638,0.47261204164780596,0.2688999547306474,6.4410240933554395,0.4354169638432042,0.031053009882941022,0.6738129077230842,11
51.000000000000014,8.333333333333329,47.66666666666666,26.4822695035461,38.25531914893617,39.51063829787234,206.8028771188572,116.64876012273025,578.5052059755546,0.0843189028966616,-1.3555686959600313,-0.44127713630828697,11
48.33333333333334,8.000000000000014,69.66666666666666,20.75886524822695,39.156028368794324,50.673758865248224,202.65107388964338,114.78416578642923,775.5484130576934,0.3780258009497828,-1.47052649071678,-0.7313544009767214,11
6.333333333333343,35.33333333333333,-5.333333333333371,5.695035460992906,76.9290780141844,11.304964539007091,0.4105427292389728,0.10844524923293562,6.453095920728312,-0.6062360856427105,-0.49134442145145873,-0.2908814199912184,11
8.0,35.66666666666667,2.0,7.319148936170218,77.34042553191489,18.553191489361698,0.31658367285347716,0.15834213570745728,7.173884613450016,-0.039376542873740324,0.10911254898167691,0.09453062385551478,11
