RangeX,RangeY,RangeZ,MeanX,MeanY,MeanZ,VarX,VarY,VarZ,SkewX,SkewY,SkewZ,Label
3.0,3.0,12.333333333333314,3.8533333333333313,44.69333333333333,29.44,0.7562666666666692,0.5148444444444444,11.36640000000002,0.01293171742153242,-1.0900706383032732,-0.47157316758987483,11
49.66666666666666,9.999999999999986,63.0,24.34666666666667,38.10666666666666,31.62666666666667,349.26648888888883,189.33973333333333,854.0028444444445,0.2123523179137809,-0.8829048907488225,0.6124133578976112,11
49.333333333333314,10.666666666666671,40.66666666666666,23.213333333333335,38.906666666666666,37.52,318.62115555555556,214.07573333333335,354.80960000000005,0.36805548385250686,-1.096726330119108,-0.3168883747087953,11
4.666666666666657,41.33333333333333,-4.333333333333314,5.653333333333337,83.13333333333333,13.10666666666667,0.3864888888888885,0.1333333333333329,10.27306666666665,-0.7187074873869176,0.8033264176742574,-0.4766481400881757,11
7.0,41.66666666666667,3.3333333333333144,7.986666666666664,83.05333333333333,22.44,0.3687111111111169,0.30826666666666747,5.046399999999995,0.4959957177499087,0.3687779183958293,-0.634713388634622,11
