RangeX,RangeY,RangeZ,MeanX,MeanY,MeanZ,VarX,VarY,VarZ,SkewX,SkewY,SkewZ,Label
10.0,9.666666666666671,44.33333333333334,4.63849765258216,48.56807511737089,32.17370892018779,9.82080275077696,2.5552249333245176,64.77264211245569,0.5193843608292873,-1.7629912408301698,-0.35124776348233844,11
58.0,15.0,99.33333333333334,23.957746478873236,38.70422535211268,57.49295774647887,382.63201745685376,185.54162533888777,880.7225638651943,0.33869685266216587,-0.9237792304139436,-0.32386227253693395,11
59.0,17.0,96.00000000000003,25.8075117370892,41.23474178403756,52.69483568075117,380.03024091339904,277.3877757940445,648.7409905442042,0.5145587128842188,-0.7890931756854719,-0.24360341009557407,11
9.666666666666657,67.0,52.666666666666686,6.056338028169014,104.56807511737088,11.95774647887324,3.314509907646189,1.271969847252531,99.1609689435518,-0.38540091242557595,0.037106526489818464,1.4874399366218312,11
12.0,63.33333333333334,34.0,9.169014084507044,102.71361502347422,22.497652582159624,3.3611056007405966,1.9101589190857224,63.9745641296921,-1.1718211651493493,-2.3679542565425367,0.47662300796093043,11
