RangeX,RangeY,RangeZ,MeanX,MeanY,MeanZ,VarX,VarY,VarZ,SkewX,SkewY,SkewZ,Label
6.0,2.333333333333343,21.0,1.4957264957264966,46.67521367521368,23.47008547008547,2.683030170209659,0.33895828767623715,34.853093724888545,1.4534374804285584,-0.06810615541637922,-0.12534155816400452,11
53.0,5.666666666666671,45.00000000000003,20.46153846153846,39.641025641025635,25.418803418803424,297.3140477755862,185.7514792899409,339.3431222149172,0.6691851773660563,-1.5329643504765231,0.19096726842510345,11
50.66666666666666,5.666666666666671,59.666666666666686,20.45299145299145,38.95726495726496,27.82905982905984,283.7463656950836,184.05800277595148,432.57476806194757,0.5515378242236313,-1.4118395295596429,0.701643465268028,11
11.0,47.000000000000014,19.33333333333337,3.119658119658119,91.36752136752136,14.33333333333334,8.555482504200457,0.36920154868873223,43.19088319088322,1.0490056860492227,-0.1774412473380294,0.3645244644540876,11
11.666666666666657,47.66666666666667,4.0,4.931623931623934,91.8119658119658,10.393162393162397,8.17196288991161,0.3919935714807521,10.717218204397714,0.4843882661725552,0.1464400514006229,0.2521399410695079,11
