RangeX,RangeY,RangeZ,MeanX,MeanY,MeanZ,VarX,VarY,VarZ,SkewX,SkewY,SkewZ,Label
8.666666666666657,13.0,43.99999999999997,3.9894179894179884,48.02116402116403,37.28571428571429,5.431986786484136,6.860222278211699,119.87251196775001,-0.1263378867969462,-2.2492703148527813,0.6578411616910992,11
54.33333333333333,21.0,85.66666666666666,21.343915343915345,42.518518518518526,46.83597883597884,347.16390918507324,202.9657064471879,861.3399400912626,0.5398272078802332,-1.1457308685521188,0.38650052665488904,11
56.66666666666666,715826572.0,91.33333333333331,23.47619047619047,11362370.047619049,43.70370370370371,399.4628369866465,8004352652135731.0,645.6229668822261,0.5108271187288144,7.747007747011253,0.4698466803123862,11
10.333333333333343,68.33333333333333,5.0,6.349206349206349,104.40211640211642,9.619047619047622,3.7193247669438163,0.547297108143671,49.74905517762661,-0.5766896532599036,-0.40024558940682914,0.5814545058336684,11
10.666666666666657,67.33333333333333,9.666666666666629,8.761904761904763,103.18518518518519,18.32804232804233,1.47593852355757,0.4295512443660591,43.14812015341114,-0.15894027343915984,-0.5214841827104792,-0.13342567760043506,11
