RangeX,RangeY,RangeZ,MeanX,MeanY,MeanZ,VarX,VarY,VarZ,SkewX,SkewY,SkewZ,Label
3.0,2.333333333333343,11.0,3.4166666666666643,44.65277777777778,30.33333333333333,0.4930555555555591,0.337770061728396,7.953703703703703,-0.33096164552448787,-0.26632815563011586,0.13828240973522468,11
51.000000000000014,8.666666666666671,52.33333333333334,23.138888888888886,38.31944444444445,27.611111111111114,327.73996913580254,220.28221450617283,763.8858024691359,0.3423118284542759,-1.145993710937515,0.500576025779941,11
50.0,10.333333333333329,42.0,21.76388888888889,39.01388888888889,34.56944444444444,292.4488811728395,223.43962191358023,489.0507330246915,0.5517831848946075,-1.1522600114822652,-0.11710638521241111,11
6.333333333333343,40.33333333333333,-5.666666666666686,6.25,82.94444444444444,14.791666666666666,0.5208333333333286,0.20987654320987623,6.081597222222175,-0.04618802153516541,0.3013861811113024,-0.0913812989289848,11
7.333333333333343,40.33333333333333,-0.6666666666666856,7.819444444444443,83.0,22.40277777777777,0.546103395061733,0.14814814814814867,1.564621913580237,-0.12811574253471297,0.16237976320956754,-0.314177350168832,11
