RangeX,RangeY,RangeZ,MeanX,MeanY,MeanZ,VarX,VarY,VarZ,SkewX,SkewY,SkewZ,Label
10.666666666666657,8.0,28.666666666666686,4.845410628019323,49.24154589371981,27.03381642512077,8.797358164717965,1.3232980933043954,25.150225209456472,0.3664093485021849,-2.3246866259363097,0.6098104520740194,11
55.33333333333333,11.0,97.66666666666669,23.917874396135268,37.280193236714965,56.46376811594203,407.0834325188453,217.44162057457584,1127.4886228383393,0.3454583382471996,-0.8129798126582439,0.02753114083324734,11
58.66666666666666,13.666666666666671,82.00000000000003,26.28985507246377,38.48792270531401,50.80193236714976,409.5842610095917,312.4430908539289,758.0171299213516,0.3990821637337768,-0.773399126729764,-0.24845204433757623,11
9.0,63.33333333333333,14.0,6.202898550724636,104.73913043478261,9.647342995169083,3.4403136595953185,0.43114191696422405,42.82732385819969,-0.9755086868004472,-0.05369958052852399,0.6625494164262813,11
12.0,60.66666666666667,24.0,9.64734299516908,102.93236714975845,19.83574879227053,1.600270718103107,0.3625755560223102,36.9359845037224,-0.49137068908851217,-0.21235023031765785,0.7532067497871028,11
