RangeX,RangeY,RangeZ,MeanX,MeanY,MeanZ,VarX,VarY,VarZ,SkewX,SkewY,SkewZ,Label
4.0,2.666666666666657,12.0,3.216666666666663,47.14999999999999,32.949999999999996,1.1030555555555535,0.4163888888888868,14.414166666666663,0.0357022936348792,-0.11030957733441436,-0.27001715130342485,11
25.33333333333333,9.999999999999986,61.333333333333314,10.900000000000002,45.60000000000001,43.5,44.98999999999999,190.3622222222222,556.1611111111113,1.030547680018386,-1.9578179104849345,0.1402427766822993,11
21.0,8.666666666666671,59.0,10.13333333333333,45.03333333333333,38.28333333333333,23.08222222222222,154.45444444444442,559.9363888888888,0.31682898389771114,-1.8706055402269162,0.1883880150814949,11
10.333333333333329,41.33333333333333,-12.333333333333343,10.233333333333334,86.31666666666665,6.7,0.6344444444444418,0.11638888888888779,7.009999999999988,-0.39092986450961253,-1.0192712340756986,1.4405203756432907,11
11.666666666666657,42.33333333333333,-6.0,11.05,87.28333333333333,12.533333333333335,0.6474999999999979,0.21416666666666867,14.204444444444453,0.2078696454430521,0.4935475941951473,0.44980897796256974,11
