RangeX,RangeY,RangeZ,MeanX,MeanY,MeanZ,VarX,VarY,VarZ,SkewX,SkewY,SkewZ,Label
4.333333333333343,5.666666666666671,12.0,1.2592592592592595,45.24074074074075,25.231481481481485,1.420438957475992,1.4050068587105626,8.474194101508914,0.994956809285579,-1.8729560289280804,-0.15919297937392748,11
56.666666666666664,14.666666666666671,43.333333333333314,19.22222222222222,45.12037037037037,22.546296296296298,347.9382716049383,213.3527949245542,355.55032578875165,0.8502312913917955,-1.7486459974161328,0.641477679585307,11
54.66666666666666,14.0,28.666666666666657,19.76851851851852,44.851851851851855,20.759259259259256,328.02357681755825,231.69410150891625,227.92969821673518,0.7554177607700802,-1.694143765275873,0.29268413124625814,11
9.666666666666671,50.33333333333333,1.6666666666666288,7.351851851851852,90.66666666666667,6.12962962962963,2.660150891632372,0.40740740740740683,24.08196159122083,-1.9258339043705712,-0.902038762679534,1.5257241853122292,11
9.0,49.000000000000014,24.0,7.425925925925927,89.15740740740742,18.78703703703704,1.1580932784636522,0.5030006858710585,56.494770233196185,-0.5972154311688274,0.08170617599746191,2.105832939477062,11
