RangeX,RangeY,RangeZ,MeanX,MeanY,MeanZ,VarX,VarY,VarZ,SkewX,SkewY,SkewZ,Label
2.666666666666657,2.3333333333333286,9.0,1.4166666666666643,43.018518518518505,24.648148148148152,0.5023148148148131,0.34533607681755796,4.049039780521264,0.13979470840835817,-0.4190215617363174,-0.06734641010073478,11
52.0,8.333333333333329,36.99999999999997,25.694444444444443,38.06481481481481,23.09259259259259,202.42206790123458,152.98036694101503,340.2445130315501,0.3188287714481227,-1.37877879318695,0.3719885868891313,11
51.0,8.666666666666671,45.333333333333314,24.824074074074073,37.861111111111114,29.416666666666668,208.16966735253774,162.17515432098764,536.60725308642,0.26986142623271714,-1.4092278442444457,0.09509588556690732,11
7.666666666666671,35.66666666666667,-2.0,5.638888888888889,76.78703703703702,13.287037037037038,0.7492283950617292,0.13674554183813362,5.062671467764071,-0.08930103652744696,-1.112743156433641,0.0027597912576339556,11
9.333333333333343,36.33333333333333,0.0,7.611111111111111,77.35185185185185,16.527777777777786,0.5648148148148172,0.2465706447187937,3.8603395061728563,0.5566376564892811,0.1569551564353977,-0.2535100041368254,11
