RangeX,RangeY,RangeZ,MeanX,MeanY,MeanZ,VarX,VarY,VarZ,SkewX,SkewY,SkewZ,Label
3.6666666666666856,2.0,6.0,2.7407407407407396,44.74074074074074,30.259259259259267,1.097393689986286,0.4307270233196154,3.039780521261996,-0.4917043779675918,-0.16534587138357387,0.29370123840318263,11
51.66666666666667,8.333333333333329,47.66666666666666,24.74074074074074,36.518518518518526,30.72839506172839,335.9368998628258,232.89163237311388,674.683432403597,0.22741666264700197,-0.9752217047273335,0.5502680579098412,11
49.666666666666686,9.333333333333329,29.99999999999997,22.35802469135803,37.60493827160494,34.93827160493828,300.5014479500076,232.60935832952296,351.5229385764366,0.42292623907858207,-1.041656535481635,-0.4026140956659131,11
6.333333333333343,39.999999999999986,-6.666666666666686,5.975308641975305,83.23456790123456,16.456790123456788,0.27099527511050336,0.19600670629477066,6.050602042371601,0.2979789145607627,-0.7739438105808972,-0.22000535185457082,11
9.333333333333343,39.999999999999986,1.6666666666666288,8.580246913580247,83.0493827160494,21.320987654320984,0.9678402682517863,0.2280140222527045,13.510135650053348,0.03802283367199294,-0.10977744006853761,0.4837411989362429,11
