RangeX,RangeY,RangeZ,MeanX,MeanY,MeanZ,VarX,VarY,VarZ,SkewX,SkewY,SkewZ,Label
3.333333333333343,2.0,7.666666666666686,3.4210526315789505,46.877192982456144,33.91228070175438,0.5127731609726117,0.20129270544783062,5.694059710680224,-0.024264505701026427,0.17255585672004387,-0.41202858110049934,11
34.000000000000014,8.333333333333343,50.666666666666686,13.175438596491228,44.1578947368421,44.05263157894737,94.4487534626039,109.95752539242844,632.1668205601724,1.027099120473466,-0.6451101472761164,-0.08487145221324016,11
29.666666666666686,8.666666666666657,48.33333333333334,9.29824561403509,42.71929824561404,38.54385964912281,65.48414896891354,142.96214219759926,674.0375500153892,1.7190746428481474,-0.9492703640555515,0.13569773986588005,11
11.000000000000014,42.0,-14.333333333333314,10.82456140350877,86.84210526315789,9.578947368421051,1.3142505386272718,0.21483533394890597,11.039088950446285,0.17028632808450833,0.2980324754956268,-0.39809474698440933,11
12.0,41.0,-7.666666666666657,11.57894736842105,86.33333333333334,18.719298245614038,0.6063404124345962,0.16374269005847883,4.2720837180671,0.8637223214207707,0.3530376304490179,0.2275798590711576,11
