RangeX,RangeY,RangeZ,MeanX,MeanY,MeanZ,VarX,VarY,VarZ,SkewX,SkewY,SkewZ,Label
2.666666666666657,5.666666666666671,8.0,0.7500000000000022,36.557692307692314,3.314102564102565,0.35844017094016706,2.387697238658778,3.7154421433267517,1.0367741197756066,-0.39135153112754295,0.17761885247696624,11
52.33333333333333,18.000000000000014,107.66666666666666,20.58974358974359,40.69230769230769,44.82692307692308,176.45134779750163,130.5890861275477,626.2841469428008,0.4833686523542644,-1.959959546046788,0.813268868666473,11
49.0,18.33333333333333,104.66666666666666,16.69871794871795,41.602564102564095,39.05769230769231,185.34298980933593,119.7095660749507,741.8022271531888,0.7846758119798978,-1.6644918045180301,0.5168804902757548,11
9.0,47.000000000000014,31.0,6.814102564102564,79.16025641025641,24.076923076923077,0.8949293228139402,0.2542324128862594,19.86587771203154,0.42127928181998875,0.6201656324782595,-0.9912376230629114,11
4.666666666666657,48.33333333333333,39.0,2.6346153846153846,79.47435897435896,28.378205128205124,0.5566650230111775,1.0313938198553578,21.944567718606212,-0.033962118967838996,0.044480345027893366,0.28126690572155705,11
