RangeX,RangeY,RangeZ,MeanX,MeanY,MeanZ,VarX,VarY,VarZ,SkewX,SkewY,SkewZ,Label
2.666666666666657,4.666666666666671,9.333333333333371,1.0360360360360354,45.65765765765766,25.82882882882883,0.3470497524551572,0.8737927116305502,5.210940670400153,0.6877590118523962,-1.987073322437767,-0.6002317692780484,11
55.666666666666664,13.0,37.00000000000003,20.46846846846847,45.07207207207207,21.14414414414415,353.2039607174742,188.65546627708798,389.7570002434865,0.7316793515408614,-1.5263663054482355,0.5497383783476615,11
55.66666666666666,13.0,35.00000000000003,20.234234234234236,44.9009009009009,23.378378378378386,347.6027919811703,222.41960879798722,367.6886616346076,0.6756200127172726,-1.602406914698633,0.36697449481758787,11
10.333333333333329,50.0,-4.333333333333314,7.864864864864863,90.96396396396396,4.549549549549552,1.26402077753429,0.20290560831101498,11.460758055352668,0.3390811217590932,-0.26327999999999013,1.442340231640486,11
10.333333333333343,49.0,13.333333333333371,8.000000000000004,89.22522522522523,17.882882882882885,1.7537537537537566,0.6249492735979245,19.352649947244554,-0.32325321633420445,0.303404494745169,1.7420900641577965,11
