RangeX,RangeY,RangeZ,MeanX,MeanY,MeanZ,VarX,VarY,VarZ,SkewX,SkewY,SkewZ,Label
7.666666666666657,5.333333333333329,15.333333333333343,1.5283018867924518,36.91194968553459,4.232704402515723,1.892804873224949,1.858075234365729,17.046477591867433,2.340043326399509,-0.147520308008573,1.3299937603909928,11
49.0,17.66666666666667,112.66666666666666,20.10691823899371,41.44025157232705,44.270440251572325,163.29045528262327,105.49171314425854,580.2937383806019,0.2668725352612458,-2.0497060603192865,1.0131513192534376,11
48.33333333333334,17.33333333333333,104.66666666666666,17.867924528301884,41.33962264150944,41.91823899371069,154.68905502155772,83.2347612831771,759.01008662632,0.61291623558198,-1.6162957710364663,0.38788579755981917,11
9.666666666666671,46.999999999999986,51.0,7.201257861635219,79.28301886792453,25.207547169811324,0.8441912899015069,0.39998417784106516,40.83533088089871,0.820720364892145,-0.329896253468505,1.7573287514431641,11
4.0,47.33333333333333,39.666666666666686,2.836477987421385,79.33333333333333,25.06918238993711,0.42609074008148373,0.9308176100628912,44.54238360824333,-1.27290439008435,-0.3921877425370625,-0.9474151398026077,11
