RangeX,RangeY,RangeZ,MeanX,MeanY,MeanZ,VarX,VarY,VarZ,SkewX,SkewY,SkewZ,Label
6.333333333333314,2.3333333333333286,10.666666666666657,3.2222222222222228,44.837606837606835,23.717948717948723,1.8822412155745434,0.3012637884432756,4.624150777996921,1.4831972010303507,-0.09155834597712718,-1.94077041231677,11
50.66666666666666,8.999999999999986,49.99999999999997,21.974358974358974,40.66666666666667,20.837606837606845,298.04207758053906,203.2820512820513,402.4779019650814,0.485302630458811,-1.3110052679960007,1.0186879804949398,11
51.333333333333314,8.999999999999986,33.333333333333314,23.07692307692308,40.46153846153846,20.940170940170937,287.59807144422524,212.12316458470303,194.050551537731,0.3942610332801647,-1.2917605686158609,0.6591421461544298,11
9.333333333333329,38.999999999999986,16.0,9.26495726495727,81.3076923076923,22.333333333333332,0.49105120899992766,0.6916502301117706,65.43019943019938,-1.2021693527168373,0.18662913578656778,-1.518074572764475,11
7.666666666666657,40.66666666666667,30.0,7.529914529914532,82.49572649572649,28.743589743589748,0.41434728614215705,0.5975600847395738,22.44707429322814,0.440415865998853,0.6084236306821464,2.3802553023067974,11
