RangeX,RangeY,RangeZ,MeanX,MeanY,MeanZ,VarX,VarY,VarZ,SkewX,SkewY,SkewZ,Label
10.0,3.6666666666666714,9.333333333333314,5.5166666666666675,42.3,25.09166666666666,3.9886111111111098,0.7433333333333335,8.133263888888857,-0.04485462464758297,-0.5312156229046758,0.24720154954823406,11
58.33333333333333,15.0,45.66666666666666,20.766666666666666,43.875,31.041666666666664,326.06777777777774,199.06493055555558,245.0454861111112,0.7248251907959377,-1.683568857326548,0.6404153489807384,11
55.66666666666666,715826569.6666666,65.0,18.025,35791375.33333333,32.85,339.6688194444444,2.4339364219024924e+16,830.1663888888888,0.8263589504447324,4.129483209670058,0.1903473332415249,11
25.666666666666657,50.000000000000014,20.0,21.383333333333333,84.69166666666666,22.341666666666665,4.730833333333344,14.374374999999983,122.53604166666665,-0.0592577744648561,-0.7559408404724979,0.032945076840135055,11
31.666666666666657,45.66666666666667,19.0,25.683333333333337,83.08333333333333,24.35,6.138611111111108,2.7374999999999963,81.81638888888884,0.42302180077582185,-0.744074819114864,0.0384883311802068,11
