RangeX,RangeY,RangeZ,MeanX,MeanY,MeanZ,VarX,VarY,VarZ,SkewX,SkewY,SkewZ,Label
4.0,5.333333333333343,14.333333333333314,2.8115942028985503,44.82608695652174,22.833333333333336,0.814744801512284,1.0277252678008828,13.037439613526558,1.0075234858082647,0.08384724697194276,-0.2746682354197538,11
51.33333333333334,10.0,50.66666666666666,21.73913043478261,42.23913043478261,15.594202898550718,272.57445914723803,183.05151228733456,295.99474900231047,0.5863860316856833,-1.5218992587865203,1.5311413829204987,11
51.0,10.000000000000014,25.0,23.159420289855074,42.28260869565218,11.666666666666668,263.10501995379127,180.4636105860113,119.34782608695656,0.4316590334859227,-1.4030238786547753,1.2992986155028492,11
11.333333333333343,40.33333333333333,20.333333333333343,10.130434782608699,81.20289855072463,26.217391304347824,0.8477210670027295,0.3742911153119108,38.95274102079393,1.1071345678709452,0.48051916037580283,-0.9709779852700907,11
8.666666666666686,42.000000000000014,37.99999999999997,7.760869565217396,82.49999999999999,32.30434782608695,0.9790485192186505,0.5301932367149814,23.491913463558088,0.7017411458804947,0.5505934693125222,1.9490209989523,11
