RangeX,RangeY,RangeZ,MeanX,MeanY,MeanZ,VarX,VarY,VarZ,SkewX,SkewY,SkewZ,Label
15.333333333333343,8.0,31.333333333333314,6.572649572649571,48.888888888888886,50.623931623931625,20.47264226751408,2.17283950617284,67.96683468478338,0.7540614584759217,-1.3161470952667866,-1.097279167507974,11
50.66666666666667,8.666666666666671,42.0,19.290598290598293,40.37606837606838,34.24786324786324,281.03236175031043,165.29447001241877,407.14939002118484,0.6044419144034304,-1.5351544571322457,0.16805563401831117,11
51.0,9.333333333333329,52.0,16.64102564102564,41.786324786324776,29.341880341880344,284.3041858426473,187.7064796551976,555.8774198261378,0.8760569607352965,-1.4313645767978154,0.6721705350742792,11
33.33333333333334,39.33333333333333,-2.0,25.581196581196583,79.15384615384615,16.042735042735046,10.45993133172621,4.984878369493756,32.29162100956975,0.5984693686030179,-1.447027673024182,0.5038560648789141,11
35.66666666666667,38.33333333333333,11.0,33.27350427350427,74.23076923076924,10.18803418803419,11.167360654540163,4.88976550515012,119.36635254583972,-2.905349356006721,1.4577403233198343,1.2687367719109128,11
