RangeX,RangeY,RangeZ,MeanX,MeanY,MeanZ,VarX,VarY,VarZ,SkewX,SkewY,SkewZ,Label
8.0,7.0,29.99999999999997,5.412280701754389,42.096491228070185,25.149122807017545,4.710141582025245,2.6895198522622334,67.60056940597104,0.21547496936395302,-0.9353172280352909,1.0605144340859796,11
57.999999999999986,19.666666666666657,63.333333333333314,21.71052631578947,44.236842105263165,40.3421052631579,380.9951523545706,188.3444906124962,306.4180517082179,0.6597763318332621,-1.5494514612888282,0.8430057820274918,11
55.66666666666666,715826571.3333334,63.66666666666666,19.86842105263158,131862833.84210527,36.315789473684205,346.757540781779,7.700309130949118e+16,761.0172360726374,0.7684576669642085,1.6292261599251037,-0.13850215372618094,11
29.0,55.33333333333333,42.333333333333314,26.482456140350877,82.05263157894737,37.8421052631579,11.834487534626055,16.96799015081565,133.86395814096636,-0.7255431828425811,-0.6678497219374672,-0.42649244524645147,11
28.666666666666657,50.999999999999986,37.333333333333314,23.517543859649123,85.26315789473685,36.13157894736842,10.928054786088031,2.6091104955370845,87.46514312096026,-0.12210022849294969,-0.033782940201436296,-0.012931197052573324,11
