RangeX,RangeY,RangeZ,MeanX,MeanY,MeanZ,VarX,VarY,VarZ,SkewX,SkewY,SkewZ,Label
7.666666666666686,7.333333333333329,30.00000000000003,4.992248062015505,41.98449612403101,25.49612403100775,3.072291328646116,2.9920076918454424,71.49029505438376,0.3288419724932309,-1.177708388563066,1.1577153831706124,11
55.66666666666667,18.66666666666667,57.666666666666686,19.589147286821706,44.65891472868217,37.286821705426355,315.1154377741723,164.007691845442,237.88930953668648,0.9094944734804977,-1.7713681592578974,0.9636685173381483,11
51.33333333333334,715826572.3333334,68.33333333333334,15.883720930232558,33294306.74418605,32.37209302325581,313.1931975241872,2.2724407017079804e+16,859.0036656450934,0.9576198243040882,4.306829516918965,0.1858517395488868,11
23.333333333333343,43.33333333333334,44.666666666666686,22.75968992248062,74.93798449612403,42.33333333333333,1.0507781984255777,6.538789736193743,54.94573643410855,-0.6184404631816397,-0.16501573957987603,0.040971897521431815,11
27.666666666666686,51.0,32.666666666666686,23.31007751937985,84.22480620155038,33.85271317829457,8.064058650321497,1.8900306471966812,48.35815155339225,-0.16488747357634995,0.033783551618325594,-0.1430893755949988,11
