RangeX,RangeY,RangeZ,MeanX,MeanY,MeanZ,VarX,VarY,VarZ,SkewX,SkewY,SkewZ,Label
2.0,4.0,4.333333333333314,0.6991869918699185,37.15447154471545,1.6016260162601617,0.3891863308876976,1.024919029678101,0.9930596866944228,0.4834202000152196,-0.9357750661244664,0.7967220042638186,11
51.33333333333333,15.999999999999986,92.0,22.634146341463413,38.650406504065046,38.398373983739845,216.49758741489853,158.57426135236963,778.6244960010575,0.32685609968221396,-1.2631556037504397,0.5456658793063558,11
49.33333333333334,16.66666666666667,100.66666666666666,17.918699186991873,39.82113821138211,34.59349593495935,249.05572080111057,176.0059488399762,676.4038601361622,0.515106528116871,-1.346925243251922,0.9828780076254954,11
8.333333333333329,45.999999999999986,30.333333333333314,6.46341463414634,79.54471544715446,21.829268292682926,0.9586886112763574,0.49190296781016135,23.88683984400819,-0.17186738450122843,-0.04653276701826696,-0.3457970715652998,11
4.666666666666657,46.66666666666667,31.333333333333314,3.284552845528456,79.07317073170732,25.804878048780488,0.5667261550664314,1.1951880494414704,9.181439619274231,0.054920083873352246,0.37757091276736604,0.25657364792524995,11
