RangeX,RangeY,RangeZ,MeanX,MeanY,MeanZ,VarX,VarY,VarZ,SkewX,SkewY,SkewZ,Label
13.333333333333343,4.0,43.333333333333314,7.777777777777778,46.666666666666664,21.22222222222222,14.261728395061738,0.992592592592589,159.5358024691358,-0.7006355837977165,0.6441813362705209,0.3650430734893296,12
14.0,14.666666666666657,16.333333333333314,7.033333333333333,57.04444444444446,7.1000000000000005,18.787777777777773,3.5980246913580163,21.349259259259235,0.2935169818486883,-0.2855661758411803,0.3595931904359668,12
48.0,9.666666666666657,19.333333333333343,18.54444444444444,36.83333333333334,8.933333333333332,272.3887654320987,380.0351851851852,35.64740740740748,0.7207451574682973,-0.6823733238084456,0.2971017221697582,12
15.333333333333343,48.66666666666666,58.333333333333314,10.088888888888883,91.54444444444445,32.68888888888889,7.8439506172839515,2.7517283950617317,300.8735802469136,0.11695358467856783,-0.5896773922024308,-0.4506521474319459,12
11.666666666666686,45.0,8.666666666666657,4.244444444444445,87.04444444444445,3.911111111111114,17.177283950617273,2.146172839506171,5.362469135802476,0.6722702450110659,0.5018768009518947,0.28203695468313905,12
