RangeX,RangeY,RangeZ,MeanX,MeanY,MeanZ,VarX,VarY,VarZ,SkewX,SkewY,SkewZ,Label
20.666666666666686,8.0,51.333333333333314,12.608695652173912,49.09420289855074,38.41304347826087,25.489392984667095,4.070835958832178,168.23277672757825,-0.5048587746349106,-0.7329505448589112,-0.1636554066757059,12
24.333333333333343,6.666666666666671,75.66666666666666,10.340579710144926,28.644927536231886,28.173913043478255,67.53376391514388,338.73141146817903,456.7668557025834,0.3115743275622038,-0.28358185080046405,1.256729551912818,12
49.0,5.666666666666671,64.33333333333331,20.31159420289855,31.7463768115942,34.144927536231876,287.8328607435413,173.43084436042844,376.0611216131063,0.4432094158918882,-0.3134731587851392,0.14520347357923954,12
42.0,39.000000000000014,59.666666666666686,30.297101449275363,74.12318840579711,33.34782608695652,42.522841839949585,25.953423650493622,248.06259189245947,-0.5046794689627827,0.3423923450342476,0.33516171617769286,12
35.666666666666686,38.000000000000014,39.333333333333314,24.478260869565222,78.60144927536234,23.471014492753625,61.89687040537705,11.02714765805503,111.92065742491077,-0.4562664117477038,-0.5485332605934057,0.20361192177927753,12
