RangeX,RangeY,RangeZ,MeanX,MeanY,MeanZ,VarX,VarY,VarZ,SkewX,SkewY,SkewZ,Label
17.0,4.333333333333343,31.0,8.91919191919192,44.030303030303024,31.070707070707076,34.51198857259464,1.436792164064891,60.28792980308132,-0.06781671421567431,-0.7151518855521537,-0.6022669041193276,12
53.0,9.666666666666671,38.00000000000003,25.88888888888889,22.434343434343432,20.272727272727273,344.8327721661055,351.1682481379451,167.10743801652893,0.19496236358724267,0.44512695484128495,0.640397965458102,12
47.66666666666666,10.666666666666671,28.33333333333337,24.696969696969695,25.02020202020202,21.959595959595962,209.44352617079886,318.1208039995919,92.42260993776141,0.0005021083632463428,0.24793325550608464,-0.06620965262585643,12
8.0,43.000000000000014,44.0,3.777777777777778,82.5959595959596,33.464646464646464,4.4017957351290695,1.2374247525762692,201.17804305683097,0.5095006992147676,-0.7638295018633637,-0.15156558624522845,12
14.666666666666657,42.33333333333333,21.0,6.414141414141414,82.82828282828284,20.818181818181817,13.65003571064178,0.41832466074890085,57.77165595347419,0.04471239693068543,-0.624199862455792,-0.7130235409847081,12
