RangeX,RangeY,RangeZ,MeanX,MeanY,MeanZ,VarX,VarY,VarZ,SkewX,SkewY,SkewZ,Label
4.333333333333343,2.0,6.0,1.240000000000001,43.57333333333333,30.2,1.0624000000000005,0.17351111111111184,1.6622222222222203,1.2288920112417694,-0.4439311492755388,-0.6578350879669081,12
8.333333333333329,9.000000000000014,-12.333333333333371,5.826666666666667,49.93333333333334,7.5333333333333306,1.4855111111111112,0.4711111111111124,12.399999999999991,-0.022968412101215085,0.049480600535165876,0.07910751569476943,12
49.0,6.666666666666671,0.3333333333333144,23.38666666666667,26.36,10.640000000000002,217.60604444444442,315.8748444444445,64.44373333333336,0.6837990863553333,0.07913935788878555,0.521986634610659,12
9.0,35.66666666666667,6.0,6.120000000000001,76.46666666666667,23.61333333333334,4.256711111111115,0.6311111111111108,36.85048888888893,-0.37154394288890924,-0.124104285381912,-0.3751200429214662,12
9.666666666666657,35.66666666666667,-4.333333333333371,5.706666666666666,77.12,11.16,5.22951111111111,0.39004444444444336,29.023288888888956,0.42805413619924043,0.0550564250634363,0.43275529082445785,12
