RangeX,RangeY,RangeZ,MeanX,MeanY,MeanZ,VarX,VarY,VarZ,SkewX,SkewY,SkewZ,Label
13.0,11.666666666666657,37.0,7.385964912280699,41.80701754385965,18.701754385964914,12.459218220991069,9.793167128347175,96.92274546014154,-0.1448653662531414,-0.9832683168730065,-0.2421429392763577,12
52.33333333333334,19.66666666666667,49.33333333333334,20.42105263157895,35.87719298245615,23.456140350877195,316.6297322253001,326.9147429978455,235.79193598030156,0.39892273329591754,-0.757939272584533,0.15209965336560874,12
47.666666666666686,21.66666666666667,110.0,20.7719298245614,32.666666666666664,44.561403508771924,200.222837796245,246.43274853801168,843.8368728839645,0.6556072218501389,-0.02472180928169161,0.30370588492011014,12
31.333333333333343,67.66666666666667,49.66666666666666,13.403508771929822,90.64912280701753,34.771929824561404,120.72022160664815,64.54355186211141,182.72576177285322,0.5710161322980768,-0.4001076706662294,-0.36390943601259307,12
29.333333333333343,54.33333333333333,41.666666666666686,20.19298245614035,82.98245614035088,17.596491228070175,32.16743613419515,32.16928285626347,196.75530932594654,-0.45151395004875183,-1.5428337006738555,0.540018850373152,12
