RangeX,RangeY,RangeZ,MeanX,MeanY,MeanZ,VarX,VarY,VarZ,SkewX,SkewY,SkewZ,Label
16.666666666666657,7.333333333333329,59.66666666666663,16.479166666666668,48.84375,36.36458333333333,18.694010416666657,4.013780381944442,336.8497178819444,0.1276022167448634,-0.7081606856606314,-0.1103520265789133,12
17.0,1.6666666666666714,69.33333333333331,14.583333333333334,18.21875,22.354166666666664,22.638888888888864,188.18478732638886,377.5065104166666,0.5339854199220455,0.8882002363428382,1.5467965317817975,12
32.66666666666666,9.999999999999986,60.333333333333314,12.65625,43.677083333333336,27.09375,94.1630859375,64.6978081597222,395.2099609375001,1.0916679798283002,-0.5604564007425445,0.2532784186244306,12
32.0,37.999999999999986,62.0,28.90625,73.97916666666666,42.11458333333333,46.015516493055564,23.409288194444443,181.20562065972214,-0.17577193640441957,0.5645337638374719,-0.20932795033400928,12
31.666666666666657,37.66666666666667,46.333333333333314,25.71875,77.83333333333333,22.864583333333336,94.04242621527776,17.756944444444454,150.11707899305557,-0.20349583958259068,-0.5936460169060048,0.5382953418028372,12
