RangeX,RangeY,RangeZ,MeanX,MeanY,MeanZ,VarX,VarY,VarZ,SkewX,SkewY,SkewZ,Label
18.333333333333343,21.666666666666657,32.333333333333314,9.909909909909912,40.1981981981982,16.279279279279276,19.27716906095284,22.585342098855612,75.2102913724535,-0.5158220075110903,-1.9522771691807086,-0.07389769737456071,12
60.66666666666666,29.33333333333333,58.333333333333314,25.972972972972972,29.495495495495494,22.315315315315317,460.02629656683723,411.48721694667637,159.0206963720477,0.39486217715562205,-0.23528266326083044,0.5083897495494432,12
54.33333333333334,34.33333333333333,64.33333333333334,21.639639639639643,26.333333333333332,25.58558558558558,215.73800827854882,487.38138138138146,451.1075399724048,1.0049689913594597,0.3433602168229529,0.3828118165664541,12
15.666666666666671,77.66666666666667,91.66666666666666,6.666666666666667,92.76576576576576,44.27027027027027,20.024024024024012,32.527716906095286,988.9599870140411,0.28125108414316796,-0.930041820772222,-0.043505092633549604,12
24.333333333333343,80.33333333333333,44.33333333333334,8.477477477477477,98.45945945945945,26.57657657657658,55.8591023455888,5.029137245353459,90.88077266455645,0.6901228956595619,0.1907335118434541,-0.1934800471174729,12
