RangeX,RangeY,RangeZ,MeanX,MeanY,MeanZ,VarX,VarY,VarZ,SkewX,SkewY,SkewZ,Label
12.666666666666657,4.0,15.333333333333343,3.8604651162790717,39.007751937984494,7.193798449612402,11.01412174749112,1.0051078661138155,17.24151192836969,0.8939118734893502,0.7161780918397791,0.3359623539100194,12
51.33333333333334,15.333333333333329,56.0,12.837209302325581,34.883720930232556,16.534883720930228,252.21380926627006,324.00456703323124,240.42449372032942,1.538245369858243,-0.47040888485910304,0.9850782243649558,12
49.33333333333334,14.333333333333329,36.666666666666686,21.155038759689923,29.72093023255814,10.728682170542633,292.36872784087484,363.61204254552,103.4225106664263,0.4260830060080777,-0.09510297142177795,1.1675363464031843,12
13.0,43.66666666666667,66.33333333333331,4.782945736434107,78.54263565891473,39.21705426356589,9.007151012559344,1.2559341385734024,189.8546962321975,0.3919555931111091,0.17671881407186488,0.6001331490764543,12
13.666666666666657,44.999999999999986,36.0,5.78294573643411,79.24031007751937,16.72093023255814,10.759088997055443,2.16705726819302,142.86268854035205,0.5491387620124311,0.23842564077232406,0.3616334439708649,12
