RangeX,RangeY,RangeZ,MeanX,MeanY,MeanZ,VarX,VarY,VarZ,SkewX,SkewY,SkewZ,Label
5.0,1.6666666666666714,7.333333333333343,3.1851851851851842,46.944444444444436,37.0,1.397805212620027,0.26234567901234546,3.7777777777777777,-0.2521189767830169,-0.4542778999025495,0.5027262446824472,12
8.333333333333329,8.666666666666657,-14.0,7.055555555555557,53.03703703703704,14.518518518518514,1.274691358024692,1.443072702331958,13.941015089163239,-0.8897730179628696,-0.9162646515752312,-0.2953317921219536,12
52.0,6.666666666666657,7.0,26.22222222222222,33.444444444444436,27.648148148148152,311.5925925925926,301.0370370370371,95.1539780521262,0.49915352534892277,-0.1830090351693343,-0.5598793862967757,12
13.666666666666657,41.33333333333334,-12.0,11.666666666666666,86.66666666666667,13.98148148148148,1.3209876543209889,0.35802469135802717,19.450274348422486,0.2520742807885408,-0.7491846402315511,-0.07924905195759406,12
13.0,42.0,-20.0,11.592592592592588,86.68518518518519,7.611111111111111,1.5006858710562518,0.3515089163237309,10.052469135802477,-0.6152862506404516,0.27157474457581465,-0.36402484863228135,12
