RangeX,RangeY,RangeZ,MeanX,MeanY,MeanZ,VarX,VarY,VarZ,SkewX,SkewY,SkewZ,Label
3.0,1.6666666666666714,5.333333333333314,3.7111111111111104,46.97777777777777,38.222222222222214,0.842469135802467,0.2143209876543205,2.735802469135801,-0.4072138622713961,0.2685431557305177,0.0059415729986861425,12
6.333333333333329,8.000000000000014,-16.333333333333343,6.866666666666668,52.8888888888889,13.555555555555559,1.0044444444444436,0.6024691358024717,12.676543209876561,-0.422660615540439,0.31093966924827254,-0.05465847417024021,12
50.0,7.666666666666671,-0.3333333333333428,22.466666666666665,30.177777777777774,23.955555555555552,306.2933333333333,328.1906172839506,65.77580246913584,0.7690224282523557,0.23911991287423923,-0.2293453958742554,12
12.333333333333329,41.000000000000014,-20.333333333333343,12.266666666666662,86.51111111111112,10.977777777777778,0.7881481481481492,0.4572839506172843,5.755061728395065,0.8714847745101197,-0.4555260610586718,0.03083080513454044,12
10.333333333333343,41.66666666666667,-18.0,11.02222222222222,86.82222222222222,9.84444444444444,0.806913580246914,0.4128395061728392,17.257283950617285,-0.2956512286228795,0.05072021128587468,0.31301262077866787,12
