RangeX,RangeY,RangeZ,MeanX,MeanY,MeanZ,VarX,VarY,VarZ,SkewX,SkewY,SkewZ,Label
18.666666666666657,7.666666666666671,46.66666666666666,15.777777777777777,46.91269841269842,22.58730158730159,37.84479717813052,4.2331191735953695,111.13126732174355,-0.1820865610392969,-0.34212559066365583,-0.06433784755696757,12
52.66666666666666,12.666666666666657,25.333333333333343,17.944444444444443,26.912698412698415,11.68253968253968,338.2111992945327,321.0003149407911,57.26429831191734,1.1130470496935183,0.35001672142553736,0.15462567243590258,12
46.66666666666666,6.333333333333343,46.0,21.84920634920635,32.72222222222223,31.96031746031747,266.8846686822878,265.08950617283955,178.36615016376913,0.4127590199659727,-0.4991336253711299,-0.9618917877919687,12
21.0,64.33333333333334,58.0,11.42063492063492,103.76984126984128,38.76984126984127,33.910367850844054,6.399407911312674,95.98670949861423,1.2281390009318311,-1.196675573644732,0.6033329291086056,12
15.0,60.33333333333334,44.0,7.1984126984126995,99.23809523809524,29.452380952380953,39.127299067775255,3.64701436130008,39.13662131519271,0.7900970739311867,0.3077488343607468,0.24833525548919447,12
