RangeX,RangeY,RangeZ,MeanX,MeanY,MeanZ,VarX,VarY,VarZ,SkewX,SkewY,SkewZ,Label
3.333333333333343,1.6666666666666714,4.666666666666657,3.377777777777781,46.84444444444444,36.37777777777777,1.2276543209876591,0.22024691358024828,1.9535802469135737,0.5149273283490065,0.14693789097615692,0.16138606078156015,12
8.0,9.333333333333343,-10.0,6.86666666666667,53.13333333333333,15.711111111111112,1.0488888888888879,1.6414814814814884,21.18320987654324,1.675354756986277,0.045929301596136896,0.3561284036350557,12
48.66666666666666,7.0,15.666666666666657,24.399999999999984,37.44444444444444,30.42222222222222,312.0325925925926,192.75061728395056,180.5995061728395,0.7017271744669886,-0.30942908459353496,-0.4752476887793194,12
10.666666666666671,41.33333333333334,-15.666666666666686,11.644444444444446,86.53333333333333,14.28888888888889,0.31802469135802436,0.13037037037036944,7.8646913580246816,0.021905553216892096,0.214011342270929,0.15748270191948835,12
11.0,41.66666666666666,-23.333333333333343,11.822222222222218,86.88888888888889,7.711111111111112,0.5609876543209892,0.1432098765432096,6.1017283950617145,0.04377302066753711,-0.4151039482776202,-0.2295978001925677,12
