RangeX,RangeY,RangeZ,MeanX,MeanY,MeanZ,VarX,VarY,VarZ,SkewX,SkewY,SkewZ,Label
10.0,5.666666666666657,16.666666666666686,4.37908496732026,38.947712418300654,7.2745098039215685,8.684181297791437,1.1693792985603806,14.817890554914776,0.15708478869123244,-0.038602331092157834,0.45228135584020707,12
49.66666666666666,16.33333333333333,47.666666666666686,19.039215686274506,30.764705882352942,15.862745098039216,351.4668717160067,357.43047545815716,119.58246828143022,0.5953500046109432,-0.12090476802218081,0.9085916613409736,12
48.0,15.333333333333329,51.66666666666666,18.50980392156863,24.82352941176471,13.2483660130719,232.47212610534413,353.0124311162374,167.53308556538082,0.682210893600573,0.31770874938202054,1.4011259055042664,12
12.333333333333343,44.999999999999986,65.00000000000003,4.176470588235295,78.86274509803921,43.071895424836605,6.358836344995513,1.1075227476611562,188.01443889102475,0.5599548277875909,-0.1841011154492679,-0.14357992382472223,12
14.0,46.33333333333333,38.66666666666666,4.967320261437908,78.61437908496731,12.045751633986923,13.303942927933697,1.4787474902815165,114.00880003417487,0.6729614556318797,-0.45813010649833624,1.1966810925724147,12
