RangeX,RangeY,RangeZ,MeanX,MeanY,MeanZ,VarX,VarY,VarZ,SkewX,SkewY,SkewZ,Label
20.0,6.666666666666671,36.66666666666663,13.935897435897434,48.51282051282052,19.3525641025641,24.119822485207106,1.7882971729125585,73.98039940828397,-0.7262613391813477,0.5503749219141306,-0.127685727656598,12
57.666666666666686,13.0,65.99999999999997,21.5,27.87179487179487,13.493589743589745,425.8824786324785,386.63740959894807,127.25423241288625,0.688465800514253,0.412029653594979,2.3857781672531213,12
51.666666666666686,10.333333333333343,64.33333333333331,28.224358974358974,30.730769230769226,29.147435897435894,144.05863740959896,184.55144641683103,279.6342455621301,-0.08515355758473625,-0.1913608784323442,0.21048113349710446,12
19.0,61.33333333333334,64.33333333333331,7.519230769230768,103.69230769230765,41.128205128205124,28.813732741617347,7.076265614727148,193.6331360946745,0.6871681965221007,-1.0106594104346556,0.10670232157312882,12
33.0,57.33333333333334,34.333333333333314,14.051282051282051,97.63461538461534,25.33333333333333,89.45036160420776,9.14640861275477,28.692307692307732,0.5496221046337745,-0.17380925611039447,-0.7269001084577946,12
