RangeX,RangeY,RangeZ,MeanX,MeanY,MeanZ,VarX,VarY,VarZ,SkewX,SkewY,SkewZ,Label
12.0,5.0,12.666666666666686,3.946428571428572,38.3154761904762,9.226190476190478,7.9197491496598715,1.2992842970521525,8.579790249433104,1.1041148791390452,-0.12314206752392262,-0.33407508673087705,12
49.0,16.33333333333333,47.0,17.136904761904763,32.726190476190474,15.74404761904762,280.0705428004535,332.29407596371874,161.3491709183673,0.7481723153762065,-0.25118672829680927,0.7508493607190312,12
45.66666666666666,15.999999999999986,34.33333333333334,19.642857142857142,19.827380952380956,9.982142857142856,227.1740362811791,353.90472647392295,125.83499858276647,0.6367645838852446,0.8027591894808215,1.066080449874019,12
8.0,45.999999999999986,57.33333333333334,3.4761904761904767,79.19047619047619,40.80357142857143,6.8803854875283434,1.0430839002267567,162.78086026077102,0.4488098589492007,0.11319290702200399,-0.40280532351240683,12
14.333333333333314,44.33333333333333,33.33333333333334,4.327380952380951,78.44642857142856,9.261904761904763,12.236075680272123,1.2868126417233565,87.73696145124714,1.1794731508491647,-0.625849890072328,1.2972061681212281,12
