RangeX,RangeY,RangeZ,MeanX,MeanY,MeanZ,VarX,VarY,VarZ,SkewX,SkewY,SkewZ,Label
13.0,4.333333333333329,24.0,6.625,47.333333333333336,28.875,15.0630787037037,1.2962962962962938,34.19270833333334,0.08479125022822363,0.2854507713374451,-0.17113835858788448,12
18.666666666666657,7.333333333333329,8.666666666666657,5.791666666666664,50.38194444444445,15.069444444444443,16.47974537037037,2.0555073302469142,38.15721450617283,1.3454115739557433,-0.676469799297455,0.07948092450099149,12
50.0,4.666666666666671,6.666666666666686,19.069444444444446,34.32638888888889,9.048611111111118,267.0090663580247,355.0902295524692,35.254581404320994,0.816288122047959,-0.6752394993017966,0.5918380572288741,12
15.333333333333329,50.66666666666667,28.333333333333314,6.8055555555555545,92.71527777777779,13.979166666666666,18.091820987654327,5.439766589506175,148.39539930555554,0.468030326170033,0.09771672889102206,1.345116884467243,12
11.666666666666657,46.66666666666667,3.0,5.48611111111111,90.36111111111113,8.402777777777777,10.490547839506176,1.3418209876543266,22.323881172839492,0.25729265545529817,-0.0997537271479003,0.6843748948126082,12
