RangeX,RangeY,RangeZ,MeanX,MeanY,MeanZ,VarX,VarY,VarZ,SkewX,SkewY,SkewZ,Label
8.333333333333343,11.0,36.333333333333314,4.883720930232559,44.22480620155039,21.17054263565891,5.6376419686317,10.380986719548103,59.113034072471535,-0.37281618991204996,-0.4411435580875132,0.8482281900858881,12
17.0,22.999999999999986,10.666666666666657,6.891472868217054,56.30232558139534,7.829457364341084,8.158764497325878,4.190252989603991,21.345592212006515,0.6530634395639756,-0.26825589324506344,0.10561873881079158,12
49.66666666666666,15.999999999999986,70.33333333333331,29.224806201550383,27.713178294573645,30.596899224806197,209.17168439396664,298.3647617330689,890.8504296616791,-0.43660491062275786,0.49534936872425084,0.5138392768597153,12
15.0,57.33333333333333,43.333333333333314,7.899224806201549,90.84496124031006,35.57364341085272,13.17072291328646,1.7589087194279223,162.93708310798638,0.4735120025311265,0.661719790850623,-1.8035134979679293,12
11.0,51.999999999999986,20.66666666666663,3.449612403100776,86.89147286821704,12.930232558139535,8.764256955711787,1.3784027402199341,61.43957694850072,1.0581669313401167,-0.13491082720292055,-0.06349768922685414,12
