RangeX,RangeY,RangeZ,MeanX,MeanY,MeanZ,VarX,VarY,VarZ,SkewX,SkewY,SkewZ,Label
4.333333333333343,2.3333333333333286,4.666666666666657,2.096491228070175,45.535087719298254,28.63157894736842,1.2567713142505395,0.3014004309018159,1.3321021852877781,0.0766611487858545,0.3616900447430633,-0.07486079912845447,12
7.333333333333329,8.333333333333329,-16.0,4.885964912280702,51.23684210526316,3.289473684210529,1.802785472453062,1.7070637119113512,9.04778393351803,0.03998362619642208,-0.5274899837578428,0.6035379835004928,12
50.0,8.333333333333329,12.666666666666657,18.324561403508774,34.58771929824562,19.438596491228065,261.090566328101,340.03762696214216,71.7374576792859,1.1088540633738968,-0.48508672883292986,0.4005488198625163,12
10.666666666666657,38.66666666666667,24.666666666666686,9.192982456140355,80.92105263157895,34.57894736842105,0.8691905201600523,0.9323638042474617,48.80517082179134,-0.7044261463051825,0.7817238876781606,0.7520759002133133,12
11.333333333333343,39.66666666666667,6.666666666666686,7.771929824561404,82.60526315789471,22.657894736842106,2.053247152970146,0.44944598337950414,54.15489381348112,0.5544084116248275,0.36934920571794266,-0.5783956916224896,12
