RangeX,RangeY,RangeZ,MeanX,MeanY,MeanZ,VarX,VarY,VarZ,SkewX,SkewY,SkewZ,Label
5.333333333333314,2.0,8.0,2.2200000000000006,45.9,25.326666666666668,1.8027111111111076,0.214444444444444,4.126622222222216,0.36982068185240463,0.008951076693257738,0.23031298751738027,12
5.999999999999986,8.666666666666657,-10.333333333333343,4.253333333333334,50.973333333333336,3.5599999999999983,1.0424888888888881,1.6037333333333288,7.015288888888889,0.12697582323040843,0.33526762661706766,1.0837151344955593,12
48.333333333333314,7.0,19.666666666666686,17.333333333333332,37.04666666666667,16.499999999999996,247.4222222222222,311.45782222222226,121.62333333333339,1.0887032522197577,-0.7253437532876175,0.523375192910051,12
13.0,37.0,31.00000000000003,10.73333333333333,80.1,42.12666666666666,3.186666666666676,0.818888888888889,48.18617777777779,-1.032709740001323,0.5217942234096783,-0.8954144970692238,12
11.0,38.0,13.000000000000028,7.493333333333332,81.70666666666666,23.74,2.116622222222224,0.43395555555555604,43.059066666666695,1.233263798226899,-0.3067630885274212,-0.4813239115370232,12
