RangeX,RangeY,RangeZ,MeanX,MeanY,MeanZ,VarX,VarY,VarZ,SkewX,SkewY,SkewZ,Label
24.333333333333343,12.666666666666671,42.666666666666686,14.666666666666666,46.64444444444445,20.11111111111111,53.44074074074074,4.462469135802471,173.20246913580257,0.08127563208010263,-0.5588259889119491,0.09542522686579222,12
56.33333333333334,15.666666666666671,41.33333333333337,23.4,26.15555555555556,12.783333333333337,415.34370370370374,357.6646913580246,104.8326851851852,0.6213826417973722,0.44373606369576035,0.8745040909132804,12
48.66666666666666,15.666666666666671,72.33333333333334,29.916666666666668,27.638888888888893,35.30555555555556,279.8023148148148,253.37885802469137,413.58996913580256,-0.5398803665437927,0.12398517548262707,-0.26999328839810677,12
25.0,66.66666666666667,61.0,15.094444444444445,103.01111111111112,35.25,48.74478395061729,7.022098765432094,250.06157407407403,-0.01871170574570636,-0.7340251818127502,-0.04641275951071691,12
25.666666666666657,66.33333333333333,38.666666666666686,10.655555555555555,99.25,28.033333333333328,57.65913580246915,9.246759259259255,33.70259259259258,0.6720197256520454,0.50077495872321,-0.23173569551797618,12
