RangeX,RangeY,RangeZ,MeanX,MeanY,MeanZ,VarX,VarY,VarZ,SkewX,SkewY,SkewZ,Label
4.0,1.3333333333333286,6.333333333333371,1.7575757575757585,43.59090909090909,30.24242424242426,1.1129476584022029,0.21143250688705215,2.648301193755743,0.1365823842899511,0.2043613455425196,0.17245061361848618,12
8.333333333333329,8.0,-10.666666666666629,5.6060606060606055,49.878787878787875,8.424242424242424,2.4912764003673136,0.46005509641873615,12.769513314967885,0.32931715901936515,-0.019261813003479344,0.5948329217449133,12
50.33333333333334,5.333333333333343,8.666666666666686,27.80303030303031,20.545454545454547,15.18181818181818,219.8652433425161,252.66207529843894,105.41138659320478,0.4197506323504162,0.5711273868001396,0.5144419119812678,12
10.333333333333343,35.0,8.666666666666686,6.196969696969695,76.63636363636364,24.09090909090909,9.168273645546366,0.8273645546372812,56.42607897153353,-0.22411325904186993,0.05524123903168675,-0.14340581505680458,12
10.666666666666657,34.66666666666666,-3.6666666666666288,5.666666666666668,76.87878787878788,11.151515151515154,12.030303030303031,0.31864095500459083,44.249770431588665,0.15710668026323502,-0.3193121770386548,0.2234008259517988,12
