RangeX,RangeY,RangeZ,MeanX,MeanY,MeanZ,VarX,VarY,VarZ,SkewX,SkewY,SkewZ,Label
12.666666666666657,4.333333333333329,22.00000000000003,5.802469135802467,47.308641975308646,27.555555555555557,18.199664685261414,0.8718183203779907,40.16460905349798,0.3542330147574084,-0.7531029880882464,-0.30476878458228973,12
10.666666666666657,7.999999999999986,11.666666666666686,3.9382716049382718,48.592592592592595,16.20987654320988,10.494131992074374,10.463648834019198,66.19051973784482,0.6639280158231151,-0.31500223990616993,-0.4100763315155671,12
49.66666666666666,6.333333333333329,8.0,27.456790123456788,23.629629629629626,13.320987654320993,227.75430574607526,376.7681755829903,36.687090382563575,0.15739013625797313,0.3107672460277929,-0.4638363525628907,12
16.33333333333333,54.66666666666667,15.666666666666686,7.839506172839507,94.0493827160494,14.777777777777779,33.056546258192355,6.565462581923487,66.05761316872426,0.04738182909176385,0.8162911607064325,0.25599404961155825,12
12.333333333333314,47.66666666666667,3.0,5.308641975308644,89.69135802469137,9.160493827160494,24.188690748361523,1.7442463039170877,19.212924859015416,0.3634485133649964,0.32738989709376654,0.6996295761701176,12
