RangeX,RangeY,RangeZ,MeanX,MeanY,MeanZ,VarX,VarY,VarZ,SkewX,SkewY,SkewZ,Label
16.333333333333314,5.333333333333329,14.0,10.185185185185185,43.592592592592595,33.1604938271605,28.15912208504801,2.38957475994513,15.22938576436518,-0.369092715599393,-0.04775375099180905,-0.4445694642062897,12
47.333333333333314,11.333333333333329,14.666666666666657,21.74074074074074,26.074074074074073,15.691358024691354,301.8957475994513,390.7928669410151,115.9582380734644,0.2149052803574367,0.1802561671458003,0.5321403689745653,12
44.333333333333314,11.333333333333329,23.0,25.679012345679006,21.037037037037038,25.39506172839506,208.4895595183661,352.1262002743485,110.61758878219786,-0.1494346398858201,0.5188951613575148,0.6414249229875477,12
5.666666666666657,43.999999999999986,20.0,4.197530864197533,83.12345679012346,34.901234567901234,4.216125590611187,0.47858558146623725,75.25773510135653,-0.4172059880226547,0.19642845184235755,-1.0782771328011833,12
11.0,42.999999999999986,0.3333333333333144,3.790123456790123,82.20987654320987,16.493827160493826,10.89010821521111,0.47858558146623914,48.46395366559974,0.8296020504781036,0.22617518284587437,-0.6793308125168303,12
