RangeX,RangeY,RangeZ,MeanX,MeanY,MeanZ,VarX,VarY,VarZ,SkewX,SkewY,SkewZ,Label
3.333333333333343,1.6666666666666572,6.333333333333314,1.9066666666666674,43.93333333333333,31.10666666666667,0.7335111111111126,0.17777777777777623,2.699733333333326,-0.19766118885458375,-1.162137040111876,0.6452539591444487,12
8.666666666666671,8.333333333333329,-19.666666666666686,5.946666666666667,50.05333333333334,6.14666666666667,2.0860444444444464,0.2282666666666646,5.396266666666666,-0.22156783045200312,-0.20043685617991458,-0.7315334656606416,12
48.0,7.999999999999986,2.6666666666666288,21.53333333333333,24.37333333333334,8.933333333333337,175.50222222222226,326.56284444444447,48.93333333333331,1.068362529666878,0.29275778027641847,1.4068533075698313,12
9.666666666666657,36.33333333333333,8.333333333333314,7.6933333333333325,76.44,26.21333333333333,1.5815111111111093,0.9664000000000001,54.2300444444445,-0.3794539458566082,0.5464778127112356,-0.5724328386039096,12
7.333333333333343,35.33333333333333,-8.666666666666686,4.1066666666666665,77.0,10.12,2.9041777777777797,0.35555555555555607,19.803377777777715,0.1592112616472299,-0.2934839220468647,0.8094651517768765,12
