RangeX,RangeY,RangeZ,MeanX,MeanY,MeanZ,VarX,VarY,VarZ,SkewX,SkewY,SkewZ,Label
12.0,6.0,27.666666666666657,6.852941176470589,46.490196078431374,23.509803921568626,8.105824682814289,1.4329104190695858,59.49173394848132,-0.5338192338365685,0.2397044212407508,0.45952154552624597,12
15.333333333333314,15.0,7.0,6.470588235294118,56.96078431372549,9.470588235294118,25.11188004613611,1.3579392541330244,18.96155324875045,0.6684951812684038,-0.2528381446995001,-0.17087477369358547,12
48.333333333333314,11.0,23.00000000000003,18.862745098039216,35.94117647058823,8.519607843137258,290.11841599384854,370.84621299500196,60.11889657823913,0.6665697293385254,-0.7048772352649392,1.4425941967802474,12
13.999999999999986,50.66666666666666,40.666666666666686,8.029411764705882,92.37254901960785,28.009803921568633,9.08737024221453,1.5278738946559016,191.33650519031144,0.36189643979540503,0.09744145866020044,-0.2964798158062389,12
10.0,45.0,2.333333333333343,4.441176470588236,87.23529411764706,7.343137254901961,8.606016916570558,1.2387543252595137,13.709054209919245,0.4612390912698925,-0.36871484006180905,-0.22398957661342092,12
