RangeX,RangeY,RangeZ,MeanX,MeanY,MeanZ,VarX,VarY,VarZ,SkewX,SkewY,SkewZ,Label
42.66666666666666,53.000000000000014,116.0,5.772357723577236,34.60162601626016,44.13821138211382,74.30048251702027,274.89007865688416,1065.1760195650738,2.3769866595709317,-0.49848412013312055,0.7617853393448406,13
39.0,53.0,92.33333333333331,8.943089430894307,40.073170731707314,22.024390243902438,87.57128693238153,352.5935620331814,702.3002181241324,1.7881504325328925,-1.2762772658724533,1.4082227631517654,13
31.0,52.0,93.0,7.707317073170731,42.869918699187,25.715447154471544,40.35878114878711,198.1836208605988,723.0762112499173,2.03396150333506,-1.3877325309018917,1.2299777885041918,13
76.33333333333333,103.66666666666666,151.66666666666666,13.487804878048783,81.4390243902439,31.92682926829269,276.8189569700575,379.95901910238615,1265.6179522770835,2.1636504347255885,-2.6897361498059555,2.0203238689198404,13
43.33333333333333,90.33333333333334,98.66666666666666,10.739837398373984,68.40650406504065,31.227642276422763,102.39844008196175,719.5420715182761,724.3330028422237,1.8253696669672272,-0.7450165601597089,1.297023437146541,13
