RangeX,RangeY,RangeZ,MeanX,MeanY,MeanZ,VarX,VarY,VarZ,SkewX,SkewY,SkewZ,Label
24.333333333333343,27.33333333333333,94.66666666666666,5.803921568627451,35.59803921568628,48.14705882352941,41.1053440984237,60.87437524029218,850.7267397154941,1.688428228738059,-0.8374741915914439,0.2881541441566305,13
26.66666666666667,40.66666666666667,60.333333333333314,7.637254901960783,44.29411764705882,24.078431372549016,88.23769703960018,184.48865820838145,609.8631295655515,0.9668819422077567,-1.565986934027782,0.8681845599212595,13
14.0,41.999999999999986,32.0,3.539215686274509,51.65686274509804,12.000000000000004,8.22231833910034,43.97702806612839,77.48366013071899,2.6671312127538735,-3.19437576728653,1.6381928403634207,13
26.66666666666667,68.66666666666667,58.333333333333314,8.5,77.14705882352942,21.54901960784314,42.831699346405216,156.772491349481,450.35870818915805,1.6537006380111214,-2.1165843641878466,1.0322079259541277,13
14.666666666666657,69.33333333333333,92.66666666666663,5.284313725490195,77.97058823529412,31.274509803921568,8.412629757785473,56.087370242214504,825.8592848904267,1.2167542276955279,-0.5183879495606406,0.9566444905600017,13
