RangeX,RangeY,RangeZ,MeanX,MeanY,MeanZ,VarX,VarY,VarZ,SkewX,SkewY,SkewZ,Label
15.0,41.33333333333333,98.99999999999997,9.224806201550386,25.511627906976745,62.52713178294572,13.683312300943467,225.51084670392405,1150.7040442281111,-0.7997649506271173,-0.2603644081208723,-0.08430216682672886,13
31.000000000000014,56.66666666666667,64.0,7.465116279069767,46.6124031007752,38.37984496124031,44.67772369448953,109.46217174448651,315.08310798629896,1.6515707418282937,-1.691831101850785,0.0802481175292055,13
19.0,58.33333333333333,49.66666666666663,9.44186046511628,39.627906976744185,21.976744186046513,22.2311159185145,423.5463013040081,572.6997175650502,0.27346274233912016,-0.9994578266489452,0.7896629186648385,13
23.333333333333343,94.66666666666667,182.0,5.6279069767441845,68.89147286821705,59.201550387596896,42.57472507661798,1171.192356228592,5247.545940748753,1.4812196882446946,-0.8678417346897443,0.8110838152484995,13
20.666666666666686,98.99999999999999,187.33333333333331,8.534883720930232,74.2403100775194,69.14728682170542,23.12216813893396,1145.014602487831,4494.942130881558,0.053985698974671356,-1.0810307465062414,1.0654180857018665,13
