RangeX,RangeY,RangeZ,MeanX,MeanY,MeanZ,VarX,VarY,VarZ,SkewX,SkewY,SkewZ,Label
10.666666666666657,40.66666666666667,94.66666666666666,8.006535947712417,27.58169934640523,63.1764705882353,6.472724165919093,197.37622282028286,1195.0734332948864,0.04631507127572665,-0.2800701815201482,-0.2534975332032989,13
29.66666666666667,54.666666666666686,67.33333333333331,9.052287581699348,45.49019607843138,33.993464052287585,87.64868213080439,124.76406510316545,445.90627536417594,1.3343640744102412,-0.8806392557671041,0.5871272498142996,13
33.0,56.33333333333334,61.333333333333314,10.947712418300654,50.46405228758171,24.928104575163403,68.29791960357127,57.172455038660345,598.2018027254475,1.8080578379157985,-0.665462752664026,0.8578408322924997,13
25.0,93.0,159.66666666666669,7.42483660130719,68.29411764705883,69.30718954248364,62.88051604083898,891.0790721517366,3958.212824127472,1.1364730666526548,-0.7309288830370816,0.4879745615236937,13
13.0,95.33333333333334,166.33333333333331,5.333333333333333,74.05228758169935,61.03921568627451,10.466230936819164,1081.7096843094535,3117.5496603870306,0.9563955381003197,-1.2778386482927855,1.0070959016676864,13
