RangeX,RangeY,RangeZ,MeanX,MeanY,MeanZ,VarX,VarY,VarZ,SkewX,SkewY,SkewZ,Label
27.333333333333343,54.66666666666666,119.33333333333334,9.074074074074074,33.41358024691358,58.364197530864196,37.26611796982167,323.72401310775797,1467.5237387593354,1.392634804576916,-0.5756984577997302,0.22925231193720816,13
35.33333333333334,58.66666666666666,85.33333333333334,9.549382716049385,46.691358024691354,33.111111111111114,115.07060661484532,159.62901996646855,474.61316872427994,1.3109855986768217,-1.5189980183213683,0.4855865657351186,13
45.33333333333334,57.333333333333314,112.0,8.376543209876544,47.53703703703704,37.123456790123456,116.65862673372965,196.65603566529492,650.0670629477215,2.2777803295784698,-1.874050492301231,0.6364677371931798,13
57.33333333333333,104.66666666666666,151.66666666666669,15.197530864197532,86.12962962962965,53.96913580246913,157.85810089925315,699.8700274348425,1437.264479500076,1.9611368058074556,-1.8143794184151307,1.0530095727366549,13
28.0,104.66666666666666,130.0,13.364197530864196,79.73456790123456,43.75925925925926,41.4167428745618,835.5283112330436,1367.9482167352535,0.2616349276917452,-1.0504234381690274,1.0410039515050549,13
