RangeX,RangeY,RangeZ,MeanX,MeanY,MeanZ,VarX,VarY,VarZ,SkewX,SkewY,SkewZ,Label
30.0,31.33333333333333,79.33333333333334,5.952380952380953,37.3968253968254,74.84126984126983,77.08238851095994,124.11766187956664,572.6626354245402,1.3633745608122956,-0.3721494638864113,0.7729785811817299,13
11.666666666666671,38.66666666666666,-5.333333333333314,2.8333333333333335,51.43650793650794,12.682539682539684,8.096560846560845,9.57930209120686,92.3277903754095,1.1697784875013926,0.13662250732048903,1.1240720937388478,13
11.0,38.0,18.666666666666657,3.5158730158730163,49.42063492063492,21.785714285714285,9.64657344419247,14.317775258251453,200.23715041572183,0.9734385615432154,-1.6329080738114201,1.3021553003648836,13
33.66666666666666,66.33333333333331,34.333333333333314,11.8015873015873,75.32539682539684,17.626984126984127,128.88920382967996,90.80152431342908,307.3608591584781,0.509391225707707,-1.272051655703529,1.915281606263011,13
30.66666666666667,65.0,21.333333333333314,12.976190476190476,77.53968253968253,17.452380952380953,100.45181405895693,25.978584026203073,350.1789493575207,0.6704016935611267,-1.0272996798254415,1.431442589666207,13
