RangeX,RangeY,RangeZ,MeanX,MeanY,MeanZ,VarX,VarY,VarZ,SkewX,SkewY,SkewZ,Label
5.666666666666671,46.0,79.66666666666666,2.822695035460996,35.01418439716312,62.94326241134752,2.0182083396207453,229.32367587143506,975.7083647703839,0.5607858260200209,-1.037515003052633,0.3397269061901119,13
8.000000000000014,60.66666666666666,-15.333333333333343,4.787234042553193,56.07801418439717,7.021276595744682,3.869624264373017,8.043559177103761,16.904984658719382,-0.44384090337520393,0.5108102228961449,0.17810809406681768,13
6.0,60.66666666666666,-15.333333333333314,3.6808510638297878,56.26950354609928,7.148936170212764,1.9714300085508738,7.690961219254565,19.80051305266333,-0.8991700451007076,0.4260699216190009,0.12651872575463424,13
24.333333333333343,91.0,-7.666666666666686,11.148936170212766,86.36170212765957,4.7659574468085095,25.148030783159793,36.79824958503093,19.29510587998591,1.5887920678276033,-1.069724988724879,1.7985999804191057,13
18.333333333333343,88.33333333333334,111.66666666666669,12.999999999999998,71.9645390070922,46.20567375886527,9.541371158392435,497.934912730748,2362.527438257633,0.03160382651766565,-0.8764747918777499,0.8719182219452575,13
