RangeX,RangeY,RangeZ,MeanX,MeanY,MeanZ,VarX,VarY,VarZ,SkewX,SkewY,SkewZ,Label
24.666666666666657,33.66666666666666,85.66666666666669,6.166666666666666,32.02083333333333,62.79166666666667,22.784722222222207,164.33289930555554,913.5954861111111,2.3539856408901296,-0.3299701652550942,-0.04585455015739798,13
36.66666666666667,40.33333333333333,53.33333333333337,11.083333333333336,40.645833333333336,27.958333333333332,133.73611111111111,224.63845486111114,405.6302083333335,1.1106242943164735,-1.2364534841118193,0.7736353152701528,13
10.0,40.33333333333333,43.666666666666686,6.906250000000001,48.10416666666666,24.65625,4.876627604166664,14.75303819444445,250.60058593749986,-1.3637771951358848,-1.409746030338419,0.510059042602444,13
17.666666666666657,69.66666666666667,54.666666666666686,9.114583333333334,77.16666666666667,26.989583333333336,8.462565104166663,19.13888888888891,165.35753038194446,-0.31827422462495775,-1.3495117531855076,1.6467039636713356,13
14.333333333333343,70.99999999999999,16.33333333333337,7.635416666666667,78.66666666666667,24.020833333333336,5.453884548611111,13.722222222222213,77.6870659722222,-0.22456228633847666,-0.5993333849426381,-1.2465963644402842,13
