RangeX,RangeY,RangeZ,MeanX,MeanY,MeanZ,VarX,VarY,VarZ,SkewX,SkewY,SkewZ,Label
7.333333333333329,34.999999999999986,70.66666666666666,5.41904761904762,33.86666666666667,66.20952380952382,3.2529705215419478,167.93142857142857,744.5910204081633,0.31670575547316754,-0.5761657014838624,-0.06752677346349749,13
7.0,55.66666666666666,-11.0,6.057142857142857,60.1047619047619,10.438095238095237,6.218956916099779,20.500136054421777,29.08426303854876,-0.9354447736467596,0.31253276395634827,-0.19466542349096108,13
12.666666666666657,55.333333333333314,-11.666666666666686,8.838095238095242,59.457142857142856,10.723809523809521,15.481723356009077,24.692607709750583,15.558639455782318,-0.42346481145315756,0.2828049469958247,-0.5079880228885529,13
18.0,74.33333333333331,-3.6666666666666856,15.114285714285714,83.64761904761906,13.819047619047621,3.70122448979592,2.932970521541948,63.13233560090704,0.7150243824274083,-0.5371318679084728,0.13046632308743233,13
9.0,76.66666666666666,5.333333333333314,7.7333333333333325,84.46666666666665,15.761904761904757,6.957460317460318,7.112380952380952,58.39727891156464,-1.0825661663770545,-0.48104971307466415,0.7154707649406941,13
