RangeX,RangeY,RangeZ,MeanX,MeanY,MeanZ,VarX,VarY,VarZ,SkewX,SkewY,SkewZ,Label
27.333333333333343,39.0,110.33333333333334,6.055555555555555,36.17592592592593,49.21296296296297,28.225308641975307,114.49065500685872,1037.6552640603566,2.2879810550559165,-1.2084816829332594,0.46395308692956827,13
36.33333333333333,48.0,59.33333333333334,8.185185185185183,46.45370370370371,20.916666666666664,63.231138545953364,138.56884430727024,177.9837962962963,2.1089063475881074,-1.8806933272594837,1.2739045830361684,13
29.333333333333343,46.66666666666666,70.0,9.629629629629628,45.56481481481481,20.416666666666668,41.196159122085064,219.92481138545955,181.47762345679,1.855740126230072,-2.1376290415924304,1.5383438781216956,13
26.33333333333333,74.33333333333334,149.66666666666666,9.675925925925927,72.43518518518516,41.50925925925927,20.23139574759945,155.6717249657064,1292.965963648834,2.18222219796015,-1.638728269748145,2.0872083488641904,13
17.0,75.66666666666666,40.66666666666666,9.055555555555555,74.76851851851852,25.64814814814816,5.268518518518524,164.62851508916324,95.00582990397815,2.3121914425742203,-2.1994981667525435,-0.8062772985350714,13
