RangeX,RangeY,RangeZ,MeanX,MeanY,MeanZ,VarX,VarY,VarZ,SkewX,SkewY,SkewZ,Label
4.0,19.66666666666667,66.33333333333334,4.539682539682538,40.11111111111112,63.396825396825385,1.0209120685311144,50.42680776014109,654.5885613504661,-0.19888236613138283,-0.6347139638662327,0.1787213503680086,13
5.666666666666657,29.666666666666657,-8.666666666666657,3.9523809523809517,55.31746031746032,14.873015873015875,8.309901738473163,0.3436633912824383,39.96271101033006,-0.10792168305414443,0.44017207574967215,-0.5486224761649532,13
12.0,27.333333333333343,-3.0,12.12698412698413,52.777777777777786,15.444444444444446,1.1267321743512249,0.6384479717813042,64.59611992945324,0.03165292201874371,0.03995025019562802,0.02224264779092566,13
10.999999999999986,60.33333333333334,-14.666666666666657,11.365079365079366,85.04761904761904,9.07936507936508,0.9196271101033008,2.2993197278911603,33.0995212899975,0.9005803212565516,-0.39016173291332695,-0.015779102345007977,13
11.0,61.0,-17.0,11.571428571428571,86.39682539682539,7.857142857142857,1.4089191232048321,0.40866717057193097,15.476946334089192,-0.3219328499276641,0.33564728219217205,0.3537781259366891,13
