RangeX,RangeY,RangeZ,MeanX,MeanY,MeanZ,VarX,VarY,VarZ,SkewX,SkewY,SkewZ,Label
33.33333333333334,51.33333333333334,124.66666666666666,4.68452380952381,26.886904761904763,36.92857142857143,54.92626842403628,493.20744756235825,1537.4433106575962,2.527902359700214,-0.17943754631762457,0.9210694637627942,13
36.33333333333333,64.33333333333334,79.66666666666666,4.928571428571429,35.452380952380956,11.964285714285714,51.70124716553287,698.7278911564626,360.49872448979596,2.9571909674824206,-0.5083263771984824,2.322703503577009,13
14.0,64.33333333333334,52.66666666666666,3.029761904761906,36.988095238095234,17.988095238095237,11.43363803854876,672.0871598639457,277.6506519274377,1.0821047081504542,-0.656291529626892,0.4452900958371595,13
41.66666666666667,105.33333333333334,90.66666666666669,8.952380952380953,63.761904761904766,17.886904761904763,67.35090702947846,2092.0226757369614,468.31062216553295,1.199913505928405,-0.5992991574188397,1.936642132952246,13
21.666666666666657,105.66666666666666,156.66666666666669,8.619047619047619,61.31547619047619,18.267857142857142,50.02947845804988,1973.6207128684805,1276.7080144557826,-0.038107913387287966,-0.5155040579834301,2.904184729704136,13
