RangeX,RangeY,RangeZ,MeanX,MeanY,MeanZ,VarX,VarY,VarZ,SkewX,SkewY,SkewZ,Label
13.333333333333343,34.33333333333334,89.33333333333334,2.2814814814814817,45.17037037037037,42.07407407407407,9.663978052126215,33.178381344307276,517.4957475994514,2.4042236243389787,-0.838019778861475,0.630899815053713,13
36.0,27.0,49.0,9.85925925925926,45.74074074074073,12.133333333333338,95.61229080932782,121.9550068587106,111.34518518518513,1.5044413035133912,-2.37267610919479,1.6838072329838163,13
32.0,27.666666666666686,52.66666666666666,9.0,46.19259259259259,13.266666666666662,66.73086419753086,80.07648834019203,201.90419753086417,1.5676131010858034,-1.61595372773415,1.468620785663066,13
40.0,93.33333333333334,131.33333333333334,8.725925925925926,85.28148148148148,36.059259259259264,112.27303155006858,289.2442249657064,1512.0162414266113,1.642661622447755,-1.8785187332557733,1.5551838238009152,13
29.666666666666657,85.00000000000003,111.33333333333333,6.651851851851853,83.03703703703704,32.71111111111111,49.73311385459532,287.4430727023319,977.5782716049382,1.831616730690469,-1.3074801007379269,1.4839152873480503,13
