RangeX,RangeY,RangeZ,MeanX,MeanY,MeanZ,VarX,VarY,VarZ,SkewX,SkewY,SkewZ,Label
20.666666666666657,50.000000000000014,97.33333333333331,4.672619047619048,35.976190476190474,61.60119047619048,29.67258361678004,219.85657596371888,1115.9857922335598,1.5416613711803313,-0.9114930194902781,0.5422155665212192,13
20.66666666666667,61.666666666666686,53.33333333333334,8.303571428571429,54.410714285714285,20.678571428571427,16.794749149659868,29.650758219954657,332.1109693877552,1.051001500807456,-1.4053311079924493,1.5097992998254364,13
35.0,62.666666666666686,61.33333333333334,9.803571428571429,53.66666666666667,25.345238095238095,81.69355867346937,39.73809523809525,652.9165249433107,1.9449614784536198,-0.6602941340023536,0.8790181030519779,13
27.0,89.33333333333334,126.99999999999997,13.69047619047619,72.04761904761905,38.892857142857146,28.967687074829946,670.3151927437642,2075.071853741497,0.7251705430804914,-1.4012511927674978,1.1916748114562117,13
54.66666666666667,88.66666666666669,20.333333333333343,18.095238095238095,79.56547619047618,16.339285714285715,238.30839002267572,126.86872874149664,74.12893282312932,1.4766669862149768,-1.5519581916304268,0.38352572050085276,13
