RangeX,RangeY,RangeZ,MeanX,MeanY,MeanZ,VarX,VarY,VarZ,SkewX,SkewY,SkewZ,Label
6.666666666666686,45.66666666666666,92.0,3.7634408602150526,32.88172043010753,59.064516129032256,3.291710024280265,218.23332177130305,796.1750491386284,1.0407399954754655,-1.042396095972698,0.40080113858264665,13
37.000000000000014,52.66666666666666,32.0,7.81720430107527,46.58064516129032,13.73118279569893,98.09920221990981,102.05711642964509,163.48687709561798,1.9430250278770473,-1.9540351455207425,1.3604106207399116,13
9.0,55.333333333333314,0.3333333333333144,5.172043010752687,51.01075268817204,6.569892473118279,3.525956758006698,23.21493814313791,15.599953751878825,0.5869209876233307,-2.819748666613475,0.3014945015634363,13
21.333333333333343,83.66666666666666,113.0,7.204301075268813,75.55913978494623,30.032258064516128,15.266504798242568,193.5511619840444,1027.9810382703201,1.6850653765440762,-2.502633481195333,1.5471163324050432,13
24.333333333333343,84.33333333333331,81.33333333333331,9.043010752688177,77.62365591397848,22.569892473118266,43.023239680887954,94.786680541103,568.990634755463,1.542274474472167,-1.498148466632144,1.8936787433000397,13
