RangeX,RangeY,RangeZ,MeanX,MeanY,MeanZ,VarX,VarY,VarZ,SkewX,SkewY,SkewZ,Label
5.666666666666657,46.66666666666667,77.66666666666669,2.689393939393938,36.49242424242425,64.80303030303031,1.5373622589531737,183.1741850321396,808.4561524334251,0.015217063891708476,-1.1764108029846732,0.23525980827732382,13
7.666666666666671,61.33333333333334,-9.333333333333314,3.962121212121213,56.386363636363626,10.545454545454543,2.859676308539947,10.479511019283738,35.333792470156105,0.1979314803323322,0.2950761186745449,0.299298344103733,13
7.0,61.33333333333334,-1.6666666666666288,3.46969696969697,56.58333333333333,10.81060606060606,2.627869605142331,9.995580808080808,43.27978650137744,0.01380068277252298,0.2828859378059283,0.6825649001161124,13
22.0,90.0,125.66666666666669,8.856060606060607,76.57575757575758,42.99242424242424,24.148473370064288,279.4159779614326,2064.3459022038564,0.6340619719664555,-1.442243864111351,1.0996901560711894,13
31.66666666666667,88.0,65.0,17.37121212121212,75.66666666666667,19.477272727272723,40.263716712580354,337.3888888888889,435.99695821854914,0.4892177158104742,-1.5906597689296484,2.11629411993347,13
