RangeX,RangeY,RangeZ,MeanX,MeanY,MeanZ,VarX,VarY,VarZ,SkewX,SkewY,SkewZ,Label
4.0,42.0,78.66666666666666,0.9619047619047616,19.76190476190476,18.304761904761904,1.427120181405893,336.50521541950116,637.3801360544218,1.2626035654853465,-0.0131545277064538,1.3543603858646036,13
11.333333333333329,52.0,54.0,2.1047619047619053,27.97142857142857,11.914285714285713,9.433469387755101,592.1102947845804,255.95138321995472,1.783913475468789,-0.262944178923939,1.318010341250299,13
11.666666666666657,51.66666666666666,71.66666666666669,3.057142857142858,26.638095238095236,10.742857142857142,9.558639455782316,558.0912471655328,383.67038548752845,0.6616985035247888,-0.17338980293136452,1.9359998611189981,13
9.666666666666671,79.0,32.666666666666686,4.428571428571429,43.838095238095235,14.247619047619049,17.63537414965986,1443.291247165533,195.40535147392288,0.004881469139622183,-0.28457522681014397,0.11908825246431752,13
5.666666666666657,79.66666666666666,37.333333333333314,1.7142857142857126,44.2,14.476190476190476,3.213605442176868,1466.7568253968252,185.37959183673468,0.689390047597487,-0.28553317651544835,-0.00045048216814551524,13
