RangeX,RangeY,RangeZ,MeanX,MeanY,MeanZ,VarX,VarY,VarZ,SkewX,SkewY,SkewZ,Label
24.333333333333343,47.33333333333333,137.0,3.3846153846153837,26.22051282051282,51.48205128205129,25.29993425378041,280.05222879684413,1570.841130834977,2.268258252281584,-0.4075509149921404,0.4874522455731549,13
34.0,59.0,72.66666666666666,6.482051282051282,35.01538461538462,20.030769230769234,47.72660092044709,491.37241288625904,244.63836949375406,2.430033836059547,-0.6568725920998274,0.893134542456456,13
24.666666666666657,59.66666666666666,110.0,3.6410256410256405,38.66666666666667,22.553846153846152,19.77541091387244,416.2324786324786,524.97872452334,3.1189790763915877,-1.1632390741561744,1.6865201147979823,13
31.33333333333333,108.0,131.66666666666669,10.051282051282051,69.16410256410256,22.317948717948717,48.47600262984879,1171.0328994082843,1099.7860880999342,0.2953856724760441,-1.3494402259306353,2.1141587714582384,13
24.0,94.66666666666669,114.33333333333333,11.456410256410257,67.2102564102564,24.507692307692306,54.04980933596317,1075.5096383957923,855.8294280078894,-0.5015062787762857,-1.4639082627697138,1.7486518491307248,13
