RangeX,RangeY,RangeZ,MeanX,MeanY,MeanZ,VarX,VarY,VarZ,SkewX,SkewY,SkewZ,Label
34.0,43.66666666666667,109.66666666666666,3.254385964912282,16.385964912280702,37.5,34.47037550015388,298.59956909818425,1331.6184210526317,3.8974562423792762,0.5671326321635555,0.5434080885481366,13
35.66666666666667,53.66666666666666,42.33333333333334,7.824561403508771,29.86842105263158,13.640350877192983,76.2206832871653,530.93297937827,192.3706525084641,1.3178839365863644,-0.34248855579153803,0.6431112777502906,13
35.66666666666666,53.66666666666666,75.66666666666666,6.4298245614035086,31.0,15.18421052631579,45.28601108033238,573.7368421052631,355.1093413357955,2.0407953461374775,-0.45197126208398763,1.7423879641255626,13
57.0,77.0,108.66666666666666,10.508771929824562,43.69298245614035,20.16666666666667,197.07448445675584,1093.8150969529088,699.3786549707603,1.6440622166294663,-0.3393577476714693,1.690665681906673,13
31.33333333333333,77.0,124.33333333333331,7.877192982456139,39.728070175438596,21.763157894736842,72.11942136041857,1173.7944752231458,986.1398122499234,1.194228397654416,-0.10459792768366273,2.165894107298073,13
