RangeX,RangeY,RangeZ,MeanX,MeanY,MeanZ,VarX,VarY,VarZ,SkewX,SkewY,SkewZ,Label
21.0,43.33333333333333,91.33333333333334,3.0000000000000018,26.240740740740748,28.73148148148148,32.820987654320994,306.2753772290809,1069.92481138546,2.318810024764995,-0.550219362368013,0.913989025917662,13
21.0,57.66666666666666,57.0,8.351851851851853,38.41666666666667,19.898148148148145,41.95027434842249,503.6442901234568,317.5853052126201,0.06153985734561491,-1.0802955009676802,0.5642319748661684,13
11.333333333333343,60.66666666666666,34.0,4.379629629629628,40.083333333333336,10.185185185185185,11.402177640603561,545.7430555555554,125.61385459533608,0.3984524988689868,-1.0883720075855667,0.9632325872188636,13
14.0,85.33333333333334,38.0,4.694444444444441,62.129629629629626,19.93518518518518,13.471450617283955,1291.230109739369,227.78283607681755,0.6377758276309422,-1.1429670954820503,-0.29776727838538297,13
10.0,87.0,94.0,2.4907407407407387,61.63888888888888,22.78703703703704,5.311642661179697,1306.0702160493827,468.0441529492455,1.3855954453940393,-1.064373765713578,1.3353694514011183,13
