RangeX,RangeY,RangeZ,MeanX,MeanY,MeanZ,VarX,VarY,VarZ,SkewX,SkewY,SkewZ,Label
12.0,48.0,113.66666666666666,2.233595800524935,30.851706036745405,33.84776902887138,4.782703343184465,401.2776589442068,1176.1596778749115,1.134499293283769,-0.7082055460331556,1.2349710938255039,13
12.0,61.66666666666666,38.66666666666666,4.4921259842519685,41.430446194225716,7.448818897637794,12.326053485440305,526.3029050502546,60.04965521042152,0.08196099596637985,-1.2190338450421514,1.4120141767777232,13
13.333333333333343,62.33333333333334,42.0,4.797900262467192,41.922572178477694,9.463254593175852,15.713311426622857,538.6392367784737,79.66159815652965,0.36283718699549894,-1.2207559012046538,1.148795790115392,13
33.33333333333334,89.33333333333334,25.666666666666686,7.53018372703412,65.98687664041994,8.891076115485562,33.16334966003266,1323.8537210407756,63.20029656725979,0.7271246028037326,-1.2513639977925106,0.5192382142851402,13
14.666666666666657,94.0,180.0,5.439632545931758,60.95800524934383,36.41207349081365,17.472077555266218,1325.885375548529,2966.8275707662533,0.019760762776524932,-0.864252766234345,1.5454620960679617,13
