RangeX,RangeY,RangeZ,MeanX,MeanY,MeanZ,VarX,VarY,VarZ,SkewX,SkewY,SkewZ,Label
17.0,47.33333333333333,137.0,1.689655172413792,17.32183908045977,50.06896551724138,10.244682256572865,336.54776060245734,2664.577619236359,3.770398813036436,0.4456402396976652,0.40698483254088086,13
10.666666666666671,58.0,28.666666666666686,3.011494252873563,31.011494252873565,10.47126436781609,9.651208878319462,688.6627031311932,105.51354207953496,0.5279487183162315,-0.30755681355942294,0.33793031527289064,13
6.666666666666657,56.66666666666666,56.33333333333334,1.7586206896551715,29.850574712643677,17.770114942528735,4.167789668384199,637.3761395164487,323.60998810939356,0.9421975258568203,-0.3115390214309679,0.4408426723553891,13
14.666666666666671,90.66666666666666,53.666666666666686,4.1609195402298855,48.03448275862069,7.9540229885057485,23.52966045712777,1642.2938300964458,147.43083630598503,0.9261247107067045,-0.3247028447567247,2.4377511006348858,13
20.333333333333343,87.66666666666666,62.0,5.298850574712643,47.24137931034482,10.942528735632184,39.6884661117717,1599.3861804729818,173.65570088518962,1.0129043069939705,-0.3082673352316074,1.9433821761149948,13
