RangeX,RangeY,RangeZ,MeanX,MeanY,MeanZ,VarX,VarY,VarZ,SkewX,SkewY,SkewZ,Label
10.666666666666686,42.66666666666666,87.99999999999997,7.627906976744184,27.891472868217054,65.00000000000001,6.373174689021095,197.41974640947055,975.3126614987082,-0.2410421310642968,-0.3787872863404256,-0.29451907614220624,13
26.000000000000014,58.66666666666667,72.0,5.4728682170542635,49.899224806201545,37.24806201550387,18.574845261703032,66.63842317168441,557.607715882459,3.0422871695198332,-1.00003314213024,0.5972894417358582,13
18.333333333333343,58.66666666666667,56.333333333333314,8.519379844961238,50.96124031007752,32.7984496124031,11.08166576527853,56.87446667868519,656.0058890691666,0.6563189419109557,-0.6829747331023803,0.16239581972362402,13
16.000000000000014,94.99999999999999,182.33333333333331,3.829457364341086,72.20930232558139,63.85271317829457,12.952827354125363,831.0337119163509,5050.5080223544255,1.836453514827139,-1.1595506542231702,1.0712232566777278,13
19.333333333333343,97.99999999999999,183.66666666666663,5.782945736434108,76.1860465116279,62.3720930232558,14.206117420828065,875.2212006489993,4406.543717324681,2.4932665932336873,-1.2269828787821688,1.191705197915889,13
