RangeX,RangeY,RangeZ,MeanX,MeanY,MeanZ,VarX,VarY,VarZ,SkewX,SkewY,SkewZ,Label
6.333333333333329,26.33333333333333,67.66666666666666,3.8378378378378377,38.21621621621622,66.54054054054055,2.364093823553279,91.62292021751479,611.7018099180259,-0.4143939908139111,-0.5688358543969179,-0.09300956528183744,13
8.666666666666671,42.0,-8.333333333333343,3.6126126126126117,57.171171171171174,9.063063063063064,5.192273354435515,11.931661391120848,37.23626329031731,0.6590175160930487,0.2920585546193347,0.6763306856730608,13
6.333333333333343,41.33333333333334,-6.666666666666686,3.6216216216216237,57.513513513513516,9.801801801801798,2.7697427156886607,11.72729486243,42.45921597272947,-0.6469115621291083,0.09180971591569503,0.5079351308293605,13
32.66666666666666,68.66666666666666,92.99999999999997,11.072072072072073,78.018018018018,39.90090090090089,34.11492573654734,163.61529096664228,925.0622514406297,2.0488925680680237,-1.1112487978611492,1.0930616430350935,13
28.0,67.66666666666666,72.99999999999997,13.108108108108109,77.51351351351353,33.90990990990991,55.74206639071503,160.71828585342098,993.5714633552473,-0.21266650230704434,-0.9260157473239584,1.4080915287911053,13
