RangeX,RangeY,RangeZ,MeanX,MeanY,MeanZ,VarX,VarY,VarZ,SkewX,SkewY,SkewZ,Label
13.0,36.33333333333334,115.66666666666669,2.8416666666666677,40.9,59.41666666666667,10.027708333333333,76.5288888888889,862.3375,1.6403582337544558,-1.2148739814610094,0.17110093625220826,13
29.66666666666667,35.66666666666666,55.33333333333334,7.2,46.21666666666667,19.324999999999996,56.57666666666669,123.35305555555556,250.21937499999996,1.903229205394569,-2.185764264105772,1.1600445508428037,13
12.0,37.0,68.00000000000003,5.024999999999998,47.4,19.075,4.352152777777774,156.38999999999993,285.36937499999993,0.49730703256580605,-2.616914463241214,1.8649993883604852,13
54.666666666666664,93.0,135.33333333333334,10.541666666666668,84.64166666666668,27.09166666666667,234.33715277777773,313.60215277777775,1591.122152777778,1.6960847600214883,-1.8523876759402782,2.0983027475341127,13
42.66666666666667,96.0,140.33333333333334,9.383333333333336,91.18333333333334,32.96666666666666,129.89749999999998,58.55527777777778,1799.2377777777776,1.7313198168137043,0.9217562364425775,1.7985904860273665,13
