RangeX,RangeY,RangeZ,MeanX,MeanY,MeanZ,VarX,VarY,VarZ,SkewX,SkewY,SkewZ,Label
5.333333333333329,2.6666666666666714,16.0,4.366666666666666,46.93333333333332,36.53333333333334,1.9211111111111088,0.5511111111111109,15.915555555555553,0.08779595359686097,0.6322396317313893,-0.48837975230758135,14
11.0,9.333333333333343,-3.333333333333343,8.466666666666667,53.81111111111111,7.533333333333332,3.7896296296296303,0.6717283950617282,43.34518518518518,1.0894738968886206,-0.10139899154133031,1.028026988905732,14
16.0,8.0,-5.0,14.311111111111108,51.466666666666676,10.933333333333334,5.873580246913588,2.1229629629629616,38.55111111111112,-0.08246276913279665,-0.1364025802765717,0.4167224636641961,14
18.33333333333333,41.33333333333334,-11.0,13.9,86.2888888888889,6.622222222222224,14.497407407407398,0.23506172839506315,26.746172839506187,0.2515828472460403,0.2974455522394063,0.5869153269893143,14
15.666666666666657,49.0,130.33333333333334,12.288888888888888,85.53333333333332,37.8888888888889,9.38320987654321,53.63407407407407,2718.928395061729,-0.10714667405962615,-2.120768397883072,1.395966373011408,14
