RangeX,RangeY,RangeZ,MeanX,MeanY,MeanZ,VarX,VarY,VarZ,SkewX,SkewY,SkewZ,Label
5.666666666666671,4.0,31.666666666666657,2.9279279279279296,39.81981981981981,18.7027027027027,4.241051862673481,1.3969645320996669,91.3680707734762,-0.027226716126404146,0.10682514932939853,-0.18046394827452333,14
14.666666666666671,14.666666666666657,22.666666666666657,4.882882882882884,51.35135135135135,10.01801801801802,14.481779076373671,0.5101858615372142,52.38405973541108,1.4716085939678318,-0.5976029177452705,0.6605428019685383,14
10.333333333333343,13.333333333333343,18.666666666666657,6.567567567567569,45.67567567567568,7.837837837837841,3.608797987176371,18.981900819738676,29.80553526499471,0.4642890527026161,0.14537362287989997,1.0449117298899129,14
17.0,50.33333333333334,34.99999999999997,11.054054054054053,86.009009009009,17.450450450450454,20.05713821930039,1.216135053972898,171.6649622595568,-0.31616372842856083,-0.09093661358804053,0.6123056519534443,14
9.666666666666657,50.33333333333334,168.66666666666666,3.7837837837837824,76.76576576576578,54.225225225225216,7.358655953250545,202.19138056975896,2621.609934258583,0.8061733854565076,-1.4438690841454336,1.2001659313466502,14
