RangeX,RangeY,RangeZ,MeanX,MeanY,MeanZ,VarX,VarY,VarZ,SkewX,SkewY,SkewZ,Label
5.333333333333343,6.333333333333343,49.33333333333334,2.5886524822695045,44.872340425531924,30.177304964539,1.963180926512753,2.5747195815099846,202.55248729943162,0.05920652776492242,0.5642023154958867,-0.8561185975309089,14
13.666666666666671,9.000000000000014,86.00000000000003,5.070921985815603,46.234042553191486,33.90070921985816,11.072984256325146,21.85302550173534,493.1627181731302,0.5387245785547516,-1.4249350916186019,0.8251608477988631,14
12.333333333333343,10.333333333333329,35.00000000000003,6.624113475177306,49.95744680851064,14.992907801418438,9.378803883104474,1.5679291786127443,100.83919319953726,0.6899401064048124,0.09476521415614308,0.4304734834258772,14
26.333333333333343,51.66666666666667,13.666666666666686,14.78723404255319,90.37588652482272,6.652482269503549,21.065841758462863,2.4899149942155825,12.855590765052062,1.2213091416654225,-0.2530092864935983,0.41598895095707433,14
19.0,58.000000000000014,168.0,14.47517730496454,85.99290780141844,37.41843971631205,12.291937025300534,104.39474875509278,3115.278808913033,-1.3199103231295808,-2.4931928375878107,1.5105254092081586,14
