RangeX,RangeY,RangeZ,MeanX,MeanY,MeanZ,VarX,VarY,VarZ,SkewX,SkewY,SkewZ,Label
6.999999999999986,2.6666666666666714,16.666666666666657,3.7837837837837838,49.50450450450451,34.810810810810814,4.625923220517816,0.26199172145118194,20.279522766009233,-0.022768208774288888,-0.7644585104451628,0.46680742304808864,14
7.333333333333329,6.666666666666657,-5.000000000000028,4.972972972972973,53.18018018018018,10.684684684684683,1.659930200470743,0.6642317993669311,34.65433000568135,0.31990557891761356,-0.29313207006911357,0.07838444438832412,14
11.666666666666657,6.666666666666657,-13.000000000000028,8.882882882882885,53.108108108108105,3.828828828828826,4.722019316613919,1.5979222465708933,15.679409138868609,-0.317045609680505,-0.432623234507359,1.377748882143795,14
22.333333333333314,41.66666666666666,-7.666666666666686,16.045045045045043,88.36036036036036,11.423423423423426,8.901874847820798,0.4046749452154847,31.91380569758949,0.1339895403969446,-0.5358203327246256,-0.3932828975508994,14
11.0,46.66666666666666,123.33333333333331,5.657657657657659,83.81981981981983,39.4954954954955,8.957876795714645,116.62819576333092,1623.9616914211506,-0.09226216399452794,-1.9006648422888441,1.648913733003262,14
