RangeX,RangeY,RangeZ,MeanX,MeanY,MeanZ,VarX,VarY,VarZ,SkewX,SkewY,SkewZ,Label
10.666666666666657,24.0,43.33333333333334,3.2682926829268277,41.650406504065046,45.073170731707314,5.892788683984396,13.609491704673141,105.97567585431953,0.8615602117438703,-3.3709708784433703,-0.6937846126494763,14
42.0,35.33333333333333,64.33333333333334,14.495934959349594,49.44715447154472,25.479674796747968,186.12532222883203,71.57512062925508,477.1709961002049,0.8703051959074519,-1.3492051076709695,1.115037761826195,14
15.666666666666657,34.33333333333333,16.666666666666686,9.634146341463412,54.89430894308943,14.325203252032518,11.971842157445964,1.4278537907330338,118.89153281776721,0.26023184338049254,-1.0845915271007864,0.5958129231272558,14
43.0,67.33333333333333,38.00000000000003,14.552845528455286,84.53658536585365,24.51219512195122,124.91387401678895,42.58470487143898,137.91380791856696,0.5813783185241913,-1.7083759688385736,1.1489407036850965,14
38.66666666666667,75.33333333333333,105.00000000000003,16.26829268292683,89.57723577235772,33.78048780487805,126.00118976799524,38.36327582788022,1011.6835217132658,0.6448835330637979,-2.024403552225558,1.2033694247245412,14
