RangeX,RangeY,RangeZ,MeanX,MeanY,MeanZ,VarX,VarY,VarZ,SkewX,SkewY,SkewZ,Label
13.666666666666671,47.66666666666667,44.666666666666686,4.261261261261262,32.18018018018018,26.144144144144143,11.808619430241055,336.9645320996673,261.45069393718046,0.41736058405062015,-1.1544323348168097,-0.6824159490765652,14
46.666666666666664,57.33333333333334,66.33333333333334,5.117117117117116,39.810810810810814,20.66666666666667,86.58988718448175,528.8140573005439,290.7507507507508,3.179250877959001,-1.0977933941258111,0.4155312396626028,14
15.333333333333343,56.66666666666666,36.666666666666686,7.1711711711711725,41.288288288288285,10.666666666666668,24.952682412141883,549.5805535264994,111.86186186186195,-0.28983738019595845,-1.1864988981335933,1.0598066187924864,14
27.666666666666657,95.33333333333334,160.33333333333331,8.612612612612612,68.98198198198199,21.333333333333336,72.42350458566675,1545.3930687444201,753.2552552552552,0.6011230097463842,-1.1651033630802081,3.491810238615185,14
13.333333333333343,99.66666666666666,112.66666666666666,4.1891891891891895,71.81981981981983,21.225225225225223,11.240483726970211,1671.258826393962,655.2255498741986,0.4695292437130421,-1.170014999321221,1.817375175435584,14
