RangeX,RangeY,RangeZ,MeanX,MeanY,MeanZ,VarX,VarY,VarZ,SkewX,SkewY,SkewZ,Label
10.333333333333329,4.0,8.0,6.717171717171719,44.34343434343434,27.525252525252526,9.920008162432394,0.8315478012447698,3.266197326803387,-0.06646608968707829,-1.0352609270825874,0.2793331894865382,14
9.333333333333329,11.999999999999986,15.333333333333343,8.303030303030303,51.91919191919192,17.717171717171716,1.887970615243343,0.5658606264666848,99.3274155698398,-0.2336485489465887,0.20749661873904213,0.4284359719530688,14
16.0,11.999999999999986,11.333333333333343,10.606060606060606,51.5959595959596,15.424242424242424,12.898683807774718,2.2609937761452925,82.80318334863787,0.4995123266233268,-0.22559061366639385,0.5926533612719205,14
19.333333333333314,40.999999999999986,13.333333333333314,14.777777777777777,80.74747474747475,18.767676767676765,8.166105499438826,1.3066013672074277,95.75410672380357,-0.47082855232943116,-1.108179599413037,-0.16576728403845636,14
17.33333333333333,49.33333333333333,143.66666666666669,8.393939393939394,77.60606060606061,56.75757575757576,22.723599632690533,192.5889194980103,2373.8873584328135,1.2000928002977729,-2.3638012113637648,1.3605464826432623,14
