RangeX,RangeY,RangeZ,MeanX,MeanY,MeanZ,VarX,VarY,VarZ,SkewX,SkewY,SkewZ,Label
6.666666666666657,5.0,14.333333333333343,3.906976744186045,39.55813953488372,22.178294573643406,3.614085691965624,1.9623820683853113,15.443663241391722,0.10479089892135196,-0.16629170826034254,-0.0955983752479035,14
26.0,16.33333333333333,12.666666666666686,7.968992248062017,50.52713178294573,10.953488372093023,58.288444204074274,4.228592031728861,41.3466738777718,1.1355392980033547,-1.5297725586043278,0.5268434821037468,14
9.666666666666671,11.333333333333329,9.333333333333343,6.713178294573646,44.73643410852713,7.992248062015503,3.8944774953428256,2.648879274082077,48.20407427438256,0.3165986259433425,0.21595900955535902,0.7431405110214387,14
18.0,51.66666666666667,7.000000000000028,12.186046511627904,86.69767441860466,9.496124031007753,11.567453878973623,0.7742323177693637,40.83913226368612,-0.08361457599970616,0.179975384811907,0.5113882883218532,14
18.33333333333333,51.66666666666667,157.00000000000003,4.449612403100778,73.39534883720931,61.27906976744184,16.1441019169521,255.24163211345476,2888.454419806502,1.4306030035111021,-0.9645369771566575,0.8762410321013718,14
