RangeX,RangeY,RangeZ,MeanX,MeanY,MeanZ,VarX,VarY,VarZ,SkewX,SkewY,SkewZ,Label
8.333333333333329,6.333333333333343,20.333333333333314,3.519607843137255,47.411764705882355,27.43137254901961,7.7136678200692,3.072279892349096,35.33679354094584,0.39253708201657017,1.0324573158431722,-0.09118624424227904,14
8.0,6.666666666666671,17.99999999999997,5.284313725490195,49.862745098039206,14.598039215686274,2.334198385236449,0.8635140330642055,108.24692425990004,-0.19114764040362997,0.1178102041606323,0.1974425416889301,14
12.666666666666657,6.000000000000014,17.99999999999997,6.725490196078431,50.37254901960784,16.941176470588236,6.440984236831984,0.7174163783160338,85.03575547866201,0.72132625802852,-1.185916438383801,0.49459122328077765,14
20.333333333333343,49.000000000000014,17.66666666666663,11.20588235294118,89.32352941176471,11.07843137254902,52.09813533256441,8.120818915801621,84.20953479430989,-0.35429663923312754,-0.30915290681585283,0.9847179513350852,14
10.0,53.000000000000014,168.33333333333331,4.009803921568627,84.49999999999999,51.65686274509804,3.748269896193767,280.65522875816987,3847.8267012687425,0.7766410187154421,-2.1048085563517382,1.2812266889469268,14
