RangeX,RangeY,RangeZ,MeanX,MeanY,MeanZ,VarX,VarY,VarZ,SkewX,SkewY,SkewZ,Label
11.0,7.333333333333329,50.0,4.148148148148149,43.34567901234568,45.97530864197532,8.093278463648838,5.197378448407256,142.88004877305295,0.9010220067563033,0.16516548967507724,-0.908046551896388,14
42.66666666666666,18.0,71.33333333333331,18.259259259259256,45.91358024691358,30.0,223.23731138545958,162.69623532998023,621.4979423868313,0.46899433921548805,-1.2624398404701336,0.7333409525906329,14
18.0,17.0,10.0,11.543209876543209,53.827160493827165,12.666666666666671,20.47858558146626,3.2376162170400793,32.67489711934158,-0.2325910408423208,0.08372890267704326,-0.3325210779358069,14
22.333333333333314,58.66666666666666,70.33333333333331,12.40740740740741,87.2469135802469,25.827160493827158,44.20850480109738,71.58512421886903,220.99893308946812,-0.1918220823713573,-0.649287614660575,1.831518108190157,14
55.0,54.33333333333334,74.99999999999997,12.493827160493824,79.76543209876544,25.51851851851852,218.33226642280147,379.01905197378437,577.443072702332,1.5147760562292985,-1.3572228798661004,1.0583240439305968,14
