RangeX,RangeY,RangeZ,MeanX,MeanY,MeanZ,VarX,VarY,VarZ,SkewX,SkewY,SkewZ,Label
2.666666666666657,2.0,16.666666666666686,2.7199999999999975,43.58666666666667,12.386666666666665,0.7704888888888859,0.29582222222222165,20.139377777777785,-0.06859648252330172,0.05772108003838476,0.63152507306877,14
2.666666666666657,10.333333333333329,10.666666666666686,2.333333333333334,51.33333333333333,12.173333333333336,0.7111111111111108,0.40888888888888864,17.921066666666707,0.10376223572427723,0.7139352220432792,-0.36002794761099877,14
4.0,10.666666666666671,24.0,4.213333333333331,50.82666666666666,20.320000000000007,0.381155555555554,2.5344,40.69760000000005,0.08050415645112195,-0.7938184306907823,-0.04789833722250672,14
12.333333333333329,43.33333333333333,16.666666666666686,11.026666666666666,84.21333333333334,9.946666666666667,6.185955555555571,0.38115555555555114,57.18826666666667,-0.6368744066146904,0.533793325657733,0.5419714907294605,14
10.0,46.999999999999986,155.66666666666669,3.8533333333333335,81.13333333333333,57.89333333333333,6.551822222222221,61.6888888888889,2847.0552888888897,0.9274742613498835,-1.7460557884041916,0.9750552585057426,14
