RangeX,RangeY,RangeZ,MeanX,MeanY,MeanZ,VarX,VarY,VarZ,SkewX,SkewY,SkewZ,Label
7.0,7.666666666666657,16.33333333333337,2.4666666666666694,47.25185185185185,29.1037037037037,2.989629629629624,3.531632373113853,17.03615912208509,0.587865740753146,1.8788363221349058,-0.12354505951446125,14
8.333333333333329,5.666666666666671,12.000000000000028,6.029629629629629,50.31851851851852,14.140740740740744,2.092949245541837,0.4047187928669418,65.29130315500691,-0.7535115074425583,-0.3392952660226322,0.5685961345377072,14
10.333333333333343,5.666666666666671,6.666666666666686,4.97037037037037,50.577777777777776,13.36296296296296,7.125048010973938,0.2192592592592602,35.154677640603566,0.52153620234313,-0.43374810211301357,0.2625509693127991,14
24.333333333333343,48.33333333333333,18.666666666666686,8.081481481481486,89.5925925925926,10.592592592592592,62.87484224965705,18.641426611796994,103.56488340192047,0.6289790806333682,-1.6263433845695185,1.5626518600648551,14
10.333333333333343,55.999999999999986,169.0,5.407407407407407,87.07407407407406,40.385185185185186,6.769821673525368,170.10315500685877,3045.8121262002737,-0.17748120352462177,-2.6515369740968833,1.8268759823248402,14
