RangeX,RangeY,RangeZ,MeanX,MeanY,MeanZ,VarX,VarY,VarZ,SkewX,SkewY,SkewZ,Label
6.333333333333343,8.0,14.333333333333371,2.034188034188035,48.162393162393165,26.777777777777775,2.722477901965085,4.221491708671196,13.141500474833833,1.0612623855834693,1.5611969056114166,-0.2927794405601203,14
10.333333333333329,6.0,14.666666666666686,6.1111111111111125,50.54700854700855,11.811965811965816,2.91927825261158,0.8973628460807936,79.45182263130985,0.12354601124680321,-0.023452503361513704,0.820017685176648,14
12.333333333333343,6.333333333333343,8.000000000000028,6.094017094017096,50.93162393162393,16.19658119658119,7.241873036744832,0.576521294470013,25.474176345971234,0.7389051110239138,-0.21506742990018907,0.14438213169465042,14
20.0,49.0,14.666666666666686,9.128205128205126,90.41880341880344,14.444444444444448,40.259916721455184,5.696398568193439,103.63152896486228,0.3318309132015423,-0.26981145099540993,0.325561404900523,14
8.666666666666657,56.0,170.33333333333337,4.213675213675212,86.50427350427353,49.62393162393162,7.051208999926938,231.3098107969903,3519.596464314413,0.3241574527052523,-2.2849956393389896,1.4976201060171348,14
