RangeX,RangeY,RangeZ,MeanX,MeanY,MeanZ,VarX,VarY,VarZ,SkewX,SkewY,SkewZ,Label
8.666666666666657,1.6666666666666714,9.0,5.588235294117649,46.56862745098039,23.313725490196077,7.366397539407911,0.2714340638216074,4.881968473663998,-0.6512237968251233,0.7714743696637205,-0.23412457849501733,14
8.666666666666657,6.666666666666657,16.33333333333337,5.2745098039215685,51.64705882352941,14.27450980392157,2.7743175701653167,0.672818146866585,101.93771626297587,0.760862720160191,-0.5480567115853135,0.6379264975964735,14
13.0,8.333333333333343,-2.6666666666666288,9.31372549019608,52.07843137254901,7.882352941176471,7.9800076893502725,0.9611687812379968,25.058054594386764,0.22600236117087197,0.32361600000001783,0.08052374731746119,14
14.666666666666657,43.33333333333334,1.0,11.647058823529413,87.45098039215685,8.019607843137253,9.31334102268358,1.7377931564782858,35.6270665128796,-0.9079956860205739,-0.023081185391580383,0.6007440073758108,14
10.333333333333314,46.66666666666666,161.66666666666669,5.705882352941175,78.7843137254902,79.31372549019608,3.8546712802768233,298.8750480584391,4486.908112264514,1.1980904115505757,-1.2711472061882911,0.34948217308136936,14
