RangeX,RangeY,RangeZ,MeanX,MeanY,MeanZ,VarX,VarY,VarZ,SkewX,SkewY,SkewZ,Label
8.333333333333343,6.666666666666671,55.33333333333334,4.228070175438596,46.97076023391813,37.304093567251456,4.425566841079311,2.422146985397215,183.9036284668787,0.6158912884241154,-0.5867411901029604,0.27965993518861926,14
13.0,15.0,76.00000000000003,5.304093567251462,53.672514619883046,21.33333333333333,7.888033924968363,9.729010635751159,432.3625730994152,0.9004207869538094,-1.7190386988548079,1.7456310034016083,14
17.66666666666667,14.333333333333343,43.33333333333334,8.350877192982455,53.578947368421055,19.97660818713451,25.33887349953831,3.6667692623371297,178.52186997708694,0.5504061295515003,-0.621222900636205,0.990841353159779,14
21.0,50.66666666666666,3.6666666666666856,15.526315789473685,90.71345029239767,6.473684210526319,6.167436134195135,1.4130159707260288,9.4072022160665,0.02769195218447621,-0.41677845868283714,-0.053465504829095505,14
13.666666666666671,56.33333333333334,162.66666666666669,8.24561403508772,86.30409356725146,41.49707602339181,14.711603570329338,32.48842378851612,2219.6651961287234,-0.41132008187781494,-1.0032693545625244,1.7197873481698036,14
