RangeX,RangeY,RangeZ,MeanX,MeanY,MeanZ,VarX,VarY,VarZ,SkewX,SkewY,SkewZ,Label
6.0,5.0,50.66666666666666,2.5555555555555554,47.323232323232325,31.80808080808081,3.3512906846240185,2.1581471278440985,241.21905927966526,0.3668925082105194,0.5300307966344584,-0.7383730908923348,14
19.66666666666667,13.0,58.333333333333314,9.131313131313131,55.20202020202021,16.74747474747475,25.400265279053166,3.4204672992551752,209.5422916028976,0.6371313554488562,-0.8257673334097281,1.4705893147522646,14
15.0,12.333333333333343,30.66666666666663,10.040404040404042,55.42424242424242,13.313131313131318,10.328333843485353,1.409243954698505,65.64268952147738,-0.2528333797745583,-0.010811657175251907,0.5184793760349641,14
18.33333333333333,48.0,7.999999999999972,13.404040404040405,91.27272727272727,4.818181818181818,13.520253035404554,0.44077134986225536,6.923171104989274,-0.5493764543753805,0.29763395919988445,-0.40491247812891107,14
23.66666666666667,56.33333333333334,176.66666666666663,12.262626262626261,87.12121212121212,55.16161616161616,31.553923069074575,67.3994490358127,3397.771860014284,0.390058781817294,-1.2885043055092833,1.1313654972940286,14
