RangeX,RangeY,RangeZ,MeanX,MeanY,MeanZ,VarX,VarY,VarZ,SkewX,SkewY,SkewZ,Label
6.333333333333329,4.333333333333329,21.333333333333343,4.897435897435898,39.598290598290596,20.98290598290598,3.3399079552925652,1.100737818686537,28.107969902841695,0.07985692963022709,0.12507299780517583,-0.39645030641712786,14
9.0,14.999999999999986,17.0,4.179487179487181,51.13675213675214,10.051282051282055,7.588866973482359,0.6536635254583912,47.951786105632245,0.970667692219232,-0.3002294575239445,1.0531272842176722,14
12.333333333333343,13.666666666666671,7.333333333333314,9.512820512820513,47.641025641025635,8.16239316239316,7.1444225290379135,2.366863905325446,22.130323617503116,-0.26217687564855313,0.24951851851853257,-0.2652163098642876,14
11.666666666666671,50.33333333333333,20.0,8.589743589743591,85.37606837606837,14.914529914529917,13.831689677843524,1.5679742859230075,95.52545839725329,-0.07656614892047695,-0.010040691304432064,-0.0928201605440639,14
7.0,51.999999999999986,161.0,3.6752136752136746,78.8974358974359,49.23931623931624,7.324713273431216,209.2430418584264,2349.207685002557,0.7721046094856845,-1.6841919561665362,1.356959591500516,14
