RangeX,RangeY,RangeZ,MeanX,MeanY,MeanZ,VarX,VarY,VarZ,SkewX,SkewY,SkewZ,Label
11.666666666666657,3.666666666666657,18.333333333333314,8.160919540229886,44.11494252873564,24.367816091954023,16.28061831153388,1.0136081384595068,30.99114810410887,-0.06542750997196943,-0.9171831204525944,-0.17046100456173816,14
8.666666666666657,10.999999999999986,18.333333333333314,8.264367816091955,51.42528735632183,14.620689655172415,2.2021403091557654,0.7808164883075661,94.85612366230683,-0.45373433398339913,0.02357264139928573,0.3839929319432093,14
16.0,11.666666666666671,14.666666666666657,11.229885057471263,51.13793103448276,15.793103448275861,14.039106883339945,1.6667987845157894,61.037653586999625,0.47784202121309954,-0.3110466768890637,-0.09914331306973553,14
17.666666666666657,41.33333333333333,21.333333333333314,14.804597701149431,80.54022988505749,13.505747126436784,5.712775796010042,2.953362399260143,99.15418152992471,-0.36356439451831746,-1.5556468170809423,0.6582876320083464,14
16.0,50.66666666666667,154.0,10.252873563218388,76.77011494252875,63.344827586206904,16.4188135817149,212.46056282203736,2730.034350640771,0.7917576951083135,-1.6504062591872055,1.0392060765229212,14
