RangeX,RangeY,RangeZ,MeanX,MeanY,MeanZ,VarX,VarY,VarZ,SkewX,SkewY,SkewZ,Label
7.000000000000014,2.6666666666666714,17.333333333333343,3.965517241379311,47.1264367816092,36.264367816091955,4.454749636675921,0.38631259083102126,24.99907517505618,0.16189409857293618,0.5248922714348189,-0.6961294881515386,14
16.66666666666667,9.666666666666657,9.0,10.413793103448274,53.79310344827587,11.712643678160918,7.108468754128686,2.470603778570476,118.86378649755584,1.1778581926203953,-0.5144794794813745,0.9101921217233593,14
18.666666666666686,8.333333333333343,1.3333333333333428,14.988505747126439,51.85057471264369,9.954022988505745,5.229752939622152,2.671158673536798,54.16646848989298,0.2462715804987233,-0.20618703033011318,0.5538630834573406,14
23.333333333333343,41.66666666666666,-6.666666666666657,13.13793103448276,86.10344827586206,8.41379310344828,28.563350508653716,0.6061566917690598,21.652530056810647,0.34360876191225587,-0.45778968944598103,0.20778500439245193,14
17.666666666666686,49.0,144.33333333333334,13.55172413793104,81.29885057471262,45.94252873563218,10.684106222750712,282.6463205179019,3519.4794556744614,-0.49867912821624505,-2.068097184468529,1.0718006229342756,14
