RangeX,RangeY,RangeZ,MeanX,MeanY,MeanZ,VarX,VarY,VarZ,SkewX,SkewY,SkewZ,Label
5.333333333333343,2.0,10.0,5.423076923076924,46.294871794871796,36.94871794871795,2.4663050624589107,0.18228139381985597,8.065746219592375,-0.23745563944622156,0.2160755226345642,-0.4665731059608357,14
8.000000000000014,10.333333333333329,-11.666666666666657,7.884615384615385,53.8974358974359,9.217948717948719,2.0849769888231453,1.2287968441814558,25.70890861275477,-0.039401338154867724,0.07548222288814783,0.9254126295725145,14
15.333333333333343,9.333333333333329,-6.333333333333314,13.858974358974356,51.96153846153846,10.3974358974359,2.924556213017754,3.1822813938198515,39.67537804076268,0.30805226069493585,-0.3290200705575488,0.6396899015584053,14
16.66666666666667,42.33333333333333,-17.333333333333314,13.5,86.25641025641025,6.435897435897434,7.540598290598292,0.6351084812623247,13.485207100591744,0.42535684540683294,-0.38499454330653593,0.15908746982678498,14
17.66666666666667,48.66666666666667,109.66666666666666,12.8974358974359,86.15384615384616,39.65384615384615,16.10059171597632,23.7455621301775,2284.081032215647,0.35024607464500307,-1.4786862402387224,1.2239694259421237,14
