RangeX,RangeY,RangeZ,MeanX,MeanY,MeanZ,VarX,VarY,VarZ,SkewX,SkewY,SkewZ,Label
2.3333333333333144,2.6666666666666714,4.666666666666686,1.5555555555555565,43.58730158730158,13.46031746031746,0.5432098765432014,0.4857646762408671,1.232552280171327,0.29270094814528974,-0.30806832175891574,-0.20285810857408212,14
4.666666666666657,11.333333333333343,8.666666666666686,3.8888888888888893,51.841269841269835,11.111111111111112,0.638447971781307,0.5250692869740512,22.194003527336882,-0.5170484304168766,0.5378805239779806,-0.20211981363476356,14
4.0,11.666666666666657,15.666666666666686,3.079365079365083,51.98412698412699,13.492063492063489,0.7185689090451013,0.6822877299067747,89.76316452506924,-0.18035757096706156,-0.1144620124616932,-0.024002985843413364,14
13.999999999999986,43.0,11.0,11.301587301587302,84.22222222222221,7.7777777777777795,4.147140337616523,0.24691358024691532,42.617283950617335,-0.2706518515491777,-0.5398506974249205,0.4726521082750851,14
9.0,48.0,152.66666666666669,4.174603174603174,80.28571428571429,67.33333333333336,5.9959687578735315,80.46863189720332,3386.6772486772484,0.31534564927669184,-1.235164467116371,0.5961707420151819,14
