RangeX,RangeY,RangeZ,MeanX,MeanY,MeanZ,VarX,VarY,VarZ,SkewX,SkewY,SkewZ,Label
8.666666666666657,2.6666666666666714,12.333333333333343,4.3546099290780145,49.70212765957446,32.05673758865248,4.8529752024546,0.39354157235551607,7.6232583874050635,0.1574369007682411,0.056865075306168654,0.029844507882131575,14
8.999999999999986,6.333333333333329,-7.333333333333314,5.758865248226951,53.12056737588652,12.737588652482271,3.7054474121020045,0.8388914038529226,11.01624666767267,0.3070629494573373,-0.7120515520624728,-0.3328674231719693,14
14.0,6.666666666666671,-9.999999999999972,9.312056737588653,53.02127659574469,7.794326241134751,6.512549670539716,1.1650319400432612,14.683466626427258,0.4296958923516423,-0.15502290871393634,-0.2626685203420518,14
22.333333333333314,41.33333333333333,-5.333333333333314,15.808510638297875,88.43262411347517,6.900709219858155,13.488154519390369,0.7750113173381575,41.063427392988345,0.01630189553766346,-1.113632374623141,0.6898004487441334,14
9.333333333333314,45.000000000000014,127.0,6.042553191489364,85.57446808510636,34.141843971631204,6.300789698707309,75.06242140737385,1769.4550575926767,-0.3638621130847975,-2.1623195831793907,1.730028916639516,14
