RangeX,RangeY,RangeZ,MeanX,MeanY,MeanZ,VarX,VarY,VarZ,SkewX,SkewY,SkewZ,Label
6.333333333333329,2.3333333333333286,14.0,3.037037037037038,46.543209876543216,21.20987654320988,3.6652949245541815,0.5032769394909286,13.82014936747446,0.15014545468088525,0.30450673393357286,-0.14250032716254188,14
10.666666666666671,7.999999999999986,18.0,6.80246913580247,52.358024691358025,12.975308641975305,3.1214753848498726,0.69897881420515,83.44795000762072,0.6119059252209323,-0.2106876696616351,0.5173963582059775,14
13.0,8.999999999999986,26.333333333333343,7.333333333333335,53.04938271604937,16.222222222222225,9.596707818930044,0.8535284255448882,127.38271604938267,0.401151757092114,-0.10136359851743618,0.6786809029768271,14
16.33333333333333,42.999999999999986,10.333333333333371,12.530864197530866,87.49382716049385,11.777777777777779,8.495960981557687,0.38164913885078655,59.31687242798345,-0.6012269997112418,0.36087754753569784,0.29007426860497826,14
11.666666666666657,47.33333333333333,163.0,7.444444444444445,83.48148148148147,55.91358024691358,5.489711934156373,132.0438957475994,3461.980185947264,0.038392875315527875,-1.9674037880236945,1.1502836666231422,14
