RangeX,RangeY,RangeZ,MeanX,MeanY,MeanZ,VarX,VarY,VarZ,SkewX,SkewY,SkewZ,Label
9.333333333333329,2.666666666666657,46.66666666666666,4.4,47.2,31.64761904761904,9.141587301587299,0.5726984126984108,180.25995464852608,0.3090017718831081,-0.3058869626270331,-1.0348223762308508,14
17.0,10.999999999999986,65.66666666666666,7.8,53.96190476190476,21.34285714285714,15.804444444444448,4.125532879818586,281.59038548752824,1.10140844031787,-1.0254748437912342,1.0490853575034127,14
26.333333333333343,10.666666666666671,23.0,11.695238095238096,54.12380952380953,11.847619047619046,42.827755102040825,4.311655328798182,51.90693877551017,0.7289225193096007,-1.4682503463205645,0.15636873236173013,14
16.0,46.33333333333333,12.0,12.00952380952381,90.72380952380952,5.523809523809523,7.361814058956911,1.1332426303854852,12.535147392290249,-0.7911528152156067,-1.3822110422815883,0.7503735658488531,14
17.33333333333333,53.33333333333333,174.33333333333334,9.714285714285714,85.62857142857142,39.52380952380952,22.115192743764165,87.8334693877551,2565.487528344672,-0.17348946827708486,-2.06574493878861,2.08286748225084,14
