RangeX,RangeY,RangeZ,MeanX,MeanY,MeanZ,VarX,VarY,VarZ,SkewX,SkewY,SkewZ,Label
6.0,8.0,40.666666666666686,3.225806451612903,44.806451612903224,29.537634408602152,3.529656607700315,6.019886692103131,183.50306393802765,0.5051976028385015,0.42497180240307136,-0.5910073961350367,14
9.333333333333343,9.333333333333329,73.66666666666669,6.892473118279571,47.09677419354838,25.95698924731183,2.941842987628626,10.732570239334029,576.5859636952249,0.24704178206327823,-1.4749130873853915,1.119844909157265,14
11.666666666666686,10.333333333333329,31.333333333333343,5.698924731182797,49.913978494623656,16.946236559139784,18.93444328824141,0.8384784368135069,67.28384784368134,0.21854754245032534,0.5222948442921213,0.4081781038753221,14
25.0,54.000000000000014,16.666666666666686,17.451612903225808,89.44086021505377,9.419354838709678,17.781708868077217,3.257255174008558,29.97109492426869,0.056635194556322904,1.7095048773627592,0.30491782919682303,14
18.0,52.33333333333333,164.66666666666669,10.96774193548387,70.95698924731182,49.39784946236558,26.791074112614176,336.0196554514973,2999.687593941497,0.00238744772096925,-0.22912253202009247,1.108189979169912,14
