RangeX,RangeY,RangeZ,MeanX,MeanY,MeanZ,VarX,VarY,VarZ,SkewX,SkewY,SkewZ,Label
11.333333333333329,6.333333333333329,26.0,6.126436781609197,44.33333333333332,38.448275862068975,9.382481173206509,4.28352490421456,99.86418285110314,-0.11381557863558445,-0.8280433106799142,-0.07561314619641732,15
9.666666666666657,13.666666666666657,-14.666666666666686,4.321839080459771,52.7471264367816,5.5517241379310365,4.670365966442063,0.4034879112168083,10.163033425815836,0.3817699380573277,-0.22755979219269165,-0.3829452700348083,15
16.333333333333314,15.333333333333343,-3.0,6.885057471264368,50.7816091954023,14.620689655172418,6.707094728497808,11.074910820451846,10.909763509050078,1.2746416264197524,-0.35841966563935435,-0.34115062914075056,15
27.666666666666657,49.33333333333334,-6.666666666666686,17.402298850574706,85.02298850574715,8.977011494252874,42.11784912141631,10.260007927070971,27.064605628220338,-0.1568023188755377,-0.8387052983955358,-0.1098675745850243,15
64.0,49.66666666666666,-0.33333333333337123,20.965517241379306,76.3103448275862,15.057471264367818,385.54287224204,322.35196195005955,33.6633637204386,1.0245845554748816,-1.1563832996787975,-0.26826128622620066,15
