RangeX,RangeY,RangeZ,MeanX,MeanY,MeanZ,VarX,VarY,VarZ,SkewX,SkewY,SkewZ,Label
4.0,6.333333333333343,16.00000000000003,2.72463768115942,41.043478260869556,44.28985507246376,1.0497794580970379,2.4667086746481868,17.771056500735174,0.3121571305529074,-0.4359601869468107,0.24986939044556175,15
10.333333333333329,14.333333333333329,-10.666666666666629,5.028985507246376,50.02898550724638,13.652173913043484,12.91703423650494,1.5160680529300568,57.28964503255619,0.05891430963394126,-0.7728256948323704,0.4786665113512766,15
3.333333333333343,14.000000000000014,16.00000000000003,2.3913043478260896,46.811594202898554,32.608695652173914,1.5908422600294043,7.370300357067853,170.18987607645442,-0.18292494000342485,0.039444877866092236,0.06901698553937582,15
26.666666666666657,54.000000000000014,-15.333333333333314,19.043478260869556,87.84057971014492,8.231884057971019,29.452215921025005,3.863474060071425,38.33270321361055,0.10057878967320788,-0.38318391904864724,0.7275121947813697,15
62.66666666666666,54.000000000000014,-6.0,25.347826086956516,78.65217391304347,14.652173913043478,372.72925855912615,312.0722537282085,86.71959672337739,0.9761830053648408,-1.4299178951993268,0.28148266511351105,15
