RangeX,RangeY,RangeZ,MeanX,MeanY,MeanZ,VarX,VarY,VarZ,SkewX,SkewY,SkewZ,Label
9.333333333333343,7.666666666666671,15.333333333333314,3.3963963963963946,42.270270270270274,42.567567567567565,6.749776803830869,3.5425695966236574,19.002191380569755,0.5190504515654334,-0.11397649499726728,-0.1559672174670321,15
10.333333333333329,14.333333333333343,-3.333333333333343,5.288288288288289,51.288288288288285,14.702702702702704,6.799772745718689,1.178151124097067,66.85756026296573,-0.01281158205397379,-0.31143069957247627,0.26751311526548355,15
7.666666666666657,13.0,7.999999999999972,3.774774774774774,49.675675675675684,23.495495495495504,3.2495738982225455,2.681600519438353,102.42415388361333,0.5529511075619524,-1.0119709688157756,0.32343503378041083,15
30.666666666666657,52.66666666666666,-10.333333333333371,18.135135135135133,88.55855855855854,8.36936936936937,31.426182939696435,6.486811135459783,38.29299569840104,0.8129780433465118,-0.8395705414337802,0.8774068188941652,15
66.33333333333334,53.33333333333334,-6.333333333333343,22.18918918918919,82.18918918918916,10.07207207207207,314.16540865189506,241.2044476909342,70.12693774855938,1.5819238746597386,-1.9844805719012995,0.9675040809384671,15
