RangeX,RangeY,RangeZ,MeanX,MeanY,MeanZ,VarX,VarY,VarZ,SkewX,SkewY,SkewZ,Label
8.0,6.333333333333329,25.333333333333343,3.641025641025641,42.38461538461538,44.24786324786324,4.081963620425157,2.1683103221564752,42.6479655197604,0.3693650760066413,0.11676981826784835,-0.9897736035613638,15
25.33333333333333,17.33333333333333,31.333333333333343,8.743589743589745,53.38461538461539,17.213675213675213,44.475564321718174,4.367740521586678,277.4785594272773,0.9175007948822764,-0.9462878729973503,1.1026280361882705,15
14.666666666666657,12.999999999999986,4.0,6.0940170940170955,44.521367521367516,11.52991452991453,20.780334575206382,47.8620790415662,23.377310249105115,0.3385945978875497,-0.6359093104037167,1.8705223488483582,15
24.66666666666667,47.66666666666667,-9.333333333333314,14.059829059829061,84.21367521367519,9.153846153846157,34.51778800496751,4.965738914456879,23.480604865220243,-0.0880888814418225,-0.2611672298967405,0.1395427895257463,15
63.33333333333334,45.999999999999986,37.33333333333334,21.136752136752136,70.50427350427351,26.102564102564102,393.9243187961136,194.24428373146313,359.5735261889107,0.7889413171791704,-0.4842198872188277,0.7456793748074848,15
