RangeX,RangeY,RangeZ,MeanX,MeanY,MeanZ,VarX,VarY,VarZ,SkewX,SkewY,SkewZ,Label
17.66666666666667,9.0,17.333333333333343,6.458333333333332,48.833333333333336,40.08333333333333,35.05381944444445,7.409722222222216,33.25694444444446,0.4915308066316757,-0.8839853531099425,0.09359971748897146,15
8.333333333333329,13.999999999999986,-20.0,5.364583333333332,54.63541666666667,6.177083333333335,5.745551215277777,0.9538845486111168,10.680447048611125,-0.38527668473151017,0.29355517818279,-0.3499647188637175,15
30.0,13.666666666666671,-3.6666666666666856,14.625,52.09375,11.052083333333334,103.37326388888884,13.244683159722225,68.15353732638887,0.38768475682285,-0.6095664838043546,0.7941117666583751,15
27.333333333333343,47.66666666666667,-11.0,16.083333333333336,87.57291666666667,9.927083333333336,28.52083333333334,8.307183159722234,31.949544270833346,0.45521913906175754,-1.0255616410879316,0.1646327176609731,15
62.66666666666666,50.66666666666667,11.0,18.520833333333336,80.53125,22.072916666666664,271.4370659722222,266.5476345486111,121.4425998263889,1.554989052636867,-1.4987240519697846,-0.08558854252736409,15
