RangeX,RangeY,RangeZ,MeanX,MeanY,MeanZ,VarX,VarY,VarZ,SkewX,SkewY,SkewZ,Label
10.666666666666657,6.333333333333329,27.0,6.569892473118279,44.3978494623656,38.172043010752695,9.456584576251581,2.949242687015835,106.7087524569313,0.020612214476742587,-0.7397502445809221,-0.184456658297995,15
5.666666666666657,13.666666666666671,-9.333333333333314,3.483870967741935,53.08602150537634,4.924731182795698,3.626083940339919,0.3796970748063372,13.266736038848407,-0.1179215658169459,0.26274014899303927,0.8010450346741352,15
11.666666666666657,12.666666666666671,-0.3333333333333144,8.50537634408602,50.526881720430104,13.537634408602148,4.5653832813042,7.768990634755475,36.0837090993178,0.3176461686230227,-0.6029208582115962,-0.8251165717680848,15
26.0,47.66666666666667,-6.333333333333314,17.322580645161292,84.95698924731182,8.860215053763438,29.89594172736732,9.92646548733957,22.901607122210663,0.3820705017964879,-0.8609085364840349,-0.0696615980829332,15
65.33333333333331,48.66666666666667,-3.3333333333333144,20.64516129032258,75.78494623655915,12.688172043010756,455.83466296681695,344.98600994334606,19.655451497282897,1.074365188284309,-1.0997432696077774,-0.3064740078525306,15
