RangeX,RangeY,RangeZ,MeanX,MeanY,MeanZ,VarX,VarY,VarZ,SkewX,SkewY,SkewZ,Label
4.333333333333343,4.0,22.666666666666686,3.507246376811594,43.04347826086957,26.594202898550726,0.7910102919554742,1.7517328292375547,62.41503885738295,0.33978489078545937,0.22021461338345769,0.061457830493478825,15
4.333333333333343,12.0,-3.0,2.2318840579710155,51.85507246376811,5.3333333333333295,2.5549254358328066,0.2591892459567315,12.048309178743985,1.0112271475110706,-0.19682402430245327,0.22825875243404165,15
10.0,12.0,12.666666666666686,7.811594202898549,47.333333333333336,14.507246376811592,5.853392144507468,27.207729468599027,73.06154169292171,-0.3957440820896232,-0.4743832446144576,0.34584716451341324,15
17.333333333333343,44.0,4.666666666666686,12.579710144927533,83.50724637681161,14.057971014492756,22.23398445704683,0.8779668136945994,20.711615206889334,-0.1339623971434299,-0.05819073579319917,-0.11728066866098728,15
61.0,44.0,18.0,21.79710144927536,73.68115942028986,19.347826086956523,510.5385423230414,240.25582860743543,78.48771266540636,0.7684700147114967,-1.2579653473935446,-0.2888626110863162,15
