RangeX,RangeY,RangeZ,MeanX,MeanY,MeanZ,VarX,VarY,VarZ,SkewX,SkewY,SkewZ,Label
4.666666666666671,4.333333333333329,14.666666666666657,2.077777777777779,46.43333333333333,37.6,1.9976543209876454,1.8233333333333326,17.854814814814798,0.24445257652182611,-0.6091850772871235,0.184201778655082,15
8.0,9.999999999999986,-8.333333333333343,4.255555555555556,52.333333333333336,10.366666666666667,4.027283950617283,0.4518518518518529,30.10629629629631,-0.2953468171033319,0.4145921293065973,0.09668098729398548,15
27.0,8.666666666666671,-0.33333333333337123,11.122222222222229,49.422222222222224,11.93333333333333,66.40358024691359,9.318024691358028,46.7288888888889,0.666728553693553,-1.1381062003732443,0.6539091958859546,15
23.333333333333343,49.33333333333333,-6.333333333333371,9.92222222222222,90.37777777777778,15.033333333333328,64.85691358024691,2.4424691358024697,19.861851851851863,0.38835325617325306,-0.21406025143734972,-0.033359343737087446,15
72.66666666666666,50.33333333333333,-10.666666666666686,21.52222222222222,80.54444444444444,7.966666666666666,684.6124691358024,455.736913580247,21.63222222222226,1.0256806905191065,-1.5233930601692969,0.46482284479012326,15
