RangeX,RangeY,RangeZ,MeanX,MeanY,MeanZ,VarX,VarY,VarZ,SkewX,SkewY,SkewZ,Label
8.0,8.0,17.0,7.504065040650407,43.40650406504065,32.7479674796748,4.862449600105756,4.056976667327649,32.50287527265516,0.23711998734628353,-1.0101026259914843,0.6964035624482652,15
4.666666666666671,14.999999999999986,-7.333333333333343,5.2682926829268295,52.77235772357723,11.934959349593496,4.380593562033187,0.25170202921541396,23.898208738184955,-0.20429338248713372,0.1813115010876375,-0.6996090536446764,15
34.66666666666666,14.999999999999986,-5.333333333333343,14.682926829268293,49.447154471544714,11.170731707317072,97.26260823583844,29.5534404124529,37.62125718818165,1.3137064183983762,-1.6250827078574728,-0.06784926393446276,15
23.333333333333343,42.999999999999986,19.99999999999997,18.84552845528456,79.4959349593496,22.918699186991873,13.420582986317674,3.496595941569164,26.25897283363077,0.8916332631538809,-1.0471082436097676,2.329342543924926,15
63.0,46.999999999999986,10.333333333333343,18.024390243902438,75.55284552845528,26.113821138211378,411.08070592901043,252.9789146671954,75.9491043690925,1.5613265209769804,-2.1820578292051276,-1.3479133078701766,15
