RangeX,RangeY,RangeZ,MeanX,MeanY,MeanZ,VarX,VarY,VarZ,SkewX,SkewY,SkewZ,Label
7.0,4.333333333333343,19.666666666666657,5.207207207207206,44.43243243243244,31.08108108108108,4.104212320428539,1.3925817709601511,42.75919162405648,0.43236761198137297,-1.181431900962695,0.4129526817648871,15
9.0,13.000000000000014,-7.0,7.000000000000002,52.85585585585586,11.756756756756754,7.009009009009006,0.7299732164597054,7.619511403295182,-0.39746528381649615,-0.08291349251741092,-0.24024980690826642,15
31.666666666666657,12.333333333333329,-0.6666666666666572,14.360360360360358,49.65765765765766,13.801801801801805,86.42869896923953,18.81373265157049,30.056813570327094,0.7421095910123502,-0.9962764157749994,-0.7645927475751823,15
24.333333333333343,40.66666666666667,5.666666666666686,17.270270270270274,79.87387387387386,23.945945945945947,17.296323350377413,2.5906988069150225,6.723804885967067,0.7768870404138752,-0.8970129006612593,-0.29881199910977324,15
63.66666666666666,44.66666666666667,14.333333333333314,20.11711711711712,75.19819819819818,24.56756756756756,383.27457186916644,250.5733300868436,101.42261180099008,1.446262943750344,-2.08509608856433,-0.7637480344266415,15
