RangeX,RangeY,RangeZ,MeanX,MeanY,MeanZ,VarX,VarY,VarZ,SkewX,SkewY,SkewZ,Label
6.666666666666671,5.0,21.666666666666686,5.786666666666666,42.46666666666666,22.14666666666667,2.9678222222222232,2.879999999999999,55.894044444444454,-0.5422427765558953,0.13058196216357387,-0.06352274164079673,15
4.0,13.333333333333343,5.666666666666686,2.4533333333333336,52.18666666666666,9.88,2.541155555555559,0.427377777777777,13.270044444444427,0.9136916172402328,-0.48750496463325066,0.203949119006222,15
9.666666666666657,13.666666666666657,23.333333333333314,7.8133333333333335,47.32,18.573333333333338,5.129599999999991,29.55982222222221,108.97351111111115,-0.49459337902214723,-0.403043844884263,-0.07374267136730756,15
18.666666666666657,45.0,8.333333333333314,14.293333333333333,82.86666666666666,14.880000000000003,21.896177777777776,2.7288888888888945,6.763377777777753,0.00981248757235381,-0.5670973001853734,-0.13613868268409107,15
62.66666666666666,44.33333333333334,20.0,22.70666666666667,72.76,18.959999999999997,568.4739555555556,263.9957333333333,97.34506666666668,0.7207267722906487,-1.2313877880819388,-0.3880653647353805,15
