RangeX,RangeY,RangeZ,MeanX,MeanY,MeanZ,VarX,VarY,VarZ,SkewX,SkewY,SkewZ,Label
5.0,5.666666666666671,20.666666666666657,1.5833333333333346,46.975,35.666666666666664,1.4486111111111133,1.5688194444444468,36.672222222222246,1.0758070205641372,-1.3325459417416434,0.4927694628222838,15
8.666666666666671,10.333333333333329,-1.6666666666666856,5.666666666666666,52.10833333333333,12.991666666666665,3.8888888888888915,0.746597222222223,25.66937499999998,-0.8765456984755751,0.08837403009658051,-0.11122127922734053,15
25.666666666666657,9.666666666666671,9.999999999999972,8.391666666666666,50.44166666666666,15.45,58.62715277777774,8.802152777777774,76.12527777777771,1.0086958054272828,-1.5848921778393366,0.4184632531899418,15
25.333333333333343,50.33333333333333,9.333333333333343,9.866666666666667,90.25,18.275,69.60444444444443,3.215277777777773,43.904930555555595,0.4212053641083534,-0.12418479502100559,-0.21434337853757912,15
73.0,50.66666666666667,0.9999999999999716,17.991666666666667,83.08333333333334,12.55,581.1249305555555,411.2208333333333,51.53083333333334,1.3975008996881482,-1.9514698101788137,0.060530513428910415,15
