RangeX,RangeY,RangeZ,MeanX,MeanY,MeanZ,VarX,VarY,VarZ,SkewX,SkewY,SkewZ,Label
8.666666666666671,4.666666666666671,20.666666666666657,3.1564625850340136,41.925170068027214,39.28571428571428,6.8712110694618005,1.5930399370632597,47.015873015873005,0.7666601130136258,-0.9493259184778143,-0.06678162005027466,15
16.0,15.0,6.0,7.578231292517007,52.34013605442178,11.210884353741497,11.903743810449345,1.0044888703780839,57.97593595261232,0.8790194338770598,-1.0376926038551593,1.3933318325332351,15
12.0,14.666666666666657,-14.0,5.863945578231292,46.707482993197274,6.802721088435373,10.530242028784308,37.26817529732982,13.908926836040536,0.3830202557489233,-0.6672202101662986,-0.014078143097321623,15
21.33333333333333,45.33333333333334,-13.666666666666657,9.149659863945578,82.07482993197279,8.081632653061224,54.85288537183581,1.9875977601925134,20.877689851450775,0.26389449314051794,-0.4606832725719121,-0.11768831405302826,15
52.0,45.33333333333334,28.333333333333343,15.081632653061224,74.31292517006803,22.714285714285715,251.91623860428527,134.94969688555696,257.46938775510205,1.0856358391784382,-0.8233504453800193,0.6622475967017561,15
