RangeX,RangeY,RangeZ,MeanX,MeanY,MeanZ,VarX,VarY,VarZ,SkewX,SkewY,SkewZ,Label
15.666666666666657,6.666666666666657,21.0,6.844444444444444,48.11851851851851,40.55555555555556,27.43012345679012,3.3538545953360743,49.02222222222221,0.5175528798277261,-0.8692481398816202,-0.11772176134174478,15
7.999999999999986,9.999999999999986,-13.666666666666686,4.533333333333333,52.48148148148148,6.074074074074073,5.60197530864197,0.2249657064471875,17.955006858710526,-0.08445583018933445,0.25121120967203225,0.5496784284661858,15
26.333333333333314,9.999999999999986,-18.333333333333343,11.644444444444447,50.622222222222234,4.65925925925926,53.46370370370368,8.407901234567905,9.241920438957486,0.8682418796198491,-0.9278994397794877,0.2296228688667511,15
25.333333333333314,45.999999999999986,-15.0,17.26666666666667,87.69629629629628,7.207407407407407,18.620246913580246,2.167023319615912,15.586611796982172,0.13494781745159848,-0.6321306658534144,-0.1773577277041728,15
57.66666666666666,47.66666666666667,-10.333333333333314,13.4,83.79259259259258,10.799999999999997,284.83753086419745,116.99895747599452,30.72790123456791,1.7607798207924719,-2.096900480523498,-0.25740222056564377,15
