RangeX,RangeY,RangeZ,MeanX,MeanY,MeanZ,VarX,VarY,VarZ,SkewX,SkewY,SkewZ,Label
5.333333333333343,3.666666666666657,16.333333333333314,5.611111111111109,42.0,26.685185185185183,2.1388888888888964,1.308641975308638,27.56138545953359,-0.12081246297116313,0.48655923859595307,-0.9182284720347336,15
3.6666666666666714,12.333333333333329,-1.0,2.074074074074074,52.31481481481481,6.907407407407409,2.537722908093278,0.19101508916323526,19.4050068587106,1.1847582321401122,-0.0453381157575463,0.20318428082264925,15
9.333333333333343,12.333333333333329,19.0,7.7037037037037,46.38888888888889,19.537037037037038,7.085048010973944,22.373456790123456,119.61899862825788,0.19217782100193206,-0.03984526325517257,0.03562317630290519,15
18.333333333333343,44.33333333333333,5.0,15.925925925925931,82.85185185185186,13.351851851851855,14.759945130315502,1.7434842249657072,11.610768175583015,-0.23142093102297034,0.2557791325303748,1.118983976596197,15
60.33333333333334,44.999999999999986,12.0,27.796296296296298,71.27777777777777,15.09259259259259,561.9152949245542,281.3611111111111,80.4790809327846,0.3481739893993121,-0.8460171821400585,-0.29845969893485974,15
