RangeX,RangeY,RangeZ,MeanX,MeanY,MeanZ,VarX,VarY,VarZ,SkewX,SkewY,SkewZ,Label
9.333333333333343,4.666666666666657,26.333333333333314,2.7441860465116266,47.325581395348834,38.240310077519375,4.893215551950012,1.4650561865272493,49.35051980049275,1.544731673417377,-0.5320790027014992,0.07838066418812825,15
14.0,10.333333333333329,1.6666666666666572,7.2945736434108515,52.89147286821706,11.68217054263566,6.4248542755844,0.5670332311760096,27.85505678745267,0.4775125088995053,0.879153616338173,1.035701427542865,15
51.0,8.999999999999986,-7.333333333333343,14.240310077519378,44.713178294573645,5.643410852713179,308.0585301364101,229.6102397692446,22.549846764016554,1.2287752080880903,-1.7783809422599182,1.1195256885319227,15
20.0,47.999999999999986,9.666666666666657,7.085271317829457,90.44186046511628,23.682170542635664,29.618051799771646,1.910702481822001,45.41578030166455,0.7817762561459517,-0.5660571028700111,0.06319477638113083,15
73.33333333333334,48.999999999999986,3.333333333333343,14.85271317829457,85.9767441860465,16.41860465116279,426.8180998738058,297.681629709753,57.514692626645015,1.9569710276376813,-2.6776437361391836,-0.08681457848382527,15
