RangeX,RangeY,RangeZ,MeanX,MeanY,MeanZ,VarX,VarY,VarZ,SkewX,SkewY,SkewZ,Label
13.333333333333329,4.333333333333343,30.333333333333314,6.893333333333334,44.51999999999999,38.0,12.139733333333337,1.31626666666667,95.68,0.6171817810397066,-0.22557627370129027,-0.29477826869355495,15
4.999999999999986,11.666666666666671,-4.666666666666686,3.2266666666666657,52.85333333333334,7.3066666666666675,2.7797333333333336,0.2584888888888914,14.51484444444445,-0.0923051965589725,0.021427417460832727,0.1432695757003765,15
10.666666666666657,10.666666666666671,3.6666666666666288,7.133333333333334,49.33333333333333,17.186666666666667,6.071111111111103,10.26666666666666,20.738488888888895,0.02032222763720277,-0.42125920136386863,-0.3852258398454066,15
26.333333333333314,45.33333333333333,-3.6666666666666856,19.6,84.73333333333333,8.093333333333335,20.37333333333333,6.791111111111122,14.626844444444453,0.30144911683352127,-0.6017180527772784,0.45609287004835847,15
66.66666666666666,46.66666666666667,16.333333333333314,22.573333333333334,73.09333333333333,17.173333333333336,507.613511111111,439.5068444444445,92.57884444444447,0.8471209610640724,-1.0350092926502865,0.32444903294610594,15
