RangeX,RangeY,RangeZ,MeanX,MeanY,MeanZ,VarX,VarY,VarZ,SkewX,SkewY,SkewZ,Label
8.333333333333343,5.333333333333343,13.666666666666657,6.853658536585366,44.75609756097562,45.6910569105691,4.049044880692709,1.534007535197306,13.606451186463104,0.867166964966543,-1.1874022318753346,0.3709275367847244,16
5.000000000000014,14.000000000000014,20.666666666666657,6.252032520325204,47.170731707317074,24.406504065040654,1.754907792980369,68.65648754048514,148.02445634212438,-0.32545970769906674,-1.064079293126442,1.2511638703773988,16
5.333333333333343,15.666666666666671,-2.666666666666657,4.544715447154471,48.78048780487805,17.91056910569106,4.8225262740432315,62.36644854253421,57.13292352435715,0.11175196203014874,-0.6822239203671923,0.6816552479650061,16
26.0,51.66666666666667,82.33333333333334,19.80487804878049,86.8048780487805,53.5040650406504,23.05677837266176,48.58523365721461,645.7459184347941,-0.19056099619457068,-3.5309448362206184,0.7633567158421636,16
15.0,60.000000000000014,6.333333333333314,12.747967479674795,94.6910569105691,13.560975609756097,13.91750941899664,4.842223544186658,76.49018441403929,-0.23798135340421384,0.37444609367712506,0.9700322597986426,16
