RangeX,RangeY,RangeZ,MeanX,MeanY,MeanZ,VarX,VarY,VarZ,SkewX,SkewY,SkewZ,Label
5.333333333333343,4.666666666666671,11.0,3.0427350427350426,48.49572649572651,32.059829059829056,1.9668346847834026,1.2870187741982626,13.44086492804442,-0.49460348729570036,0.08731886223816383,-0.09045491255910142,16
8.666666666666671,10.0,32.33333333333334,5.666666666666667,47.49572649572648,22.31623931623932,2.7521367521367526,56.47220395938346,255.69771349258525,-0.6052845698867023,-0.6482964445172054,1.141239286899839,16
9.333333333333343,10.0,35.666666666666686,5.008547008547008,46.44444444444445,24.752136752136753,6.270582219300167,65.50617283950618,270.98984586164084,-0.32878633067010676,-0.312598078323511,0.9455644520904608,16
17.0,45.66666666666666,3.0,12.57264957264957,87.42735042735042,18.06837606837606,10.27891007378186,2.7974285923003888,45.09503981298854,-1.0211440318396494,0.44233149867766497,-0.7899592300257648,16
14.333333333333343,45.66666666666666,6.0,10.273504273504273,87.5128205128205,20.264957264957268,6.369639856819331,4.466359850975234,106.28592300387173,-0.8200065672561558,-0.24061025537256042,-0.6743502981527281,16
