RangeX,RangeY,RangeZ,MeanX,MeanY,MeanZ,VarX,VarY,VarZ,SkewX,SkewY,SkewZ,Label
8.333333333333329,7.333333333333343,9.333333333333343,4.728682170542635,48.44186046511628,41.94573643410853,4.947058470043865,3.2078601045610244,5.896280271618291,-0.6189424222367669,-0.4389589459717391,0.2929492077320131,16
10.666666666666671,10.666666666666671,54.33333333333334,6.937984496124031,40.10077519379845,26.837209302325583,4.4871101496304275,167.20689862388076,782.8959798089055,0.027320867399139,-0.6373200227390974,0.9578354263406459,16
16.0,9.666666666666671,46.33333333333334,7.573643410852718,38.472868217054256,29.17054263565891,21.91899525268916,133.75830779400277,532.229313142239,0.20832944155400596,-0.08691824199458173,0.6814804022670227,16
17.0,47.000000000000014,-20.333333333333343,10.550387596899224,86.87596899224805,8.527131782945736,8.79009674899345,8.015624061054025,20.135568775914923,-0.35592636189248517,-0.8214477317418715,0.09102939697317997,16
19.333333333333343,46.000000000000014,-14.0,13.35658914728682,86.41085271317829,11.89147286821705,9.722973379003667,10.355747851691625,47.43525028543956,0.08782694719962308,-1.5486639329249519,-0.12461340319104272,16
