RangeX,RangeY,RangeZ,MeanX,MeanY,MeanZ,VarX,VarY,VarZ,SkewX,SkewY,SkewZ,Label
5.0,7.333333333333329,27.99999999999997,1.4471544715447142,43.642276422764226,44.146341463414636,1.558860466653446,2.5441205631568486,56.13034569370081,1.141355537813773,0.1600770203833435,0.24001047659224914,16
8.666666666666671,9.666666666666657,24.99999999999997,4.699186991869918,33.796747967479675,24.78861788617886,7.061273051754911,115.66329565734675,161.12062925507303,-0.33462134348634504,-0.14686689119519866,0.3175523748834003,16
8.333333333333343,10.0,23.666666666666657,3.7560975609756104,37.00000000000001,27.284552845528452,6.005552250644457,83.40379403794039,213.15209200872502,0.09811867530074289,-0.3032691081735814,-0.05832004827047988,16
20.333333333333343,51.33333333333334,-4.333333333333371,13.585365853658537,89.1951219512195,11.211382113821136,7.359243836340802,2.2925507303853556,37.60843413312182,-0.050877646241200426,-0.45276454653814335,0.05161642999402918,16
18.333333333333343,53.33333333333334,-5.666666666666686,13.121951219512198,90.57723577235772,7.699186991869922,16.974287791658405,3.74538964901844,54.69812942031859,-0.49683811163652286,-1.0433430816370042,0.7947528713009407,16
