RangeX,RangeY,RangeZ,MeanX,MeanY,MeanZ,VarX,VarY,VarZ,SkewX,SkewY,SkewZ,Label
7.666666666666657,11.666666666666671,27.666666666666686,2.581560283687942,45.297872340425535,42.659574468085104,3.8083597404557077,4.199688144459537,55.718625823650726,0.57242670366893,0.9161655174396266,0.1154611769703654,16
9.666666666666671,9.666666666666671,44.666666666666686,4.985815602836881,37.446808510638306,31.30496453900709,6.642824807605253,142.2188018711332,279.4649162516976,-0.21445113426793194,-0.6464054773791765,0.5657394728065218,16
12.333333333333343,11.666666666666671,24.666666666666686,5.063829787234043,40.26241134751773,21.68794326241135,9.771339469845588,108.03279513102963,174.99009104169815,0.726719565864074,-0.5366439277007027,0.6883712274485648,16
18.333333333333343,56.000000000000014,-5.333333333333314,13.184397163120572,93.48936170212765,9.26950354609929,8.122026055027415,12.245158694230676,54.66968462350989,-0.47660437174017406,-1.7962009243264896,0.881262032023019,16
21.666666666666657,54.000000000000014,15.666666666666657,14.971631205673761,92.0141843971631,18.07092198581561,14.888084100397359,13.512801166943316,72.25974548563953,-1.3846892240334534,-2.6233438171878407,0.8846864224133237,16
