RangeX,RangeY,RangeZ,MeanX,MeanY,MeanZ,VarX,VarY,VarZ,SkewX,SkewY,SkewZ,Label
4.666666666666657,5.333333333333329,20.666666666666657,2.263157894736842,44.69590643274854,36.187134502923975,1.7494613727300672,1.3149345097636873,27.980575219725726,-0.005796562029151592,-0.9482816576628114,-0.15805882993634096,16
16.66666666666667,17.333333333333343,45.333333333333314,6.649122807017544,54.58479532163742,23.315789473684205,14.929516774392123,8.765226907424505,402.8710372422283,1.181236825762215,-1.5328337723824392,0.6722152243051125,16
8.666666666666657,17.666666666666657,12.666666666666657,5.15204678362573,55.81871345029239,10.532163742690058,3.208850586505248,0.8930611128210417,63.726548339660056,0.04950951400384898,0.5540740898297647,1.8706467728529177,16
17.33333333333333,51.66666666666666,25.666666666666657,5.2105263157894735,89.61988304093569,14.538011695906432,16.813378475428337,3.2570705516227223,157.3128825963544,1.260257068482009,-0.7481715766354451,1.4268801990225766,16
7.333333333333343,51.0,14.666666666666657,3.0877192982456134,89.00584795321637,13.304093567251464,3.3860675079511635,1.2494784720084788,70.72624055264865,0.30332104283117683,0.688198679772385,0.9900787197418875,16
