RangeX,RangeY,RangeZ,MeanX,MeanY,MeanZ,VarX,VarY,VarZ,SkewX,SkewY,SkewZ,Label
6.333333333333329,3.6666666666666714,20.333333333333343,3.3131313131313114,47.41414141414141,38.494949494949495,2.9154167942046674,0.7005407611468221,31.67758392000816,-0.06911733981799792,-0.32116661021171583,-0.5109789649421037,16
8.333333333333329,7.333333333333329,13.666666666666657,3.909090909090909,37.03030303030303,16.585858585858592,5.577594123048671,95.92837465564735,87.4210794816855,0.6689263180954383,0.3706221250544315,0.5822567414682127,16
10.333333333333314,9.000000000000014,19.666666666666657,4.323232323232323,39.09090909090909,17.7979797979798,9.686766656463636,79.30823385368844,172.96928884807664,0.5701092635553717,0.45755309096764896,0.9034335585488572,16
13.0,47.000000000000014,-3.0,8.525252525252526,89.52525252525253,10.717171717171713,12.28303234363841,1.9193959800020455,44.8560350984593,-0.6158708527086532,0.5090275054323643,0.07981044404383854,16
12.666666666666657,47.66666666666667,-3.6666666666666856,5.303030303030303,90.5050505050505,12.76767676767677,10.137128864401598,1.4216916641159094,41.700234669931675,0.48099324470985844,0.033059291936122386,-0.2054344169482094,16
