RangeX,RangeY,RangeZ,MeanX,MeanY,MeanZ,VarX,VarY,VarZ,SkewX,SkewY,SkewZ,Label
7.333333333333343,7.0,16.333333333333343,8.05,45.49166666666667,45.11666666666666,2.4697222222222233,2.9499305555555546,16.080833333333317,1.0052519104534585,-1.258529769967547,0.055564074208358724,16
8.333333333333329,13.666666666666671,27.00000000000003,7.4,43.425,24.991666666666664,6.756666666666663,93.81104166666667,331.2471527777778,0.7057259884759183,-0.7797254787272188,0.6801297678586067,16
3.333333333333343,15.666666666666671,2.842170943040401e-14,4.391666666666668,46.05,19.791666666666664,3.4938194444444504,91.38083333333336,78.09270833333338,-0.40827201911484023,-0.4976324148315984,0.3573516918343218,16
27.666666666666657,55.66666666666667,15.666666666666686,10.4,88.76666666666667,25.90833333333334,65.25666666666669,49.58999999999999,208.97215277777778,1.2972077966894577,-1.0621171859803618,-0.001955970158292876,16
40.66666666666667,61.999999999999986,39.33333333333334,28.625,90.63333333333335,39.28333333333334,61.33437499999999,38.6211111111111,377.46416666666664,-0.1857542111196837,0.3888082895144296,0.17409251227262157,16
