RangeX,RangeY,RangeZ,MeanX,MeanY,MeanZ,VarX,VarY,VarZ,SkewX,SkewY,SkewZ,Label
4.333333333333343,5.0,9.666666666666657,1.433333333333334,48.13333333333333,32.641666666666666,1.3511111111111067,1.187777777777776,5.974374999999993,0.9793797298427891,0.3807555429256156,-0.24418426228348608,16
9.0,9.666666666666657,17.666666666666657,4.508333333333334,43.916666666666664,18.90833333333333,9.011041666666666,98.89861111111108,173.88881944444444,0.09734998643342206,-0.19490627033473298,0.4055518689999664,16
6.0,11.666666666666657,15.666666666666657,2.458333333333335,46.725,21.708333333333332,2.237152777777772,97.33826388888887,178.72326388888897,0.17456395938389913,-0.6206652019586936,0.0033588259777753544,16
11.333333333333329,49.0,-6.0,5.433333333333334,92.33333333333333,6.416666666666669,10.367777777777778,1.5388888888888848,28.109722222222246,0.028117899593262417,0.5150980020074899,1.2140281379748707,16
23.0,48.0,6.666666666666686,11.55,90.21666666666667,15.51666666666667,30.058611111111126,5.347500000000002,92.72194444444443,0.2945227314544331,-0.4825788224772097,0.24760608232098352,16
