RangeX,RangeY,RangeZ,MeanX,MeanY,MeanZ,VarX,VarY,VarZ,SkewX,SkewY,SkewZ,Label
4.0,5.333333333333329,16.0,1.7733333333333348,48.24666666666668,36.14,1.0330666666666626,1.176933333333334,19.7515111111111,0.10164072696558812,0.14908770088970147,-0.037448511688896124,16
8.0,6.666666666666657,11.666666666666657,3.8266666666666675,44.28,14.379999999999997,4.898844444444446,84.14826666666666,117.22671111111107,0.019266571293155507,-0.9481505272511427,0.6386923817048806,16
8.666666666666657,6.333333333333343,33.0,3.6399999999999992,44.01333333333334,15.433333333333337,5.061511111111112,79.47537777777781,205.03222222222215,0.5149776913224925,-0.974815076922005,1.426803269695693,16
17.0,50.33333333333334,1.0,4.9,92.17333333333332,14.426666666666666,20.716666666666686,6.578844444444452,52.27573333333333,0.9901091935492307,-0.9688828691991701,-0.05003678314910827,16
9.333333333333343,51.0,-15.0,3.5466666666666673,94.58000000000001,5.779999999999998,5.838933333333339,2.105822222222225,10.864933333333331,0.18690571924287955,-2.104274103531567,0.6081391391358769,16
