RangeX,RangeY,RangeZ,MeanX,MeanY,MeanZ,VarX,VarY,VarZ,SkewX,SkewY,SkewZ,Label
4.0,3.6666666666666714,18.0,1.4166666666666672,49.0,33.65277777777778,1.173611111111109,0.9074074074074092,23.129436728395053,0.5662266727355525,0.23566519391208685,-0.7340531581178069,16
9.666666666666671,8.333333333333329,13.333333333333314,5.638888888888888,44.75,16.597222222222225,5.337191358024694,103.06249999999999,103.71739969135801,-0.06104890008876183,-0.4402847026868251,0.28392764171987966,16
11.0,9.666666666666671,36.0,4.7569444444444455,47.118055555555564,26.243055555555557,9.202498070987652,89.74763695987656,228.5543499228395,0.16710996809384426,-0.7424777980672155,0.42954750417587406,16
14.333333333333343,47.66666666666667,-1.0,8.145833333333334,92.66666666666667,9.32638888888889,10.828269675925922,2.523148148148146,39.42356288580245,-0.2649835331176216,-0.46898413961907753,0.09256587431356834,16
13.0,48.33333333333333,9.333333333333343,8.006944444444443,92.79861111111113,14.506944444444448,8.909673996913584,1.6284239969135779,51.564766589506156,-0.3721743067275572,0.2661005106196273,0.03207037649628666,16
