RangeX,RangeY,RangeZ,MeanX,MeanY,MeanZ,VarX,VarY,VarZ,SkewX,SkewY,SkewZ,Label
3.333333333333343,4.666666666666657,19.0,1.2195121951219512,48.34959349593496,34.47154471544715,0.6916517945667265,0.8073236829929276,20.53645316940973,0.8434463460410502,-0.1489405261354683,-0.16916699153737197,16
10.333333333333329,8.999999999999986,14.333333333333314,5.365853658536586,39.50406504065041,16.300813008130078,4.985392292947319,131.7296582721925,116.00436248264924,0.10854504623898464,0.11150550974023474,0.2911657788079353,16
7.666666666666657,9.666666666666671,22.333333333333314,3.1869918699186988,42.65853658536585,20.975609756097565,3.105955449798403,96.72893119175092,185.26498777182894,0.37840487922609056,-0.12732260057566047,0.38556168307463196,16
12.333333333333343,48.33333333333333,-0.6666666666666572,7.455284552845529,91.39024390243902,10.073170731707314,13.08268887566925,2.2975741952541466,44.3333994315553,-0.6698217478750462,-0.07196574963550928,0.4639558539568535,16
11.666666666666657,47.66666666666667,3.0,7.10569105691057,91.32520325203252,12.54471544715447,6.853328045475572,1.124595148390507,42.193799986780355,-0.1459057034501151,-0.2686210717691607,-0.008228327310151374,16
