RangeX,RangeY,RangeZ,MeanX,MeanY,MeanZ,VarX,VarY,VarZ,SkewX,SkewY,SkewZ,Label
12.333333333333329,9.333333333333329,14.0,5.58,48.35333333333333,41.82666666666667,9.33248888888889,3.477377777777779,11.183288888888885,0.7354832548755728,0.6021544953656512,-0.10965579657092023,16
10.0,10.999999999999986,48.66666666666666,6.6466666666666665,39.406666666666666,33.18,5.006266666666669,190.70351111111103,674.2853777777779,-0.46935293492372104,-0.5871312877912581,0.5707831287533518,16
13.0,9.333333333333329,36.33333333333334,7.426666666666665,36.04,26.286666666666665,14.297955555555554,159.3095111111111,405.9911555555556,-0.19200339236300126,-0.09890153676415044,0.7881975411209983,16
14.666666666666671,47.66666666666667,-15.0,10.626666666666667,86.38000000000002,9.213333333333333,9.016177777777779,7.093377777777774,28.403377777777777,-0.8700068618102035,-0.1372233559716628,0.33714771567502116,16
17.666666666666657,51.999999999999986,-5.666666666666657,11.653333333333334,87.75333333333332,14.246666666666664,10.759822222222219,11.292488888888897,54.128044444444456,0.4275769541239061,0.5722988096791841,0.20223366101571302,16
