RangeX,RangeY,RangeZ,MeanX,MeanY,MeanZ,VarX,VarY,VarZ,SkewX,SkewY,SkewZ,Label
5.0,4.333333333333343,6.333333333333343,2.1458333333333317,47.458333333333336,31.055555555555557,1.7588252314814847,1.0584490740740755,2.663580246913585,0.39818859047903604,0.2331677276754489,-0.31267464441342635,16
11.0,10.333333333333329,15.333333333333343,5.215277777777778,43.520833333333336,19.520833333333332,7.946711033950614,112.86067708333333,145.75419560185182,0.08895763860719008,-0.31447684947381205,0.14476066231652407,16
10.333333333333343,11.000000000000014,19.333333333333343,3.9999999999999987,45.194444444444436,20.36111111111111,5.870370370370377,130.3649691358025,193.05015432098762,0.8677770102890735,-0.6238892064310394,0.4416642301249071,16
12.666666666666671,48.66666666666667,-8.999999999999972,7.0,91.22222222222224,8.618055555555555,17.768518518518537,1.8765432098765384,17.004581404321016,-0.46809863726015827,0.5128117950876636,0.4522268629429957,16
14.666666666666657,49.33333333333333,-1.6666666666666572,8.194444444444445,90.52777777777779,11.5,12.494598765432093,3.985339506172837,39.574074074074055,-0.18965274632652773,0.41659720533444466,0.21480762291891367,16
