RangeX,RangeY,RangeZ,MeanX,MeanY,MeanZ,VarX,VarY,VarZ,SkewX,SkewY,SkewZ,Label
6.666666666666657,3.666666666666657,13.333333333333314,2.972222222222223,47.11111111111111,33.611111111111114,3.8233024691357977,0.9938271604938258,14.92901234567901,0.2882699080663409,-0.8404170808279153,-0.5619157410111394,16
8.333333333333329,8.666666666666671,33.0,5.4074074074074066,43.11111111111111,28.175925925925927,2.7043895747599422,41.13580246913581,150.85485253772293,0.06649705734804348,0.09984421358654888,0.9627613480552272,16
8.0,7.999999999999986,30.666666666666657,3.5740740740740744,42.08333333333334,29.95370370370371,6.003772290809325,46.84799382716051,246.13674554183808,0.10768592590859985,0.3497880029128897,0.11378045566879819,16
17.333333333333343,44.33333333333333,13.333333333333343,10.648148148148149,85.83333333333333,18.99074074074074,16.166323731138554,4.515432098765428,89.74374142661183,-0.06930953700145316,-0.6944782650378958,0.09310168535152773,16
14.0,43.999999999999986,6.999999999999972,10.768518518518517,85.16666666666669,18.416666666666664,5.097650891632373,4.601851851851855,88.25540123456793,-0.7544362638514269,-2.1750940645462347,-0.49338171745847587,16
