RangeX,RangeY,RangeZ,MeanX,MeanY,MeanZ,VarX,VarY,VarZ,SkewX,SkewY,SkewZ,Label
5.0,3.6666666666666714,17.0,2.131944444444444,48.01388888888889,34.32638888888889,1.707127700617279,0.8840663580246929,16.682822145061728,0.1965839393184349,0.096777120143494,0.4520155373252776,16
10.0,6.666666666666657,20.666666666666657,4.729166666666667,43.451388888888886,17.20138888888889,7.729890046296297,76.5254147376543,184.96175733024688,0.10650084894022062,-0.7894833641554239,0.8112940289084959,16
6.333333333333343,6.666666666666657,26.333333333333343,3.1250000000000004,44.90972222222223,17.708333333333332,2.2528935185185186,72.22101658950614,264.53067129629625,0.30269950890364966,-1.1680673679121851,0.9935504475370996,16
25.333333333333343,48.33333333333334,19.666666666666686,8.875,87.40277777777777,23.840277777777782,60.373263888888914,38.99517746913583,148.82402584876547,0.6552975682975131,-0.6615863487873602,-0.1413521590567588,16
11.0,50.66666666666666,-5.333333333333314,3.368055555555557,93.7986111111111,10.340277777777777,8.862220293209868,1.1469425154320965,34.68745177469133,1.232835119496158,0.5111114486179269,0.16586079254864305,16
