RangeX,RangeY,RangeZ,MeanX,MeanY,MeanZ,VarX,VarY,VarZ,SkewX,SkewY,SkewZ,Label
4.333333333333343,4.666666666666657,18.0,2.008130081300813,43.869918699187,33.9349593495935,1.1679555819948437,1.3922929473197199,32.36433339943155,0.09408529004235609,0.2506876235770562,-0.2954414937902627,16
12.333333333333329,15.666666666666671,48.333333333333314,6.674796747967479,52.617886178861795,30.089430894308943,9.498578888227907,12.702227510079974,411.65866878180987,0.5255242850534321,-0.861660955762789,0.289096026668427,16
8.666666666666657,14.333333333333329,20.0,4.991869918699187,54.3739837398374,14.878048780487807,4.078524687685898,0.9333068940445514,111.23445039328445,0.25215031736829413,-0.43388492558416375,1.0362777635827125,16
10.0,49.999999999999986,28.0,4.951219512195122,88.88617886178861,14.569105691056908,5.509815585960737,1.455879436843154,215.57313768259647,0.2999725392638871,0.4185665743483768,1.4029064413251573,16
7.0,47.66666666666667,17.666666666666657,2.8536585365853666,87.84552845528455,14.439024390243903,3.322757617820079,0.6238350188379973,111.76389715116662,0.3532210053120448,-0.19963883579542582,1.0086317378313854,16
