RangeX,RangeY,RangeZ,MeanX,MeanY,MeanZ,VarX,VarY,VarZ,SkewX,SkewY,SkewZ,Label
5.0,5.666666666666671,12.0,2.0851063829787244,48.48936170212766,34.58156028368794,1.732709622252404,1.8810925003772423,12.460842009959244,0.36133211956773,0.6517470192513475,-0.21841821875644848,16
9.333333333333329,5.666666666666671,19.0,5.234042553191488,43.92198581560283,19.82978723404255,7.659172073839342,114.37925657663095,174.61878175142095,-0.5524239348656912,-1.4520054818739212,0.2931516058072194,16
9.666666666666657,6.333333333333329,26.666666666666657,3.7659574468085117,44.98581560283688,18.801418439716315,6.987777274784972,79.4607917106785,186.1260499974851,0.47581290630149375,-1.4798461210505531,0.9349920517368517,16
31.333333333333343,50.66666666666667,26.99999999999997,11.39007092198582,87.21985815602838,22.28368794326241,83.63271465218048,51.1407876867361,186.24103415321161,0.7206143115863736,-0.5707705451889364,0.5665524117749364,16
32.66666666666667,50.66666666666667,-1.6666666666666856,8.48936170212766,92.29078014184395,8.404255319148936,83.98983954529453,22.12584880036216,53.86258236507217,1.5046810182415487,-1.3998060417012734,0.8035333030231815,16
