RangeX,RangeY,RangeZ,MeanX,MeanY,MeanZ,VarX,VarY,VarZ,SkewX,SkewY,SkewZ,Label
2.666666666666657,3.6666666666666714,19.666666666666686,1.2792792792792802,42.765765765765764,39.57657657657658,0.7358168979790608,0.7199090982874778,28.928820712604487,-0.13423165074340485,0.4329872279023698,-1.17015563815304,16
14.666666666666671,14.333333333333329,38.33333333333334,8.90990990990991,49.3963963963964,22.252252252252255,5.036928820712602,20.755782809836862,464.12255498741985,0.6397432082801622,-0.8708990690647287,0.6037631043622814,16
7.0,15.000000000000014,19.666666666666686,3.189189189189191,53.153153153153156,10.117117117117118,3.7269702134566987,3.991559126694268,123.31661391120859,0.0777760563512325,-0.43690704762962124,1.8661418359495272,16
18.0,48.66666666666667,22.333333333333343,7.3873873873873865,86.93693693693693,19.495495495495494,27.78086194302411,2.1792062332602837,210.74247220193158,0.512260705397793,-0.3406852468329786,0.3004652511115489,16
10.0,47.33333333333333,16.666666666666686,5.387387387387388,86.25225225225226,15.945945945945946,9.40248356464574,1.8642967291615877,80.30338446554664,-0.09996929332273713,0.16538130680981714,0.5757009637437939,16
