RangeX,RangeY,RangeZ,MeanX,MeanY,MeanZ,VarX,VarY,VarZ,SkewX,SkewY,SkewZ,Label
4.333333333333343,4.666666666666657,25.0,1.7962962962962976,45.59259259259259,21.77777777777778,1.4955418381344336,1.4266117969821652,46.64814814814817,0.6944658040464976,-0.9632966839202146,0.09132769119257222,16
12.666666666666671,9.666666666666671,55.666666666666686,4.657407407407408,42.51851851851851,26.52777777777778,8.033864883401918,126.55212620027436,274.67515432098764,0.9558258376031998,-1.372912973509219,0.35662694773392717,16
7.333333333333343,10.333333333333329,45.0,3.685185185185185,43.074074074074076,20.018518518518515,3.2897805212619975,172.84019204389577,249.23422496570655,-0.14615111334126651,-1.4367376275611823,0.6898141974619815,16
13.333333333333343,47.33333333333333,24.666666666666657,8.194444444444445,87.28703703703704,14.15740740740741,15.687500000000009,2.6305727023319694,47.29312414266115,-0.5867587365844602,-0.9268647565840595,0.5281517201425728,16
12.666666666666657,47.66666666666667,16.333333333333343,7.462962962962964,87.14814814814812,13.231481481481483,7.798010973936903,3.4657064471879235,53.77666323731142,-0.42954255336477803,-1.1475142578680955,0.04367595494394832,16
