RangeX,RangeY,RangeZ,MeanX,MeanY,MeanZ,VarX,VarY,VarZ,SkewX,SkewY,SkewZ,Label
3.0,5.0,17.0,1.4691358024691366,44.07407407407407,24.67901234567901,0.7675659198292943,1.67352537722908,24.89285169943608,0.7408892872826228,-0.5369282741434854,-0.46506741536623075,16
8.999999999999986,12.0,42.33333333333334,4.518518518518518,39.76543209876542,22.82716049382716,5.673525377229083,149.41411370217952,267.7479042828837,-0.23584047379197243,-0.7485184326633508,0.6234108340642609,16
7.333333333333314,12.666666666666657,32.33333333333334,3.777777777777779,44.76543209876544,21.123456790123456,3.1111111111111063,70.73921658283797,189.8036884621246,0.9724085978874965,-1.890040641733097,0.2839437876611103,16
11.333333333333314,47.33333333333334,14.666666666666686,6.172839506172839,84.69135802469137,15.111111111111116,11.361073007163538,3.5220240816948687,80.18930041152255,-0.24094417345936692,-0.5570560642498268,-0.03532878388364789,16
11.333333333333314,47.0,29.333333333333343,7.913580246913581,85.38271604938272,16.037037037037038,8.877305288827916,2.0716354214296633,114.98216735253767,-0.7114826148451291,-0.26950693718550434,0.6621288710989949,16
