RangeX,RangeY,RangeZ,MeanX,MeanY,MeanZ,VarX,VarY,VarZ,SkewX,SkewY,SkewZ,Label
5.0,6.333333333333329,16.666666666666686,1.8012820512820515,50.320512820512825,40.61538461538461,1.7276051939513464,2.0169296515450346,20.37343852728469,0.9573129473448071,-0.7999429408452432,0.5786245142899632,16
9.0,8.666666666666671,28.0,5.365384615384615,40.166666666666664,22.551282051282048,4.7874342537804075,147.71153846153842,337.8114727153188,-0.8387453574830579,-0.597023978437134,0.5436706843785528,16
9.333333333333343,8.666666666666671,33.33333333333334,4.891025641025643,39.10897435897435,27.108974358974358,5.5671844181459615,187.37487672583828,495.5885519395134,-0.43550668066230985,-0.6238552753439756,0.39448108245803404,16
13.0,48.33333333333333,4.666666666666686,9.666666666666666,91.50641025641023,13.532051282051283,4.3717948717948705,3.16021531886916,105.71051117685737,-0.7456845853492491,-0.1671084434833914,0.2418643018421674,16
15.0,49.33333333333333,-3.333333333333343,11.083333333333332,91.53846153846153,13.339743589743593,6.153311965811966,5.094674556213016,74.80978796844182,-0.7354793472697517,-0.24613707285514783,0.2324523411414523,16
