RangeX,RangeY,RangeZ,MeanX,MeanY,MeanZ,VarX,VarY,VarZ,SkewX,SkewY,SkewZ,Label
5.333333333333343,8.333333333333336,16.0,1.993827160493828,52.04938271604938,40.407407407407405,1.6151882335009897,3.4049687547629928,16.496570644718798,0.7499783705671014,-0.7520900895579985,0.653319930576266,16
10.666666666666671,9.333333333333329,32.66666666666666,5.061728395061729,38.15432098765432,28.8641975308642,9.597012650510594,170.09346898338666,393.2901996646852,0.034291988403326604,-0.14308264528835193,0.37274517433595217,16
12.0,10.666666666666671,40.66666666666666,6.061728395061729,41.96913580246913,26.21604938271605,6.267794543514713,171.93526139308028,476.11587410455724,-0.1766124474390488,-1.0275761690544103,0.7216659104266061,16
27.333333333333343,51.33333333333333,7.333333333333314,12.382716049382715,95.34567901234568,10.919753086419755,24.17040085352843,2.695320835238527,88.18080323121474,1.0613838856100055,-0.1161789431629874,1.580127793126935,16
22.666666666666657,52.66666666666667,18.0,10.555555555555554,95.24691358024691,16.191358024691358,15.839506172839505,4.457552202408173,92.20412284712694,0.6565444198261493,-0.14926221374015,1.0440712828261218,16
