RangeX,RangeY,RangeZ,MeanX,MeanY,MeanZ,VarX,VarY,VarZ,SkewX,SkewY,SkewZ,Label
10.0,7.333333333333329,26.333333333333343,4.6842105263157885,47.780701754385966,44.21052631578948,6.081563558017855,3.0308556478916597,33.8738073253309,0.17608945514669266,-0.14118808685906659,1.7801964112708277,16
12.666666666666671,11.666666666666657,39.33333333333334,6.254385964912281,38.19298245614035,29.087719298245613,8.99669128962758,198.47737765466297,657.6765158510312,0.09035741219101973,-0.6404619919360524,0.6083127308469997,16
15.333333333333343,10.666666666666657,39.33333333333334,7.149122807017543,36.20175438596492,28.7719298245614,16.156124961526622,145.87449984610646,480.23453370267777,0.25776068737706864,0.03501574186122235,0.5652281908968104,16
13.666666666666671,47.0,-14.666666666666657,8.999999999999998,86.61403508771929,8.736842105263161,8.95906432748538,6.137580794090491,28.445367805478597,-0.6400560585773121,-0.5096937092137023,0.6831714395364924,16
18.666666666666657,47.0,-13.666666666666657,14.333333333333332,86.21929824561403,11.92105263157895,6.532163742690063,10.808633425669461,42.20136965220069,-0.31665527418513356,-1.1953638225478809,-0.42031434090620623,16
