RangeX,RangeY,RangeZ,MeanX,MeanY,MeanZ,VarX,VarY,VarZ,SkewX,SkewY,SkewZ,Label
5.666666666666657,5.333333333333329,14.333333333333314,3.162393162393163,46.15384615384615,32.153846153846146,2.2385857257652084,1.372342756958141,16.28972167433705,-0.12416235926663505,-0.332450007040155,0.22341758503377468,16
8.333333333333329,10.666666666666657,33.333333333333314,6.564102564102566,44.820512820512825,24.41880341880342,2.4909051062897234,41.9421433267587,198.7391336109284,-0.7454270152704758,-0.22802087189883619,0.9498803016193362,16
8.333333333333314,10.666666666666657,28.0,4.512820512820512,43.46153846153846,25.41880341880342,5.303966688582075,46.46504492658336,177.04682591862078,0.31918544259731446,-0.08227336558441689,0.39290496667058655,16
15.0,44.0,4.333333333333343,11.042735042735044,83.96581196581198,15.64102564102564,10.149170867119588,3.4518226313098044,83.27854481700635,-0.6463258147598726,-0.44559915330403077,0.024462946070849784,16
13.333333333333314,44.0,8.333333333333343,11.085470085470087,83.99145299145299,20.222222222222218,6.300387172182032,2.4130323617503078,97.91642924976253,-1.6134379337485265,-0.0004680626801616922,-0.43639856981687886,16
