RangeX,RangeY,RangeZ,MeanX,MeanY,MeanZ,VarX,VarY,VarZ,SkewX,SkewY,SkewZ,Label
3.3333333333333144,4.666666666666671,17.666666666666657,2.0606060606060597,45.535353535353536,22.585858585858592,0.5889194980104012,1.292521171309052,22.774614835220888,-0.40131799761320247,-1.1100009458633713,0.4230259765988012,16
10.666666666666657,10.333333333333329,46.0,4.6767676767676765,41.94949494949495,28.292929292929294,7.168248137945111,144.82236506478935,324.03203754718913,0.18382737627364099,-1.4096413332740343,0.23618741104181715,16
9.666666666666657,10.666666666666671,43.66666666666666,3.606060606060607,42.06060606060607,22.484848484848484,6.272421181512083,201.3767982858892,298.4315886134068,0.6534560316628645,-1.2927524385497253,0.48997519249161287,16
11.666666666666657,48.000000000000014,11.999999999999972,6.767676767676767,87.67676767676768,11.838383838383836,13.161514131211108,2.5689215386185067,42.829099071523316,-0.3288498068275965,-0.31956388690380694,0.33014459352962017,16
13.0,48.33333333333333,16.333333333333314,9.252525252525254,87.89898989898991,11.474747474747476,3.609631670237735,3.5184164881134574,86.39077645138254,-0.02092313071056971,-0.9583050291435958,0.8136787491968751,16
