RangeX,RangeY,RangeZ,MeanX,MeanY,MeanZ,VarX,VarY,VarZ,SkewX,SkewY,SkewZ,Label
22.66666666666667,7.333333333333329,7.0,11.026666666666666,46.46666666666666,41.17333333333333,51.30595555555556,5.911111111111108,3.921066666666668,0.43960247891820997,-0.9182337460208667,-0.3042977414368205,17
33.66666666666666,13.666666666666671,-25.333333333333343,17.520000000000003,50.41333333333333,6.120000000000004,104.31182222222222,14.313600000000001,8.745599999999994,0.4347032410712646,-0.49629248381859487,0.013784871791035326,17
29.33333333333333,11.999999999999986,74.99999999999999,17.573333333333334,34.026666666666664,45.47999999999999,60.217955555555505,283.2704,1325.7695999999999,-0.08659258760682483,-0.34012038594148797,0.7393577305141004,17
23.33333333333333,48.999999999999986,4.333333333333314,18.48,88.06666666666668,17.706666666666663,12.16071111111111,1.555555555555554,177.18506666666661,-0.0667554643407179,-0.1062936139263413,0.2978865924674371,17
11.333333333333329,47.999999999999986,-9.0,5.693333333333335,86.33333333333334,15.613333333333335,13.945955555555566,7.466666666666674,68.95715555555556,0.35327030870038895,-0.7083988922385408,0.023836950256647258,17
