RangeX,RangeY,RangeZ,MeanX,MeanY,MeanZ,VarX,VarY,VarZ,SkewX,SkewY,SkewZ,Label
21.33333333333333,6.333333333333343,5.333333333333314,9.302083333333332,47.572916666666664,38.552083333333336,38.02332899305556,2.9946831597222214,2.6708984374999964,0.7994261866649501,-1.199447195838662,0.5227685530405074,17
30.66666666666667,12.000000000000014,-20.333333333333343,15.34375,51.76041666666667,6.927083333333333,78.97558593750001,6.959960937499998,15.039822048611123,0.5997094666752313,-0.4676494160419583,0.15711950502890454,17
31.66666666666667,12.333333333333329,73.66666666666666,14.302083333333332,38.697916666666664,41.21875,85.4677734375,212.33582899305551,932.9903428819443,0.7783555035762377,-0.6143203423230967,1.0736203721908582,17
21.333333333333343,46.66666666666667,0.6666666666666572,16.09375,88.53125,15.614583333333332,13.022460937500009,1.0059678819444466,156.67437065972223,0.24929048623918537,-0.26815126382428306,0.5272172955651684,17
13.000000000000014,47.000000000000014,-8.666666666666686,7.979166666666665,86.96875,16.666666666666664,24.86067708333333,4.356662326388896,52.44444444444444,-0.2208763656156809,-0.6442949886874272,-0.5170735491170545,17
