RangeX,RangeY,RangeZ,MeanX,MeanY,MeanZ,VarX,VarY,VarZ,SkewX,SkewY,SkewZ,Label
22.0,12.333333333333329,42.0,8.287878787878787,46.23484848484849,25.106060606060613,37.29086317722681,9.427169421487601,72.07966023875113,1.10581458545109,-1.8288824312115532,0.8297068873191165,17
19.999999999999986,20.33333333333333,19.666666666666657,11.0,51.67424242424242,11.621212121212123,24.459595959595962,19.608528466483005,37.33631772268137,0.3982155452161641,-1.2261381096154496,0.7700489711191566,17
38.0,20.66666666666667,101.99999999999999,12.863636363636363,36.41666666666667,51.931818181818194,136.52180899908174,357.4299242424243,1653.1847451790636,1.267007804957343,-0.35159491886725314,0.2556789434133922,17
14.333333333333314,52.33333333333333,58.0,8.295454545454545,86.72727272727272,28.83333333333333,16.879878328741974,5.168044077134983,358.0984848484849,-0.7320393308250612,-1.5831386535573615,0.7771316973311855,17
12.333333333333314,53.33333333333333,55.66666666666666,9.143939393939393,86.90151515151516,35.49242424242424,7.340392561983481,3.1089876033057866,354.62873048668513,-0.5322955440906324,-1.0669720535618423,-0.22413551791904812,17
