RangeX,RangeY,RangeZ,MeanX,MeanY,MeanZ,VarX,VarY,VarZ,SkewX,SkewY,SkewZ,Label
14.0,5.666666666666664,19.666666666666686,7.3111111111111065,52.28888888888888,33.718518518518515,9.434074074074088,1.6572839506172827,20.108422496570654,0.502040184675128,-1.2527543073268455,0.3577686005791094,17
15.0,10.333333333333329,-8.333333333333314,9.474074074074075,55.2148148148148,6.718518518518514,11.11846364883402,3.911879286694107,14.720768175582995,0.15450974246439708,-0.38402387216668504,0.582521819917387,17
41.0,8.999999999999986,93.00000000000001,18.185185185185183,35.04444444444445,37.170370370370364,162.53113854595333,382.9313580246913,944.8820850480108,0.3569519872695769,-0.26687310360614463,0.9323419632583152,17
11.666666666666671,51.33333333333333,4.666666666666686,8.385185185185184,95.11851851851851,10.214814814814817,9.204718792866947,5.506941015089162,69.69459533607679,-0.6468154007453948,0.6698060746486157,0.9060137143458737,17
11.0,48.66666666666667,19.666666666666686,7.429629629629633,94.6962962962963,25.548148148148154,5.909245541838119,0.9225788751714701,93.79336076817556,-0.6723265608426714,-0.19473993191910696,-0.13937585536107594,17
