RangeX,RangeY,RangeZ,MeanX,MeanY,MeanZ,VarX,VarY,VarZ,SkewX,SkewY,SkewZ,Label
18.333333333333343,9.0,30.0,6.1388888888888875,48.03703703703704,37.47222222222223,35.42206790123454,7.307270233196164,61.93441358024696,0.7695738745973327,0.513792482065133,-0.3774835444093225,17
16.333333333333343,9.0,18.999999999999986,7.796296296296295,46.50925925925926,25.333333333333332,19.180727023319605,17.70670438957476,80.41975308641975,0.3176375958266158,-0.20501713895323118,-0.5234814035408945,17
30.666666666666657,10.666666666666657,90.0,12.49074074074074,34.555555555555564,48.92592592592593,98.08942043895746,350.141975308642,1387.5068587105625,0.5308781667330102,-0.3260319956250754,0.2521442693207833,17
13.666666666666657,77.66666666666669,47.333333333333314,7.546296296296297,105.97222222222223,27.351851851851855,17.821930727023314,115.61959876543207,491.43792866941,-0.49910529511336615,-0.007053738814904538,0.44401617404368743,17
18.666666666666657,52.0,50.66666666666666,9.796296296296296,92.17592592592592,30.16666666666667,40.90294924554182,4.558556241426612,449.8117283950618,-0.18605850839842927,-0.4284018505411618,0.7576425862688478,17
