RangeX,RangeY,RangeZ,MeanX,MeanY,MeanZ,VarX,VarY,VarZ,SkewX,SkewY,SkewZ,Label
20.333333333333314,14.0,20.666666666666657,6.2269503546099285,46.98581560283687,36.815602836879435,34.39293798098687,14.713746793420858,33.0771087973442,1.1440228702135717,0.7807731384699895,-0.3219598547034738,17
24.0,6.666666666666671,41.66666666666666,6.801418439716314,43.80141843971632,29.43971631205674,46.2347970424023,15.109501534128064,166.79955736632965,1.2620714428756952,-0.9600206514515272,0.13792916239848177,17
34.0,11.666666666666671,83.0,10.347517730496454,36.340425531914896,38.070921985815595,134.22202102509928,295.5295005281424,939.0918967858759,0.7761198563558437,-0.7437637281916858,1.0275670920250195,17
13.666666666666657,77.33333333333336,33.999999999999986,8.262411347517732,102.8936170212766,22.460992907801412,14.642724209043807,94.37402545143605,323.03807655550526,-0.42712059628442073,0.38299676148271206,0.6167332392151085,17
17.0,54.66666666666667,46.333333333333314,9.900709219858154,92.9787234042553,24.99290780141844,33.42276545445398,3.6945827674664247,413.3072783059201,-0.4935629481867351,-0.8959098572571838,1.0796184795140922,17
