RangeX,RangeY,RangeZ,MeanX,MeanY,MeanZ,VarX,VarY,VarZ,SkewX,SkewY,SkewZ,Label
17.0,18.66666666666667,29.333333333333343,6.957446808510638,50.59574468085108,31.730496453900713,26.63175896584678,21.143906242140744,75.86117398521203,0.7601599115538391,1.174477858678869,-1.1679032705245729,17
15.666666666666657,13.000000000000014,19.666666666666657,6.0709219858156045,53.049645390070914,17.687943262411345,8.874402696041445,3.4041547205875022,52.50309340576428,1.1010237603170845,0.39138465209054757,-0.009051465526967683,17
48.33333333333333,10.666666666666671,93.66666666666666,14.673758865248226,40.829787234042556,28.503546099290777,141.7659071475278,270.8031789145416,621.8102711131231,1.037309079970537,-1.1039449274381474,1.1576598847551323,17
10.999999999999986,75.66666666666667,43.66666666666666,4.198581560283687,103.36170212765957,31.42553191489361,7.601227302449566,96.11267038881344,192.3862984759318,0.45895447185012056,0.27937261438438993,-0.32701479945273887,17
11.333333333333314,53.33333333333333,96.66666666666666,5.141843971631208,92.49645390070921,31.453900709219862,11.374679342085415,14.99230421004979,1265.2691514511343,0.3307994568085707,-1.8566182259461894,1.0588311774457946,17
