RangeX,RangeY,RangeZ,MeanX,MeanY,MeanZ,VarX,VarY,VarZ,SkewX,SkewY,SkewZ,Label
8.666666666666657,2.3333333333333286,28.666666666666686,3.7962962962962985,49.01851851851852,29.175925925925924,6.396776406035668,0.37002743484224915,49.058556241426636,0.35482849656313886,0.38399534370286525,1.0342786739780598,17
8.999999999999986,8.333333333333343,-3.666666666666657,6.055555555555555,54.94444444444444,6.231481481481482,3.570987654320992,0.9845679012345732,13.171724965706439,-0.14310757011397,-0.3057469448542533,-0.13760695817010904,17
36.66666666666666,9.0,96.00000000000001,18.77777777777778,34.43518518518519,52.09259259259259,122.19753086419753,352.653206447188,1165.4729080932786,0.028894963683508964,-0.3452398547417596,0.3841873684152303,17
11.333333333333329,45.66666666666666,24.333333333333343,7.092592592592592,92.08333333333334,15.13888888888889,11.516117969821686,1.0393518518518559,168.84182098765436,-0.6497661723884278,-0.6681241654937945,0.8227556869739895,17
10.333333333333314,46.0,23.0,7.4629629629629655,92.78703703703704,18.62037037037037,6.909122085048009,0.7848936899862777,136.8713134430726,-0.8709228505327988,-0.5151543736070769,0.388101821884483,17
