RangeX,RangeY,RangeZ,MeanX,MeanY,MeanZ,VarX,VarY,VarZ,SkewX,SkewY,SkewZ,Label
29.0,10.333333333333343,33.33333333333334,7.565217391304348,44.14492753623188,28.311594202898558,82.21193026675068,7.616677168662047,63.021266540642756,1.2767414192775874,-1.5829300249418012,-0.568477129669256,17
27.66666666666667,23.33333333333333,20.666666666666686,9.543478260869565,54.21014492753623,12.326086956521737,80.13699852972067,16.310911573198897,40.466131064902335,0.9035491054943945,-0.45061980653417566,0.4046314530534276,17
45.66666666666666,21.66666666666667,101.33333333333334,15.68840579710145,37.630434782608695,48.03623188405797,131.60097668557026,330.6387838689351,1141.4165616467128,1.0145610234496265,-0.6233238162240453,0.1902201174058891,17
11.333333333333329,59.000000000000014,29.0,4.050724637681159,89.03623188405797,16.492753623188406,7.937040537702167,6.440716236084858,119.70888468809076,0.8395726550137972,0.972326398211478,0.5091847434653041,17
22.333333333333343,54.66666666666667,30.333333333333343,6.362318840579709,87.10144927536233,15.253623188405797,41.04746901911363,11.250577609745847,95.23277672757823,1.2222188615470544,-1.2162465488287681,0.8150996458702618,17
