RangeX,RangeY,RangeZ,MeanX,MeanY,MeanZ,VarX,VarY,VarZ,SkewX,SkewY,SkewZ,Label
19.333333333333343,6.666666666666671,22.333333333333343,6.914728682170541,51.922480620155035,32.19379844961241,30.02632053362179,2.908719427918994,24.311279370230157,0.9961818944604607,-1.2935327292937242,-0.4016510825395577,17
16.333333333333343,11.333333333333329,-4.666666666666657,10.589147286821705,54.472868217054256,7.139534883720933,12.61414578450814,12.66270055886063,15.262183762995019,0.474918908958344,-1.1344326129403126,0.0015807294595600715,17
40.000000000000014,10.000000000000014,99.33333333333334,19.131782945736436,33.1937984496124,32.30232558139535,175.14283997355923,368.04771347875726,971.3530436872786,0.29977873827112683,-0.13609121389215598,1.0713523879934082,17
14.666666666666686,51.66666666666667,20.0,9.341085271317828,95.38759689922479,16.829457364341085,14.064539390661615,2.7024818220058853,129.57815035154132,-0.42220146565266037,0.5211469645223563,0.5283110246780892,17
11.666666666666686,49.66666666666667,26.0,7.054263565891474,94.52713178294573,20.4031007751938,9.348476654047227,2.698876269454953,110.52484826633012,-0.6809691343723806,-0.7434873230234831,0.3676912248257052,17
