RangeX,RangeY,RangeZ,MeanX,MeanY,MeanZ,VarX,VarY,VarZ,SkewX,SkewY,SkewZ,Label
31.000000000000014,11.333333333333329,40.33333333333334,8.142857142857142,45.775510204081634,27.72108843537415,92.90249433106575,9.149150816789298,109.96529223934469,1.335746343220192,-1.5187143516179633,-1.1546369408370052,17
15.666666666666671,22.33333333333333,29.333333333333343,5.6802721088435355,55.020408163265316,16.993197278911566,18.176685640242503,6.332916840205463,21.70290156879076,0.8599661267384722,-0.049229159548734906,1.1013119767961148,17
33.000000000000014,20.999999999999986,125.33333333333334,15.176870748299319,37.755102040816325,46.816326530612244,106.68527002637788,310.0896848535332,1481.1249942153731,0.22191780239122458,-0.32606096586479355,0.4973702984768829,17
16.333333333333343,59.66666666666667,47.00000000000003,8.20408163265306,92.95238095238096,16.183673469387756,21.07399694571707,2.222222222222227,195.4605951224027,-0.09843786031978664,1.468764184637591,1.169829303120025,17
30.333333333333343,52.999999999999986,48.0,10.721088435374151,87.3265306122449,19.80952380952381,51.23966865657828,10.478411772872414,144.0090702947846,0.7460419915986612,-0.9538545514878843,0.5644334217184421,17
