RangeX,RangeY,RangeZ,MeanX,MeanY,MeanZ,VarX,VarY,VarZ,SkewX,SkewY,SkewZ,Label
7.333333333333343,11.666666666666671,68.0,4.022222222222224,44.25555555555556,29.977777777777774,5.295802469135811,10.730987654320986,524.9772839506173,0.488479251720744,-1.3168083362379748,0.5432202813019618,17
5.666666666666671,19.333333333333343,31.666666666666657,3.4,52.344444444444434,16.622222222222224,3.077037037037037,2.996172839506167,74.27950617283955,0.11099624542614156,0.03525544996467022,0.3346198052578019,17
39.33333333333334,18.333333333333343,113.33333333333333,15.177777777777779,34.96666666666667,51.333333333333336,154.5387654320988,281.6988888888889,1308.5925925925924,0.8616627206230028,-0.5354489825018459,0.15358912578259193,17
10.333333333333329,53.66666666666666,17.333333333333314,7.166666666666667,87.86666666666665,11.733333333333329,4.6055555555555525,0.7896296296296281,29.306666666666622,-0.3964595332765878,-0.3382389244397143,0.04527360033575623,17
8.0,54.33333333333334,32.0,6.666666666666663,88.55555555555556,18.93333333333334,3.0444444444444447,0.7950617283950617,121.28444444444443,-1.1099852792720613,-0.8537027938912805,0.17172191932519404,17
