RangeX,RangeY,RangeZ,MeanX,MeanY,MeanZ,VarX,VarY,VarZ,SkewX,SkewY,SkewZ,Label
29.666666666666657,11.0,38.0,9.252032520325203,43.8130081300813,29.609756097560975,92.29691321303459,8.282107211316012,100.4330755502677,0.9801043355188065,-1.304242231306981,-1.4029441284901993,17
26.66666666666667,22.666666666666657,29.666666666666657,9.788617886178862,54.78861788617886,14.731707317073171,57.52713332011368,13.039328442064905,87.27490250512258,1.0511579557736346,-0.6888292812492484,0.539474429817306,17
42.66666666666666,22.0,105.66666666666667,15.642276422764228,36.26829268292683,47.886178861788615,133.7961530834821,368.8250380064776,1052.6374512525615,1.0151088613866586,-0.4385200815871484,0.16687743353716555,17
11.333333333333329,59.33333333333334,33.0,4.691056910569105,89.71544715447153,16.837398373983742,8.85306365258774,5.385154339348277,105.04131138872367,0.5224234875482439,1.0710984582418508,0.1937819603184051,17
24.0,56.66666666666666,38.0,7.772357723577238,86.92682926829269,17.219512195121954,46.34384295062461,13.688412981690792,92.68623174036615,0.9499658139291777,-0.9305632857390634,0.5787154641208662,17
