RangeX,RangeY,RangeZ,MeanX,MeanY,MeanZ,VarX,VarY,VarZ,SkewX,SkewY,SkewZ,Label
8.333333333333314,2.666666666666657,30.0,4.771428571428574,48.94285714285714,29.104761904761908,6.201723356009066,0.5173696145124718,55.88426303854873,0.051662080702024354,-0.13652012375543235,1.2295355382609832,17
9.999999999999986,9.333333333333329,-4.666666666666657,5.590476190476191,54.419047619047625,6.104761904761906,4.927528344671198,3.4053514739229094,14.119183673469388,-0.2710030515432281,-0.11166096176533748,0.1454957427728185,17
37.333333333333314,9.999999999999986,90.66666666666667,15.942857142857147,39.45714285714286,49.74285714285714,103.425306122449,229.505306122449,1174.0005442176869,0.7263047643523669,-0.4615185829626266,0.17065266998698447,17
12.333333333333314,45.66666666666667,27.0,7.55238095238095,91.78095238095237,15.276190476190479,11.301224489795912,1.2631292517006791,189.61578231292515,-0.7357502745624348,-0.3195317447868015,0.8385956924961465,17
10.333333333333314,46.66666666666667,26.0,6.619047619047618,93.16190476190475,19.542857142857144,7.448526077097506,0.5864852607709757,116.6672108843537,-0.8090052374551042,-0.4622722286886495,0.5488533723491282,17
