RangeX,RangeY,RangeZ,MeanX,MeanY,MeanZ,VarX,VarY,VarZ,SkewX,SkewY,SkewZ,Label
27.0,8.666666666666671,36.333333333333314,7.268292682926827,46.41463414634146,25.048780487804876,70.38059356203318,3.803688280785248,66.44206490845389,1.2114920854033118,-1.0868809326139115,-1.1583232394991445,17
22.0,16.333333333333343,59.333333333333314,10.138211382113822,50.4390243902439,28.634146341463413,30.005287857756617,18.91294864168154,307.12089364796094,0.6444613395187533,-0.4858219248829362,0.6264617535384179,17
46.0,14.333333333333343,87.33333333333334,19.3739837398374,34.146341463414636,47.853658536585364,129.73005486152422,253.95690395928347,847.5612400026441,-0.06611445810926293,-0.24352372793941068,-0.14711768511617312,17
16.66666666666667,55.33333333333334,41.66666666666666,7.178861788617886,91.72357723577235,22.373983739837403,21.51272390772689,2.086192081433008,214.44008196179524,0.29522164006581536,1.285062767531512,-0.037521989838606565,17
17.0,49.33333333333334,50.66666666666666,9.27642276422764,87.49593495934958,25.26829268292683,18.68781809769318,4.044021415823924,213.38330358913345,-0.1574273083335285,-0.3848368179727861,0.5246199346858359,17
