RangeX,RangeY,RangeZ,MeanX,MeanY,MeanZ,VarX,VarY,VarZ,SkewX,SkewY,SkewZ,Label
9.666666666666657,2.0,28.666666666666657,4.279279279279279,48.981981981981974,29.225225225225223,9.192273354435526,0.25793360928496095,60.52284717149577,0.17115552193937456,0.04534600957861615,1.2560409898257137,17
10.0,9.0,4.666666666666657,6.315315315315316,54.68468468468469,8.900900900900897,5.357032708384061,2.2999756513270095,31.837026215404624,-0.47234243345594484,0.07168597796902924,0.5881110176289945,17
40.0,8.0,95.33333333333333,19.54054054054054,34.432432432432435,51.08108108108108,131.581689797906,351.3625517409302,1171.2636961285612,0.14982233232810452,-0.5065819732980227,0.15080040760067087,17
11.333333333333343,45.66666666666666,20.333333333333314,6.2342342342342345,92.18918918918918,15.79279279279279,13.30249168087007,0.9101533966398871,199.47958769580384,-0.22371339808801835,-0.7030165402603085,0.62742519449874,17
11.666666666666657,46.0,26.333333333333314,8.144144144144143,92.49549549549549,20.873873873873876,7.829072315558804,1.1628926223520848,189.20331141952755,-0.738758609244253,-0.8472561940189053,0.4775257891067803,17
