RangeX,RangeY,RangeZ,MeanX,MeanY,MeanZ,VarX,VarY,VarZ,SkewX,SkewY,SkewZ,Label
30.0,19.0,43.66666666666666,6.285714285714287,50.15476190476191,28.696428571428573,53.68424036281179,22.210175736961453,91.77093962585033,1.8887837571271642,1.698998570706328,-1.4024402576384745,17
18.666666666666657,8.666666666666657,59.33333333333333,6.636904761904761,50.14880952380952,20.488095238095237,11.747130102040822,15.678252551020408,259.91652494331066,1.0692292563918424,-2.719352071988855,0.825086479734652,17
32.33333333333334,13.333333333333343,110.66666666666666,10.04761904761905,40.047619047619044,33.92857142857143,94.21201814058955,384.42233560090705,845.5147392290249,1.0809861525948172,-1.1015074350911487,0.7024182438631015,17
13.0,79.66666666666669,85.99999999999999,5.672619047619047,100.76190476190477,30.958333333333336,16.67258361678005,127.49092970521542,538.0716765873015,0.268142806683363,0.8854285010372467,0.9585722780152658,17
18.666666666666657,53.66666666666666,104.0,6.351190476190476,92.85714285714286,26.428571428571427,17.89452239229024,8.92403628117914,861.8956916099771,0.8271211208504683,-1.7039896759438748,1.5156760897099715,17
