RangeX,RangeY,RangeZ,MeanX,MeanY,MeanZ,VarX,VarY,VarZ,SkewX,SkewY,SkewZ,Label
28.333333333333343,10.0,29.666666666666657,9.72072072072072,44.081081081081074,25.693693693693692,88.5736547358169,8.374807239672107,56.993263533804075,0.922535333871808,-1.115099698065485,-1.2715268192692892,17
25.0,22.66666666666667,27.0,11.08108108108108,54.64864864864865,16.072072072072075,56.200633065497925,11.140816492167842,52.91372453534616,0.7777404117097636,-0.25100328981781467,0.2910967066748939,17
43.66666666666666,19.33333333333333,108.99999999999999,16.49549549549549,31.72972972972973,59.8108108108108,131.53526499472449,356.6837107377646,1290.8861293726156,0.855022885407454,-0.1463435955753419,-0.2828488013820922,17
11.333333333333329,57.66666666666667,23.0,5.261261261261262,90.20720720720722,12.44144144144144,11.90471552633715,6.806915023131234,76.88921353786222,0.12769387661053053,0.26001247915858894,0.2278685059588455,17
26.333333333333343,55.33333333333333,33.0,8.26126126126126,86.96396396396398,18.747747747747745,62.64946027108191,18.359061764467153,120.49492735979223,0.8998860617460277,-1.0172283303333063,0.06117535676921421,17
