RangeX,RangeY,RangeZ,MeanX,MeanY,MeanZ,VarX,VarY,VarZ,SkewX,SkewY,SkewZ,Label
15.333333333333343,6.333333333333336,18.0,5.9302325581395365,52.534883720930225,31.98449612403101,14.67471906736374,1.8043386815696207,19.023015443783432,0.9010106678739171,-1.186305994846581,1.1192339262103317,17
16.33333333333333,9.333333333333343,-5.666666666666686,10.30232558139535,54.32558139534885,10.581395348837209,10.986118622678926,6.255753860945862,22.537948440598512,0.10602910234579278,-0.7481191389706755,-0.12505289573511455,17
40.66666666666667,8.000000000000014,87.66666666666666,16.04651162790698,28.999999999999996,38.85271317829458,180.18905113875368,264.43410852713174,525.2625443182501,0.32432091904928845,0.044669594908042835,1.3975443450167888,17
12.333333333333343,52.66666666666667,8.0,6.178294573643413,95.37984496124031,15.155038759689925,9.955291148368488,3.6774232317769324,78.06381828015147,0.005653814382983144,1.3305933048327225,0.41151877160425254,17
15.333333333333343,50.000000000000014,13.333333333333314,10.627906976744184,95.04651162790698,23.527131782945734,11.691004146385438,1.398353464335077,76.74538789736194,-0.48387698683383307,0.1413422603561205,-0.642556058073125,17
