RangeX,RangeY,RangeZ,MeanX,MeanY,MeanZ,VarX,VarY,VarZ,SkewX,SkewY,SkewZ,Label
8.333333333333343,8.0,60.66666666666666,3.1862745098039227,45.20588235294118,24.647058823529413,5.334582852748933,3.934736639753942,313.77085736255276,0.5973427829710388,-1.557293393160435,0.9647589385421824,17
6.666666666666671,14.999999999999986,32.66666666666666,2.941176470588236,52.19607843137255,14.647058823529411,2.2906574394463672,2.6674356016916607,101.3002691272587,0.4428048204595496,-0.8234787524447376,0.36449763575862165,17
44.0,13.666666666666671,115.0,13.460784313725492,34.73529411764706,48.411764705882355,174.83669742406767,310.63254517493266,1079.6605151864667,1.1109249132425294,-0.7496995912661192,0.5263935405897016,17
12.666666666666657,50.33333333333333,19.666666666666686,7.598039215686272,87.85294117647057,12.480392156862743,7.521434063821603,0.6483083429450242,43.328046905036565,0.02845590578690151,0.7105295735029871,-0.24863932502308567,17
10.666666666666657,50.33333333333333,31.333333333333314,6.892156862745097,88.70588235294116,14.098039215686276,6.958958093041143,0.560553633217994,131.93810073048823,-0.2471496282803886,-0.38049695030919894,0.46871417040540797,17
