RangeX,RangeY,RangeZ,MeanX,MeanY,MeanZ,VarX,VarY,VarZ,SkewX,SkewY,SkewZ,Label
24.333333333333314,11.333333333333343,37.333333333333314,8.318181818181818,46.34090909090909,28.9469696969697,52.1007805325987,7.391356749311297,68.64617768595038,1.35020958926126,-1.675405862920158,0.5272575376460328,17
21.666666666666657,19.000000000000014,6.333333333333314,10.212121212121211,52.46969696969697,11.575757575757574,27.621671258034905,9.425849403122136,20.58264462809916,0.7505844099512977,-0.31449073488655116,-0.652187266920863,17
32.0,19.66666666666667,96.33333333333333,14.07575757575758,36.075757575757585,49.91666666666667,100.2568870523416,433.3225436179982,1189.3036616161617,0.811899900478568,-0.47592532998654447,0.2781605452679078,17
10.333333333333314,53.33333333333333,55.66666666666666,7.840909090909088,87.00757575757575,30.810606060606062,11.684286042240593,4.941861799816346,293.1939279155188,-0.6175414092283313,-1.0426912136907813,0.8803780676778624,17
14.333333333333314,52.000000000000014,46.333333333333314,11.227272727272725,87.40151515151516,31.916666666666664,12.049357208448118,1.912017906336092,234.4703282828282,-1.24988708074672,-1.155718009221597,-0.4350353316023935,17
