RangeX,RangeY,RangeZ,MeanX,MeanY,MeanZ,VarX,VarY,VarZ,SkewX,SkewY,SkewZ,Label
16.33333333333333,6.333333333333343,10.333333333333343,8.689655172413795,47.425287356321846,38.58620689655172,22.788743559254847,3.3402034614876497,7.683181397806847,0.551618807413651,-0.9226278892101765,0.6058982604699366,17
25.33333333333333,12.333333333333329,-15.666666666666657,15.321839080459771,52.14942528735632,5.103448275862071,57.39067247985204,7.115603117981229,27.318800369929985,0.3578406639210654,-0.5803490611818469,1.2802466855969057,17
31.66666666666667,11.666666666666671,77.33333333333333,11.827586206896552,37.59770114942529,51.87356321839081,101.16184436517372,287.9339410754393,965.9878451578808,0.7595489306871535,-0.6886640973725182,0.5637474880856488,17
16.666666666666657,47.33333333333333,-1.0,13.827586206896552,89.0689655172414,11.632183908045977,11.161844365173724,0.8917954815695607,104.66164618840004,0.028479208122637222,-0.21947851459856535,0.7140766719090849,17
13.999999999999986,45.66666666666667,-6.0,10.31034482758621,86.54022988505749,13.643678160919539,19.892191835116925,4.64684898929845,46.9649887699828,-0.18822744701124788,-0.675900929485973,-0.21962304214803127,17
