RangeX,RangeY,RangeZ,MeanX,MeanY,MeanZ,VarX,VarY,VarZ,SkewX,SkewY,SkewZ,Label
23.333333333333343,11.0,31.666666666666657,8.42424242424243,47.31818181818182,29.166666666666664,48.02708907254362,5.64623507805326,46.58333333333332,0.734011635096105,-1.4683125088181137,0.8407646636485716,17
21.66666666666667,19.0,1.6666666666666572,8.363636363636365,54.42424242424241,7.909090909090909,26.56473829201101,8.14325068870525,20.65335169880624,1.103242718046961,-0.6243904303650688,0.8568659559584014,17
38.66666666666666,19.0,92.0,15.87878787878788,34.03030303030303,44.74242424242424,143.9954086317722,482.29706152433425,1273.8932506887052,0.5925810538120982,-0.3443211106784677,0.37579847842552155,17
15.0,52.33333333333334,51.33333333333334,9.242424242424244,86.10606060606061,39.553030303030305,16.587695133149676,8.397842056932975,345.60577364554644,-0.24095261195753997,-0.3295525780141096,0.3425836845872981,17
13.333333333333343,51.33333333333334,38.0,9.681818181818182,87.99242424242424,23.9469696969697,9.065426997245186,1.593376951331498,275.9795110192837,-1.2090619973393701,0.012564377039271185,0.45777431684307796,17
