RangeX,RangeY,RangeZ,MeanX,MeanY,MeanZ,VarX,VarY,VarZ,SkewX,SkewY,SkewZ,Label
7.666666666666657,7.333333333333329,51.66666666666666,3.413793103448276,44.97701149425287,28.137931034482765,4.418813581714881,4.3826132910556215,267.03844629409434,0.1616139510118866,-1.2986404817264998,0.7555573330017845,17
10.333333333333329,15.333333333333343,21.0,3.5402298850574705,53.48275862068966,12.850574712643677,6.256044391597296,0.4795877923107424,73.78226978464792,0.9642919709950115,0.269375797252362,0.40961252613901467,17
38.66666666666666,13.666666666666657,107.66666666666666,16.873563218390803,34.183908045977006,48.02298850574712,149.66600607742103,281.85889813713817,1247.325142026688,0.5785463234540746,-0.49175251862718833,0.22303594852580536,17
10.666666666666657,50.33333333333334,15.666666666666686,7.735632183908049,87.77011494252872,14.448275862068964,2.9301096578147696,1.219183511692437,39.06724798520281,-0.4127412928697844,0.5178751858602526,-0.2605132690155028,17
10.333333333333343,50.33333333333334,24.333333333333314,6.183908045977013,88.63218390804596,20.643678160919535,6.01215484211917,0.6846346941471799,104.1833795745806,-0.9736137908090642,0.25360289389729285,-0.6711968160000592,17
