RangeX,RangeY,RangeZ,MeanX,MeanY,MeanZ,VarX,VarY,VarZ,SkewX,SkewY,SkewZ,Label
24.666666666666657,14.0,44.666666666666686,11.96774193548387,44.096774193548384,31.075268817204307,66.8627587004278,5.858018268007863,183.0086715227195,0.12442926062519874,-0.8457918670601855,-0.3127468723585192,17
55.999999999999986,19.33333333333333,56.33333333333334,21.81720430107527,39.55913978494624,19.139784946236556,419.9988437969708,314.0242802636143,165.75465371719275,0.6481233576634337,-0.672532610306324,1.245251214878193,17
33.333333333333314,20.000000000000014,107.0,16.107526881720425,31.989247311827956,42.38709677419355,145.386287432073,471.18626430801254,1012.6458550121401,0.12026854097578853,-0.014392224863623237,0.6186933106264301,17
43.999999999999986,55.33333333333333,83.66666666666669,19.591397849462364,87.08602150537634,46.924731182795696,75.2882414151925,9.50514510348017,453.46028442594513,1.1030686583503684,-0.3979782939343765,-0.5067770979696102,17
37.333333333333314,60.000000000000014,49.0,13.107526881720425,89.94623655913979,22.774193548387096,120.38270320268238,27.541912359810382,245.4579720198868,0.5979105155516372,-0.036656314789159476,0.21454200144948635,17
