RangeX,RangeY,RangeZ,MeanX,MeanY,MeanZ,VarX,VarY,VarZ,SkewX,SkewY,SkewZ,Label
32.333333333333314,11.666666666666657,45.333333333333314,10.296296296296294,45.6888888888889,36.355555555555554,73.62085048010975,7.493333333333337,167.7402469135802,1.447082838127277,-1.9711619714021966,-1.2568439280627701,17
35.999999999999986,17.66666666666667,80.66666666666663,9.577777777777776,36.911111111111104,42.370370370370374,97.09333333333333,317.7155555555555,462.6134430727022,1.37454013950734,-0.4622639049528128,0.46318843424905853,17
52.66666666666666,19.33333333333333,108.99999999999997,21.681481481481484,37.20740740740741,32.666666666666664,294.2812620027435,340.7026611796982,1051.6543209876547,0.6580831372770309,-0.39423790144213283,0.7829930166426444,17
34.66666666666666,51.66666666666667,85.66666666666666,13.037037037037035,75.68148148148148,16.2962962962963,105.79368998628257,33.98496570644719,379.46776406035667,0.531495475507759,0.12085072232936547,2.0199091417642316,17
40.999999999999986,45.33333333333333,111.0,19.637037037037036,64.08888888888887,62.92592592592593,68.72998628257889,118.37234567901234,903.20438957476,-0.14512902164158886,0.11236670063321831,-0.0616358516552409,17
