RangeX,RangeY,RangeZ,MeanX,MeanY,MeanZ,VarX,VarY,VarZ,SkewX,SkewY,SkewZ,Label
22.333333333333343,13.666666666666671,22.666666666666657,7.387755102040814,46.31972789115646,35.925170068027214,45.4754963209774,13.051969086954502,43.62025082141699,0.8218017043995518,0.7159646642506738,-0.5797696081223296,17
12.666666666666657,11.666666666666671,28.999999999999986,5.6394557823129245,47.89795918367347,26.156462585034014,8.829191540561801,18.359202184275066,141.53334258873622,-0.1885514840115918,-1.5934889108550883,0.4780819227866522,17
36.33333333333334,13.000000000000014,89.33333333333333,7.6802721088435355,39.65986394557823,36.564625850340136,83.75038178536725,311.4262575778611,1320.531537785182,1.4916649146053036,-1.0755027895223124,1.052090470432145,17
15.666666666666671,78.99999999999999,16.333333333333314,10.034013605442176,102.26530612244896,14.564625850340136,19.928548290064327,82.77088250266087,168.84446295525015,-0.6884281127197208,0.5192342875419642,0.6603609410797016,17
20.666666666666657,56.000000000000014,28.666666666666657,10.272108843537415,93.14285714285714,18.931972789115644,44.36133092692858,7.687074829931979,197.51464667499653,-0.20925223828981657,-1.9875734599854424,0.8002455217736612,17
