RangeX,RangeY,RangeZ,MeanX,MeanY,MeanZ,VarX,VarY,VarZ,SkewX,SkewY,SkewZ,Label
17.66666666666667,30.0,43.666666666666686,4.8085106382978715,43.702127659574465,21.553191489361698,21.053166339721354,26.34153211609074,156.7341683013933,1.1647553079346742,-2.6678809004110864,-0.22647182983095654,18
29.33333333333333,39.33333333333333,127.33333333333336,9.893617021276595,39.9645390070922,46.87943262411347,43.13525476585682,301.2067803430411,1540.1580403400235,1.0581819932971697,-0.7331385853072192,0.7749344171143673,18
34.33333333333334,1431653261.0,117.66666666666669,10.588652482269506,45691100.241134755,45.31205673758866,100.59675066646544,5.242378849007715e+16,1131.3068759116745,1.0823060979337507,5.244994638081222,0.35013137140854,18
22.33333333333333,80.33333333333334,69.33333333333337,6.73758865248227,89.32624113475178,24.673758865248228,33.24319702228258,41.425481615612924,547.392384688899,1.5659460651623212,-1.4030324207836393,0.7581996137259122,18
18.333333333333343,77.0,60.00000000000003,7.290780141843973,89.68085106382979,18.95744680851064,21.643579296816046,6.888687691766011,240.16367385946378,0.7004220637485314,-0.777114121438898,1.3279833571963437,18
