RangeX,RangeY,RangeZ,MeanX,MeanY,MeanZ,VarX,VarY,VarZ,SkewX,SkewY,SkewZ,Label
19.666666666666657,8.666666666666664,52.33333333333334,7.326530612244898,51.5374149659864,25.09523809523809,27.90244805405156,3.005969734832709,207.01133786848078,0.8080023988918638,-0.663677255621457,-0.13785098100241475,18
33.0,9.666666666666671,122.0,9.979591836734695,44.2108843537415,31.72108843537415,53.43495765653199,156.95552778934703,710.5412559581657,1.50815234652299,-1.20274242963094,1.888611520259948,18
41.0,10.666666666666657,102.0,11.462585034013607,42.095238095238095,29.482993197278912,124.65222823823407,361.12018140589566,362.2361053264843,1.6716424834914176,-1.227127681530296,1.211080620939797,18
11.666666666666657,54.66666666666666,56.33333333333334,7.979591836734694,95.79591836734691,17.952380952380953,10.387338608912946,3.287148873154702,255.28344671201822,-1.0173970368034457,1.1457326595182764,1.057742787996864,18
12.666666666666657,52.0,43.33333333333334,8.503401360544219,95.52380952380953,20.299319727891156,8.594659632560505,2.358276643990929,97.34804942385118,-0.926195642729487,0.34061846344880864,0.07668317634429533,18
