RangeX,RangeY,RangeZ,MeanX,MeanY,MeanZ,VarX,VarY,VarZ,SkewX,SkewY,SkewZ,Label
13.0,7.333333333333343,11.666666666666686,4.500000000000001,48.13888888888889,46.02777777777779,14.231481481481476,3.7307098765432163,12.656635802469161,0.8314539636214392,0.7934557925904947,-0.11877088462022108,18
33.0,11.000000000000014,44.666666666666686,14.055555555555557,49.61111111111111,45.25,137.64506172839504,52.34876543209873,713.5763888888888,0.5173236834603072,-0.6089712129552045,0.21151029743434294,18
27.666666666666657,12.666666666666671,40.000000000000014,13.75,50.69444444444445,26.833333333333343,60.798611111111114,118.08256172839505,488.1018518518518,0.7583962155897538,-1.592376050259222,1.3919189182100584,18
27.333333333333343,59.66666666666667,22.0,16.916666666666668,101.58333333333333,27.805555555555554,45.37268518518517,3.3541666666666665,312.8788580246913,0.38609532611215786,-0.027696611185667314,0.6292983916237981,18
29.666666666666657,67.33333333333333,34.000000000000014,24.361111111111104,100.52777777777779,42.33333333333334,6.119598765432092,23.43441358024688,276.40740740740745,0.5120936371245095,1.297196216638788,0.6051687208111114,18
