RangeX,RangeY,RangeZ,MeanX,MeanY,MeanZ,VarX,VarY,VarZ,SkewX,SkewY,SkewZ,Label
14.666666666666657,7.0,28.333333333333343,5.4,47.94666666666666,21.119999999999994,12.133333333333317,1.014933333333335,55.88337777777778,1.0069624701801896,-1.859357941716302,-0.7118322735438564,18
28.0,15.000000000000014,110.33333333333333,9.486666666666666,49.86666666666667,29.40666666666667,29.889822222222215,137.5911111111111,969.8635111111112,1.188742283786554,-2.6534199533650336,1.2484274055978903,18
35.66666666666666,14.666666666666671,105.0,12.333333333333336,45.28,24.840000000000003,74.14222222222217,271.2816,666.3744,1.2747679805807317,-1.1338044802447964,1.5959535714876047,18
13.666666666666657,45.000000000000014,80.33333333333334,8.126666666666665,85.83333333333334,36.88,20.417288888888887,4.4944444444444525,455.5189333333334,-0.4266349687103045,-1.2409855379134564,0.7222010805939496,18
15.0,46.66666666666667,62.33333333333334,7.926666666666668,87.60666666666668,35.89333333333333,6.165733333333335,1.9763999999999988,293.89528888888884,-0.5302366623696718,0.04733596913299496,-0.4637401817867532,18
