RangeX,RangeY,RangeZ,MeanX,MeanY,MeanZ,VarX,VarY,VarZ,SkewX,SkewY,SkewZ,Label
42.33333333333334,27.66666666666667,49.66666666666666,13.392592592592592,43.614814814814814,27.844444444444438,170.58908093278467,38.6960768175583,241.71654320987653,1.1027744062491014,-0.8783192054775255,-0.43873268856755454,18
24.66666666666667,715826581.0,124.33333333333333,7.029629629629628,47721816.65185185,41.87407407407408,27.89048010973937,3.1883143592305316e+16,1461.053278463649,1.3026346250894918,3.4743961448614833,0.8313449680233304,18
48.00000000000001,1431653259.0,107.0,15.562962962962962,31814559.429629628,28.63703703703704,130.80406035665297,4.453519221832923e+16,684.2954183813443,0.8550221247906346,6.482493908421879,1.3447019216308018,18
37.66666666666667,85.0,66.33333333333334,18.437037037037037,86.25925925925927,19.91851851851852,86.32010973936899,89.61426611796983,274.3760768175583,0.37717337649031674,1.022288480667129,1.1920548517730056,18
49.666666666666686,69.33333333333334,107.66666666666669,25.56296296296296,71.94074074074075,46.125925925925934,130.41393689986282,361.81377229080937,795.7841426611795,-0.4375172336597904,-1.540661707648861,0.46729698807245307,18
