RangeX,RangeY,RangeZ,MeanX,MeanY,MeanZ,VarX,VarY,VarZ,SkewX,SkewY,SkewZ,Label
11.333333333333314,6.666666666666657,45.99999999999997,3.789473684210524,45.07894736842106,17.868421052631586,12.248076331178819,1.4762234533702667,169.89789165897193,1.217805172325638,-1.2923430752455638,0.9428865780924955,18
17.333333333333314,13.666666666666671,116.66666666666666,5.228070175438594,43.780701754385966,36.81578947368422,14.573714989227453,224.67997845490922,1233.571329639889,1.593502836967335,-1.5910838088056876,0.7796912260585235,18
34.66666666666666,13.666666666666671,117.66666666666666,9.754385964912286,41.00877192982456,34.166666666666686,88.00400123114805,238.28939673745768,1384.3260233918127,1.4290073629036972,-0.994700276807815,1.2813262165378196,18
12.0,49.66666666666667,54.333333333333314,9.32456140350877,87.73684210526316,19.64035087719298,1.8800400123114804,0.8371806709756872,250.72737765466312,-0.22619143797315663,0.8026485988983224,0.8951453861831067,18
12.0,50.999999999999986,26.0,8.692982456140351,88.92105263157895,10.964912280701753,12.546091104955385,1.2890889504462923,70.09233610341647,-1.319755460444351,0.590515366621206,0.2847535649518574,18
