RangeX,RangeY,RangeZ,MeanX,MeanY,MeanZ,VarX,VarY,VarZ,SkewX,SkewY,SkewZ,Label
15.666666666666657,4.333333333333329,43.33333333333334,5.474747474747474,49.00000000000001,27.32323232323232,21.751045811651863,1.3333333333333324,133.72043669013374,1.0810779972044664,0.726061702162698,0.12149513699908222,18
23.999999999999986,8.999999999999986,112.0,8.484848484848484,44.65656565656566,47.020202020202014,35.118457300275466,217.3837363534333,1599.8379757167638,0.8092360017255408,-1.6197958360620812,0.5171735460819891,18
34.0,7.666666666666671,103.66666666666667,16.80808080808081,43.08080808080808,40.505050505050505,73.17192123252728,209.56922762983368,656.4856647280889,0.2955941682532707,-1.355451719359488,0.3426494503228527,18
8.666666666666657,46.33333333333333,60.0,5.151515151515153,91.67676767676768,24.434343434343436,5.751453933272122,3.8685848382818047,407.0739720436691,-0.2974371778121643,-1.4861364180447147,0.7538806776182352,18
10.666666666666657,47.66666666666667,47.0,7.474747474747474,92.8080808080808,22.898989898989896,9.959800020406078,1.1113151719212304,256.5756555453525,-0.8808533692617555,0.09139638496542839,0.32768066655585043,18
