RangeX,RangeY,RangeZ,MeanX,MeanY,MeanZ,VarX,VarY,VarZ,SkewX,SkewY,SkewZ,Label
44.0,13.333333333333343,54.66666666666666,10.7,44.12,29.98,135.13444444444443,10.354488888888891,167.43293333333335,1.4579261600689533,-1.369532603922173,-0.45901129990398215,18
32.0,24.66666666666667,120.33333333333333,10.566666666666668,44.459999999999994,37.68,50.281111111111116,204.01728888888883,1238.0264888888887,0.8095690518981659,-0.9504783231055056,1.020691670138005,18
50.0,1431653244.0,106.66666666666666,13.460000000000003,28633113.06666666,30.953333333333333,160.13284444444446,4.017276702336561e+16,1009.3911555555558,0.8713877116739298,6.857142857142803,1.0654393089378758,18
24.33333333333333,60.33333333333333,32.666666666666686,6.453333333333334,91.67333333333332,14.02,41.05226666666667,4.731066666666667,99.1707111111111,1.591813100656376,-1.2953084136510045,0.3481560314859237,18
16.333333333333343,61.000000000000014,78.33333333333331,6.040000000000003,89.01333333333334,26.78,15.27395555555555,9.693155555555565,633.882711111111,0.6192808409980106,-0.3662511598144707,1.0646102384978606,18
