RangeX,RangeY,RangeZ,MeanX,MeanY,MeanZ,VarX,VarY,VarZ,SkewX,SkewY,SkewZ,Label
15.333333333333343,4.666666666666671,43.0,4.587719298245614,48.824561403508774,25.517543859649123,18.271545090797183,1.384425977223762,139.79355186211137,1.2013495169855255,0.6791937884748392,0.3697869305254444,18
35.0,10.333333333333343,112.66666666666667,9.508771929824562,46.47368421052631,52.3421052631579,48.29085872576177,137.9510618651893,1342.1490458602646,2.190670840469758,-2.0598366269404615,0.5100596793476444,18
38.0,715826562.6666666,101.66666666666667,15.728070175438596,18837582.859649125,38.8859649122807,86.20383194829178,1.312955955376763e+16,678.2881655894122,1.0104683827460244,5.91836354299269,0.742316999607061,18
11.666666666666671,48.33333333333334,58.33333333333334,6.999999999999998,91.85087719298247,26.473684210526315,9.309941520467833,3.0742536164973924,378.5884887657741,-0.5200161197100531,-0.5533980775423393,0.6146950256510773,18
13.0,47.66666666666666,43.666666666666686,8.017543859649122,92.7017543859649,21.62280701754386,12.251154201292712,1.2619267466912896,214.15889504462905,-0.7538774560241124,-0.6272700100675005,0.5701289928687655,18
