RangeX,RangeY,RangeZ,MeanX,MeanY,MeanZ,VarX,VarY,VarZ,SkewX,SkewY,SkewZ,Label
25.0,9.666666666666657,45.666666666666686,5.784313725490197,44.049019607843135,30.387254901960787,29.6430219146482,3.108708189158015,178.17192906574405,1.7017941581836338,-1.6344026733597408,-0.7515988640521722,18
41.33333333333333,26.999999999999986,100.00000000000001,15.362745098039216,49.02450980392157,39.8235294117647,101.82920030757398,107.36051038062286,726.4851980007688,0.8036642224275297,-1.8254483113671578,0.48416080999999656,18
38.66666666666666,20.999999999999986,97.66666666666667,13.382352941176473,45.161764705882355,23.509803921568626,98.88648596693581,238.50160995770852,673.5995770857362,1.0921775219668741,-1.5277405244786129,1.6444113510891019,18
12.333333333333329,60.66666666666667,40.33333333333334,3.799019607843137,89.46078431372551,18.955882352941178,8.307646097654747,7.771337946943484,121.93759611687813,0.9066773140413658,1.1410703640083308,0.10509694792833726,18
27.333333333333343,54.33333333333333,58.33333333333334,6.475490196078432,88.21568627450979,22.28921568627451,28.929137831603246,4.567858515955405,289.4735438292963,1.5419707053799367,-1.376515120510802,0.7890241292294848,18
