RangeX,RangeY,RangeZ,MeanX,MeanY,MeanZ,VarX,VarY,VarZ,SkewX,SkewY,SkewZ,Label
14.0,3.3333333333333286,27.0,3.9689922480620146,49.13953488372093,23.54263565891473,14.092061775133722,0.7402199387056058,64.49624421609276,1.259439739077148,0.3693572920886515,-0.41380836212138716,18
20.333333333333343,8.666666666666657,111.33333333333333,8.434108527131782,45.76744186046512,43.1937984496124,20.78829397271798,168.7521182621237,1559.5102457784988,1.403776761546806,-1.694717724999987,0.5659891834328596,18
39.33333333333334,8.666666666666657,106.66666666666666,12.674418604651162,41.55038759689923,33.20930232558139,99.5167357730906,249.52911483684875,1079.9226008052399,1.349758781172004,-0.8742966650025518,0.9521087757224244,18
9.666666666666671,45.33333333333334,42.333333333333314,5.8604651162790695,92.18604651162792,20.232558139534888,5.6291088275944965,0.9162910882759483,279.4497926807283,-0.27803297461148885,-0.7966420896848717,0.8159179260941642,18
12.666666666666657,47.66666666666666,35.0,7.596899224806198,93.20155038759691,18.41085271317829,15.615287542815924,0.7862508262724563,128.36608376900423,-0.577134792136371,-0.5206861663941047,0.9099859594100289,18
