RangeX,RangeY,RangeZ,MeanX,MeanY,MeanZ,VarX,VarY,VarZ,SkewX,SkewY,SkewZ,Label
18.666666666666657,6.999999999999993,48.66666666666666,8.85714285714286,51.126984126984134,31.404761904761905,19.413454270597118,3.1214411690602155,212.23034769463342,0.3672434045520921,-0.7267206771119386,-0.7635679203266454,18
35.0,11.666666666666671,112.66666666666666,9.198412698412696,42.039682539682545,34.82539682539682,97.18020912068533,186.82117661879568,711.8901486520534,1.3192345035857593,-0.7800680278280626,1.144360736257878,18
39.66666666666666,10.999999999999986,110.99999999999999,14.166666666666666,43.45238095238095,28.34920634920635,113.31349206349208,282.2794784580498,671.999748047367,1.234014402265146,-1.0189926680170704,1.289248335680794,18
12.666666666666657,52.33333333333333,61.66666666666666,6.841269841269842,94.42857142857143,17.73809523809524,14.853111615016392,2.29780801209372,278.35204081632656,-0.18983209252457514,0.510023523790578,1.1495626819763787,18
14.666666666666657,52.999999999999986,39.0,9.365079365079364,96.38095238095238,18.555555555555557,9.401108591584789,1.6643990929705192,91.70723104056438,-0.6029019710691091,0.6407572235311139,0.26461216443986463,18
