RangeX,RangeY,RangeZ,MeanX,MeanY,MeanZ,VarX,VarY,VarZ,SkewX,SkewY,SkewZ,Label
12.333333333333314,7.333333333333343,42.33333333333334,5.300000000000002,44.16666666666666,26.36666666666667,16.417407407407385,3.546296296296298,183.07666666666665,0.3981093900734516,-0.495250778631144,-0.47992751135438977,18
16.999999999999986,22.000000000000014,101.00000000000001,8.855555555555556,48.42222222222222,46.82222222222223,18.316172839506166,140.53283950617285,1365.746172839506,0.397047919067924,-1.789798605517394,0.2512541138027687,18
37.333333333333314,16.000000000000014,30.666666666666686,13.344444444444441,45.066666666666656,8.588888888888892,99.63320987654319,243.67703703703702,79.19024691358025,1.1596247260568038,-1.3562549155261963,1.3331907293272973,18
13.666666666666657,57.000000000000014,44.0,2.711111111111113,90.46666666666667,17.977777777777778,10.435061728395057,7.256296296296302,135.23654320987654,2.2662159476639445,0.7430805215708252,0.7618583889628342,18
17.0,53.66666666666667,51.33333333333334,7.700000000000005,87.61111111111111,21.62222222222222,28.484074074074083,5.430246913580244,276.93876543209876,0.24163157067752827,-0.13910330750584302,0.40252993990977043,18
