RangeX,RangeY,RangeZ,MeanX,MeanY,MeanZ,VarX,VarY,VarZ,SkewX,SkewY,SkewZ,Label
16.66666666666667,3.0,24.0,6.387387387387387,48.44144144144145,30.027027027027028,22.855937018099176,0.39672104536969305,52.36863890917945,0.6017506752743623,0.4895289465941711,-0.7962666816937397,18
31.333333333333343,9.666666666666671,101.00000000000001,10.66666666666667,46.75675675675676,32.207207207207205,57.765765765765785,194.19008197386574,1321.5997078159237,1.2425094803886472,-1.783580409140309,1.2968957837462187,18
23.333333333333343,9.666666666666671,101.00000000000001,12.900900900900899,38.495495495495504,36.51351351351352,30.149338527716896,414.7785082379677,1239.1627302978652,0.1922383939782813,-0.6662042009866442,1.2480299670778698,18
14.0,42.000000000000014,29.666666666666686,10.27927927927928,87.57657657657658,15.981981981981983,9.384465546627716,0.9108026945864767,134.36604171739313,-0.6772202715827981,-0.3147904858554774,0.8286972530036565,18
14.000000000000014,42.66666666666667,30.666666666666686,10.306306306306308,87.67567567567566,20.576576576576578,15.119389659930215,2.837756675594509,218.83272461650844,-1.0589362315877233,-0.3198800550678639,0.3489120229409406,18
