RangeX,RangeY,RangeZ,MeanX,MeanY,MeanZ,VarX,VarY,VarZ,SkewX,SkewY,SkewZ,Label
15.333333333333314,4.333333333333329,38.00000000000003,4.791666666666664,45.76041666666667,19.822916666666664,25.921874999999986,1.0919053819444433,99.9096137152778,1.0758857598211407,-0.5650657273891849,0.426557719907548,18
15.333333333333329,11.666666666666657,107.00000000000003,6.052083333333334,35.9375,54.46875,14.091037326388886,332.7044270833333,1489.9018012152778,0.8008222638355683,-0.6098499910883457,-0.18744350114560188,18
33.0,11.333333333333343,107.33333333333336,8.916666666666664,41.645833333333336,29.35416666666667,78.43750000000001,219.80512152777777,1206.8467881944443,1.5370907187195477,-1.1517986472839046,1.2025718596946056,18
10.666666666666657,47.0,35.33333333333337,7.135416666666665,88.30208333333333,17.510416666666668,8.235134548611107,0.5997178819444438,144.51378038194446,-0.9162206771709623,0.5472742925054813,0.4179712142735734,18
15.333333333333314,49.0,26.0,9.687499999999998,89.40625,12.531249999999998,9.916232638888882,1.0259331597222234,99.08235677083327,0.24842999590174966,0.7003176925968353,0.4187824599316341,18
