RangeX,RangeY,RangeZ,MeanX,MeanY,MeanZ,VarX,VarY,VarZ,SkewX,SkewY,SkewZ,Label
17.0,3.3333333333333286,26.666666666666686,6.614583333333332,46.052083333333336,15.968749999999996,31.81325954861112,0.7507595486111114,54.94694010416665,0.8879227485037345,-0.6840732767684604,-0.44494674158246644,18
14.666666666666657,12.333333333333343,120.33333333333336,4.59375,39.60416666666667,51.54166666666667,16.20648871527778,283.8849826388888,1607.9149305555554,1.243791128551074,-0.9458748536133227,0.10626225733372739,18
33.333333333333314,10.666666666666657,111.66666666666669,11.28125,41.625,24.166666666666664,87.3896484375,216.8385416666667,940.9097222222225,1.1610017974925184,-0.915813978219442,1.5032535253953991,18
10.0,47.0,47.0,6.000000000000001,88.60416666666667,17.8125,10.055555555555559,1.0169270833333328,219.95095486111117,-0.5555700965310918,0.7211415770098409,0.6343536449160402,18
12.0,47.66666666666666,27.666666666666686,6.666666666666667,89.83333333333333,11.822916666666666,10.402777777777795,1.0208333333333306,63.82628038194446,-0.05174322990608937,-0.07742889907497771,0.5194839610461672,18
