RangeX,RangeY,RangeZ,MeanX,MeanY,MeanZ,VarX,VarY,VarZ,SkewX,SkewY,SkewZ,Label
17.0,6.0,38.333333333333314,5.746666666666667,47.66666666666666,24.96666666666667,13.029155555555551,1.2000000000000004,132.02333333333337,1.1221514514312272,-1.8460278789988709,-0.6726268023512316,18
22.0,15.666666666666671,103.99999999999999,8.193333333333333,50.040000000000006,26.206666666666663,43.0092888888889,114.66506666666666,882.9284,0.8770120272537956,-2.2344097898207678,1.5497127805816457,18
34.0,13.333333333333343,98.66666666666666,13.233333333333333,45.36666666666667,22.300000000000004,67.06333333333333,232.2188888888889,563.25,0.9201362751571959,-1.355662584702208,1.6451293499141566,18
15.333333333333343,45.33333333333333,76.33333333333331,7.533333333333332,85.56666666666666,31.986666666666665,26.808888888888895,4.05444444444444,475.3598222222223,-0.0005122939681270256,-0.53874113589516,0.6760418642428834,18
12.666666666666657,47.000000000000014,62.333333333333314,7.813333333333333,88.2,25.513333333333332,9.978488888888885,1.5911111111111114,297.4142666666666,-0.06414299514765835,-0.391072626653328,0.3172036376931916,18
