RangeX,RangeY,RangeZ,MeanX,MeanY,MeanZ,VarX,VarY,VarZ,SkewX,SkewY,SkewZ,Label
23.33333333333333,8.333333333333329,37.33333333333334,6.964912280701753,46.9736842105263,29.166666666666664,48.92859341335795,4.125038473376422,71.4663742690059,1.2179454063680155,0.6053084189176139,-0.8832122837384666,18
33.0,11.0,97.66666666666667,8.412280701754389,41.41228070175438,41.49122807017543,48.318328716528164,191.29493690366263,564.7586949830719,2.4115358355139267,-1.1474330039863065,0.94225925323453,18
35.0,12.666666666666671,107.33333333333334,11.429824561403512,40.377192982456144,34.36842105263158,130.37957833179436,314.7729301323484,1643.197599261311,0.6458013976444119,-0.9131026722344036,1.0074577869564814,18
9.666666666666657,67.0,34.666666666666686,4.719298245614035,100.78947368421053,17.868421052631586,7.079101261926743,46.97322253000923,107.09087411511238,-0.06556162709541773,-0.16739314342296482,0.43029866032716935,18
13.0,51.66666666666666,76.0,7.7982456140350855,92.6842105263158,32.38596491228069,17.605493998153275,1.8359495229301281,618.4709141274237,-0.4429471058552779,-0.2543340250704352,0.6716546883748347,18
