RangeX,RangeY,RangeZ,MeanX,MeanY,MeanZ,VarX,VarY,VarZ,SkewX,SkewY,SkewZ,Label
13.666666666666671,3.0,31.0,7.888888888888891,48.36752136752138,30.4957264957265,11.91642924976258,0.6199137994009777,76.07904156622106,-0.2975092715521614,0.20431200411189315,-1.301572054345538,18
20.333333333333343,10.0,102.99999999999999,8.444444444444445,47.333333333333336,30.38461538461539,18.640075973409314,146.9173789173789,1172.8805610344075,0.3297634353665893,-1.8443746693372862,1.2698857708466949,18
23.000000000000014,8.666666666666657,107.33333333333333,9.820512820512818,39.1111111111111,43.666666666666664,36.87091825553365,359.9962013295347,1185.6353276353273,0.09803079972460335,-0.7979420497647836,0.9363736500205878,18
17.0,43.0,45.0,10.487179487179489,87.55555555555554,15.205128205128208,6.671488056103436,4.708452041785367,177.1374095989481,1.0574583028508586,-0.7966733085861406,1.2697308597746753,18
17.66666666666667,43.0,30.666666666666657,10.743589743589746,87.09401709401709,20.897435897435898,31.364453210607046,3.3330411279129306,124.6048652202498,-0.364900154150178,-1.0584122273023917,-0.03930309851831876,18
