RangeX,RangeY,RangeZ,MeanX,MeanY,MeanZ,VarX,VarY,VarZ,SkewX,SkewY,SkewZ,Label
20.33333333333333,6.0,31.666666666666657,5.942028985507244,46.52173913043478,27.188405797101446,32.117412308338594,1.9741650913673592,101.95484141986972,1.1932593272724834,0.46148103040191735,-0.7142526115499772,18
27.666666666666657,9.333333333333329,103.0,8.905797101449272,40.59420289855072,45.463768115942024,28.433154799411895,195.60344465448435,657.6689771056499,2.1043335147504934,-1.2715847571909291,0.9455344293826534,18
38.0,11.333333333333329,105.0,9.76086956521739,39.79710144927536,36.05072463768116,110.10465238395294,279.0506196177274,1517.048151648813,1.217533747603037,-0.7479653267596804,1.0570060508438817,18
11.0,64.66666666666667,24.0,6.021739130434785,99.268115942029,12.731884057971014,10.185517748372188,29.123766015542973,95.57787229573616,0.024817284222196468,0.04297216689432351,0.34914569669616446,18
18.666666666666657,53.33333333333333,64.33333333333334,10.065217391304346,93.3913043478261,26.442028985507253,31.505408527620265,1.7019533711405186,434.6862528880488,-0.24940217311077847,0.38733212066812184,0.9353120347648153,18
