RangeX,RangeY,RangeZ,MeanX,MeanY,MeanZ,VarX,VarY,VarZ,SkewX,SkewY,SkewZ,Label
41.0,13.0,45.333333333333314,10.866666666666665,43.98,28.913333333333334,125.52888888888887,11.041822222222217,153.01693333333336,1.4120368416864864,-1.364112022444189,-0.6429338872883279,18
32.33333333333333,22.0,123.66666666666666,11.953333333333333,47.43333333333334,37.64666666666667,75.22226666666667,121.57888888888886,1384.9084888888888,0.7567743505685216,-2.084484940225504,0.9791126082313664,18
39.33333333333333,715826577.6666667,114.33333333333331,13.133333333333333,14316577.56,34.60666666666666,123.52444444444446,1.0043190385463114e+16,1010.265288888889,0.6932618047326536,6.8571428571426605,0.9533480916346805,18
25.66666666666667,60.33333333333333,37.66666666666663,5.8133333333333335,91.26666666666668,15.16,48.694044444444444,4.968888888888891,123.12106666666665,1.9177750101857418,-1.1006629845437648,0.6359279817541955,18
12.666666666666657,58.66666666666667,64.66666666666663,5.36,89.02,21.620000000000005,11.114844444444447,7.090711111111115,367.6533777777775,0.28384835241405126,-1.1583935731599873,1.1801921221244873,18
