RangeX,RangeY,RangeZ,MeanX,MeanY,MeanZ,VarX,VarY,VarZ,SkewX,SkewY,SkewZ,Label
19.666666666666657,8.333333333333329,40.33333333333334,5.841269841269841,47.73809523809524,21.571428571428573,30.345175107079854,3.627173091458804,219.9327286470144,1.2366664043910498,-0.11601406504364312,-0.17146690864013703,18
46.33333333333334,9.333333333333329,105.33333333333333,12.079365079365079,35.88095238095238,35.142857142857146,132.5280927185689,274.8403250188964,900.7414965986394,1.5265648921516244,-0.41763155434769444,0.6181740377187555,18
38.0,11.0,108.33333333333333,11.61111111111111,37.36507936507937,36.59523809523809,95.91490299823631,324.623330813807,1298.4896069538927,1.2840371370369332,-0.8492208743041757,0.7245686820574039,18
21.33333333333333,63.33333333333333,53.33333333333334,8.8015873015873,97.42857142857144,20.261904761904763,37.7622197026959,30.00151171579743,290.08219954648536,0.2940075132386421,0.5082956112895827,0.7078483572285482,18
9.0,53.33333333333333,51.0,5.158730158730158,93.09523809523809,17.198412698412703,5.456286218190986,3.3348450491307617,208.33364827412447,-0.26215477810063453,-0.5136793561402462,1.139048846675939,18
