RangeX,RangeY,RangeZ,MeanX,MeanY,MeanZ,VarX,VarY,VarZ,SkewX,SkewY,SkewZ,Label
19.33333333333333,6.0,40.33333333333334,6.1060606060606055,47.75757575757576,27.60606060606061,33.57966023875115,3.6634527089072546,119.62258953168048,1.0317765838139485,0.7707131446773872,-0.7490301241499121,18
33.0,10.999999999999986,98.66666666666667,9.363636363636363,38.81060606060606,37.803030303030305,51.514233241505956,246.36564508723595,607.9056473829204,1.9352422948690133,-0.5093529493584905,0.7079926375985877,18
37.333333333333314,10.333333333333329,112.00000000000001,11.27272727272727,41.71969696969697,37.42424242424243,106.44077134986227,274.6764807162535,1534.7038567493112,0.9843800853488912,-0.9151524834317243,0.9175932238335998,18
7.0,67.66666666666667,34.00000000000003,4.484848484848485,100.52272727272727,19.575757575757578,5.189164370982554,71.9565541781451,74.80991735537195,-0.4667265152485012,0.040177410479751034,-0.02360448070807466,18
13.333333333333314,51.66666666666667,80.33333333333334,7.121212121212125,92.85606060606062,32.38636363636364,16.30853994490357,1.9666551882461007,566.5754706152434,-0.3246013192956537,0.8653887115629411,0.7160540650640759,18
