RangeX,RangeY,RangeZ,MeanX,MeanY,MeanZ,VarX,VarY,VarZ,SkewX,SkewY,SkewZ,Label
27.666666666666657,8.0,35.33333333333334,6.46,49.19333333333333,24.139999999999997,59.16395555555554,4.675955555555555,104.10262222222224,1.7173437559453588,0.7437227160715063,-0.9554554180862386,18
38.66666666666666,7.333333333333329,106.0,11.89333333333333,42.00666666666666,31.21333333333333,95.26862222222223,202.89995555555558,604.7189333333332,1.4465780382071536,-1.4378852385681757,1.2791743636481796,18
37.66666666666666,8.333333333333329,105.66666666666669,12.746666666666664,40.07333333333333,31.746666666666666,128.71359999999996,272.6279555555555,852.2024888888889,0.8491918356742658,-1.1635142679407626,1.1318967086757228,18
17.33333333333333,70.66666666666667,67.66666666666669,6.48,99.76666666666667,33.17333333333333,25.969599999999996,81.71222222222222,370.3477333333333,0.6200083629757015,0.4010677370266702,0.31770410048377556,18
8.0,51.66666666666667,79.66666666666669,4.286666666666665,93.28000000000002,25.04666666666667,4.40893333333334,3.414933333333333,477.12893333333335,-0.3837130473176125,-1.1594962949434895,1.424680646602091,18
