RangeX,RangeY,RangeZ,MeanX,MeanY,MeanZ,VarX,VarY,VarZ,SkewX,SkewY,SkewZ,Label
53.999999999999986,21.33333333333333,75.0,18.294871794871796,44.25641025641026,33.30769230769231,300.8660420775805,24.169296515450363,287.2172912557528,0.8345403121105242,-1.2474962132337841,-0.18832379018716439,18
49.66666666666666,28.999999999999986,124.66666666666667,15.51923076923077,41.929487179487175,59.02564102564102,197.971852399737,334.3475920447073,1419.3155818540433,1.1183519570916738,-0.7414175256914707,0.10662657481536118,18
55.66666666666666,1431653256.6666665,111.66666666666667,18.660256410256405,55063629.49358972,36.44871794871795,139.88243754109138,7.579996336943586e+16,828.9482248520709,1.0720756760019303,4.799999999999972,1.047391975986045,18
45.33333333333333,79.99999999999999,100.66666666666666,17.730769230769234,95.43589743589743,35.51282051282052,116.08990795529259,184.9937541091388,908.3053911900067,0.8243593591196643,-3.3617096326308262,0.8461507763943844,18
35.66666666666666,89.66666666666667,105.0,17.85897435897436,88.30128205128204,43.69230769230769,80.27498356344512,577.334442800789,991.336949375411,-0.28138776133758575,-1.2496876163071327,0.4922282226993017,18
