RangeX,RangeY,RangeZ,MeanX,MeanY,MeanZ,VarX,VarY,VarZ,SkewX,SkewY,SkewZ,Label
15.666666666666671,3.0,29.666666666666657,6.14141414141414,48.43434343434343,28.191919191919194,26.781348841954895,0.4679114376084066,65.905927966534,0.44101392561240893,0.17794079350840278,-0.7743374443217029,18
25.66666666666667,10.333333333333343,95.66666666666667,10.656565656565657,46.68686868686869,27.767676767676765,32.21201918171616,185.252117130905,1242.9392919089892,0.8714800784485912,-2.0946208350326145,1.4674149407206867,18
22.333333333333343,8.333333333333343,99.33333333333333,13.161616161616163,37.19191919191919,39.24242424242424,28.943577186001406,341.23926129986745,1267.9142944597488,-0.12904143312132374,-0.4699500441341731,0.909937907594064,18
14.0,42.33333333333334,40.0,8.424242424242424,87.47474747474749,19.15151515151515,14.022038567493102,0.956433017039083,179.0511172329354,-0.7990611183768199,-0.42722158034178026,0.9182251753238176,18
14.666666666666657,43.33333333333334,34.33333333333334,10.777777777777777,87.52525252525251,18.454545454545457,12.044893378226712,3.0978471584532192,205.4869911233548,-1.276090893022737,-0.3516784703471228,0.49728470543536557,18
