RangeX,RangeY,RangeZ,MeanX,MeanY,MeanZ,VarX,VarY,VarZ,SkewX,SkewY,SkewZ,Label
18.666666666666657,13.0,58.66666666666666,6.1933333333333325,43.1,36.92666666666666,21.302622222222222,7.943333333333332,159.9168444444445,0.9581790967366861,-0.3376696919214443,-0.2575329772641611,19
50.66666666666666,17.0,84.66666666666666,27.719999999999995,25.6,51.28666666666667,282.85048888888895,303.1244444444444,497.5822666666666,-0.142597368055958,0.013263758322098586,-0.41957804233087104,19
57.33333333333333,19.333333333333343,71.33333333333334,26.040000000000006,28.506666666666664,29.54,298.58951111111105,244.58328888888892,560.4884,0.6139192373094331,-0.1250857444874627,0.5470333912485235,19
11.333333333333329,57.66666666666666,53.333333333333314,4.46,89.43333333333334,22.41333333333333,6.995066666666662,6.263333333333329,155.10026666666667,0.4774913409749017,-1.13400480549735,1.0323457738024577,19
47.0,53.33333333333334,35.333333333333314,6.946666666666667,87.80666666666666,23.106666666666666,113.26382222222223,9.662622222222229,143.80195555555557,2.8831445765380885,-2.730089522283895,-0.4930083419223297,19
