RangeX,RangeY,RangeZ,MeanX,MeanY,MeanZ,VarX,VarY,VarZ,SkewX,SkewY,SkewZ,Label
14.666666666666686,33.0,85.33333333333334,6.88148148148148,41.111111111111114,48.71111111111112,16.1933607681756,107.21481481481479,876.7832098765433,0.6061541080481089,-1.1776517833511537,0.5853207070520787,19
53.33333333333334,43.0,17.0,17.57037037037037,46.451851851851856,16.792592592592598,224.97097393689995,156.05015089163237,90.78661179698214,0.9203380366332025,-0.9379125569144847,0.030600432321336975,19
40.33333333333334,41.33333333333334,38.33333333333334,20.725925925925925,44.07407407407407,22.385185185185186,139.9520438957476,196.48834019204398,263.75780521262004,0.1369257674414124,-1.082668626903649,0.5832671611984166,19
13.333333333333343,72.66666666666666,33.66666666666666,7.829629629629628,84.85925925925928,29.659259259259265,15.894430727023334,8.259204389574762,227.5727846364883,-0.17088277179585132,-1.074461607513703,-0.4212039051122508,19
14.0,73.66666666666666,30.0,9.133333333333336,86.65185185185186,26.548148148148154,2.3229629629629596,5.861508916323739,203.29953360768178,1.110761918938364,-1.6162449859682761,-0.46469693696680686,19
