RangeX,RangeY,RangeZ,MeanX,MeanY,MeanZ,VarX,VarY,VarZ,SkewX,SkewY,SkewZ,Label
16.666666666666657,37.66666666666667,104.0,5.2873563218390816,39.14942528735632,55.48850574712644,21.499801823226303,155.2880169110847,1134.5448870392388,0.7117343879726835,-0.44322643313870314,0.2214868321317331,19
51.0,36.999999999999986,33.0,16.45977011494253,42.61494252873564,10.310344827586208,245.03765358699954,226.33257365570088,59.601004095653316,0.8858798592638135,-1.2181650023578934,1.1168358948829002,19
34.66666666666666,35.66666666666667,23.333333333333343,9.580459770114942,49.08045977011494,9.091954022988507,77.80291319857311,24.855595190910268,34.746333729686874,1.3340204756937948,-1.1988690414457261,0.620176462331613,19
31.666666666666657,101.33333333333333,117.33333333333334,9.091954022988505,86.1896551724138,28.620689655172413,45.23292376800106,241.79736424891001,796.7909895626897,1.208970429294079,0.08260757635893072,1.9986233650363987,19
17.333333333333343,91.00000000000001,97.66666666666667,2.741379310344827,87.32758620689657,28.632183908045974,11.310509974897615,285.80264896287485,384.9145197516184,2.5430374278395678,-3.66122716713456,1.5867576714945384,19
