RangeX,RangeY,RangeZ,MeanX,MeanY,MeanZ,VarX,VarY,VarZ,SkewX,SkewY,SkewZ,Label
20.0,9.666666666666671,65.66666666666666,7.755952380952382,45.0,40.910714285714285,30.33528202947847,8.242063492063497,332.2916312358276,0.7284757463315089,-0.5329658943436709,-0.7079786063136035,19
43.333333333333314,20.666666666666657,64.66666666666666,13.869047619047617,36.07142857142857,39.69642857142857,170.4034863945578,294.3004535147392,180.68363803854876,1.1338063331784165,-0.47634200247508535,-0.020243095936419413,19
41.66666666666666,20.333333333333343,109.99999999999997,11.970238095238093,38.595238095238095,46.3095238095238,122.39395549886619,322.45521541950114,943.3684807256234,1.0718919443307278,-0.7131151986721962,1.1037893897689788,19
30.999999999999986,63.33333333333334,52.333333333333314,9.059523809523808,94.22619047619047,18.333333333333332,68.81391723356009,59.7107426303855,148.4761904761905,0.5560378779150658,-1.083467460917292,1.2804590059690515,19
30.333333333333314,65.66666666666666,46.0,14.148809523809522,99.48809523809526,20.190476190476186,34.71396683673469,4.226048752834468,88.21768707482995,0.4776543811912846,0.27084255330686596,0.34047253000142064,19
