RangeX,RangeY,RangeZ,MeanX,MeanY,MeanZ,VarX,VarY,VarZ,SkewX,SkewY,SkewZ,Label
19.0,16.66666666666667,48.33333333333334,7.313131313131312,36.97979797979798,57.232323232323225,40.90194878073667,29.070298949086826,238.11774308744003,0.6904964037051012,-0.6483487355905311,0.481872678254473,19
47.0,28.666666666666657,-0.9999999999999716,21.54545454545455,41.292929292929294,16.262626262626267,310.1065197428834,145.58085909601058,116.05223956739107,0.22791363317009,-0.9501121329913916,0.28722372154990355,19
46.66666666666666,26.333333333333343,-14.666666666666657,20.818181818181817,39.07070707070707,14.292929292929292,291.9400061218243,232.93439444954592,34.79971431486581,0.1945941572635623,-1.1761096065450973,-0.7104173823118878,19
14.0,63.0,1.6666666666666856,4.242424242424244,86.10101010101009,17.242424242424242,16.67523722069177,3.706968676665645,163.06580961126426,1.0531073814390672,-0.3701378057984728,0.25736751287616805,19
9.0,62.0,-8.666666666666629,4.373737373737374,86.45454545454547,14.74747474747475,11.23742475257627,0.4903581267217612,41.54902560963166,0.05030041360062957,0.4364700652600561,0.26334416855826887,19
