RangeX,RangeY,RangeZ,MeanX,MeanY,MeanZ,VarX,VarY,VarZ,SkewX,SkewY,SkewZ,Label
21.666666666666657,18.66666666666667,57.666666666666686,8.948717948717949,37.48717948717949,50.8034188034188,46.74380889765505,35.66294104755643,372.8986777704727,0.9030610175202824,-0.7953406066970967,0.3868692517098628,19
47.999999999999986,28.333333333333343,8.0,19.350427350427353,40.61538461538461,18.444444444444443,302.81452260939443,200.61845277229895,101.27255460588789,0.49916955922297157,-0.9958292797446672,-0.49168738803690387,19
44.333333333333314,27.333333333333343,11.666666666666686,17.31623931623932,39.68376068376068,16.222222222222218,256.9455767404486,246.21623201110378,89.83095916429244,0.5411767253103803,-1.1851343357805273,0.6316863026405013,19
8.0,64.0,5.333333333333371,4.880341880341882,86.72649572649571,13.829059829059828,5.438673387391339,3.1103805975600816,104.68303017020962,-0.4723346726295611,-0.8599102647380824,0.5157437074626322,19
6.666666666666657,63.33333333333334,1.3333333333333712,2.6324786324786325,86.64102564102564,17.27350427350427,3.035868215355391,0.9594564979180384,60.85397034114976,0.7357161531587175,-0.6823524488461408,-0.32809252073813644,19
