RangeX,RangeY,RangeZ,MeanX,MeanY,MeanZ,VarX,VarY,VarZ,SkewX,SkewY,SkewZ,Label
12.666666666666657,34.66666666666667,92.66666666666666,4.2653061224489806,34.482993197278915,70.10204081632652,12.884261187468184,133.33814614281087,1131.9873200981071,0.5066089743417636,-0.05710023433964914,-0.32950075148887953,19
50.33333333333333,40.33333333333334,10.333333333333343,21.9047619047619,40.6530612244898,10.319727891156464,302.09070294784584,214.92498495997037,66.27645888287289,0.44379767328573855,-1.031271474825076,0.5816218361492931,19
48.33333333333333,39.66666666666666,14.666666666666657,14.700680272108842,45.9591836734694,13.061224489795919,172.2324031653478,79.5085381091212,61.427090564116796,0.990925666294294,-1.5949706703677702,0.6898525126137756,19
25.0,76.66666666666666,38.333333333333314,11.945578231292517,76.68027210884354,31.523809523809526,73.8791244388912,66.51228654727197,297.11564625850326,0.11115062264476015,0.48588358594102926,-0.15575353850692827,19
8.666666666666657,78.0,19.333333333333314,2.8775510204081627,86.80952380952381,18.91156462585034,5.195890601138415,26.068027210884374,78.13050118006383,0.8417494295967323,-1.6425794799217435,-0.1713526508011788,19
