RangeX,RangeY,RangeZ,MeanX,MeanY,MeanZ,VarX,VarY,VarZ,SkewX,SkewY,SkewZ,Label
21.0,14.666666666666657,70.66666666666669,7.499999999999997,43.31818181818182,53.1439393939394,45.22474747474751,10.90886134067952,460.325241046832,0.59992432608079,-0.0747338656756382,-0.9260318301677642,19
46.66666666666666,19.66666666666667,63.66666666666666,17.78030303030303,35.89393939393939,38.689393939393945,193.85324839302118,313.3170339761249,271.6989784205693,0.9714074029668239,-0.5470058101692555,0.32797094917202385,19
50.999999999999986,19.33333333333333,86.0,15.893939393939394,38.33333333333333,41.24999999999999,192.76652892561978,328.4949494949494,493.6773989898988,0.8284889200445714,-0.7047856788890019,0.8360054086400776,19
24.33333333333333,65.99999999999999,44.666666666666686,8.07575757575758,92.2121212121212,17.000000000000004,39.33769513314967,97.99540863177229,280.42424242424244,1.0435566510616914,-0.9475642963892219,1.0068930908977356,19
38.0,63.999999999999986,58.33333333333334,24.43939393939394,88.24242424242424,22.90909090909091,135.06450872359963,53.92607897153351,287.2240587695134,-0.7470208535317119,-1.5407482202545844,0.7099183393152058,19
