RangeX,RangeY,RangeZ,MeanX,MeanY,MeanZ,VarX,VarY,VarZ,SkewX,SkewY,SkewZ,Label
11.0,11.0,56.33333333333334,4.048780487804877,47.21138211382114,35.471544715447145,8.387864366448541,5.874016788948374,206.46057241060217,0.6237161617752838,-1.429842468007893,1.3362384369724953,19
44.66666666666666,17.33333333333333,29.333333333333343,22.48780487804878,36.89430894308943,19.27642276422764,225.7457862383502,299.22731178531296,112.42765549606717,0.023331013601913586,-0.47440369465477256,0.8565723491499191,19
50.33333333333333,16.33333333333333,66.0,22.08130081300813,34.048780487804876,33.75609756097561,173.18580210192346,351.86211910899596,557.9350915460375,0.20469546866321864,-0.1706357893624859,0.28636345542136044,19
10.0,53.999999999999986,65.33333333333334,4.943089430894308,89.52845528455285,31.130081300813007,7.300284222354418,23.956507369951755,482.5305043294333,0.10107337030363973,-1.304105172505681,1.0327898225472607,19
12.333333333333343,53.999999999999986,25.0,6.910569105691057,92.57723577235772,17.552845528455283,7.880891004031993,0.45541674928944265,102.48026968074562,0.12381641833834435,-0.30259576636051083,0.40094344729457276,19
