RangeX,RangeY,RangeZ,MeanX,MeanY,MeanZ,VarX,VarY,VarZ,SkewX,SkewY,SkewZ,Label
22.333333333333314,16.33333333333333,38.33333333333334,6.4038461538461515,42.71794871794872,47.15384615384615,43.14673734385273,15.381985535831685,87.5190664036818,1.4447145665854328,-1.6157021831870158,0.8093071014790866,19
52.0,28.66666666666667,40.0,21.07051282051282,41.05769230769231,24.583333333333336,346.3475920447075,373.33214168310326,379.4866452991454,0.41746587969505006,-0.7583882262750379,0.5998877263171675,19
56.66666666666666,26.66666666666667,32.33333333333334,19.814102564102562,38.820512820512825,25.294871794871803,314.9932199211046,427.0361604207758,421.4515121630506,0.6417809274699695,-0.7341307331062276,0.5922441910775996,19
7.666666666666657,60.999999999999986,1.6666666666666572,2.2435897435897427,88.25,18.634615384615383,4.24408284023669,1.6105769230769247,70.07375904010517,1.2880244032097075,-0.08742146288909368,0.056540469549864816,19
8.333333333333314,60.66666666666667,-2.666666666666657,3.1730769230769225,88.06410256410255,15.730769230769234,5.668762327416166,5.1155489809336006,78.08563445101908,0.6201296260740354,-1.3125433680129224,0.030959146071074375,19
