RangeX,RangeY,RangeZ,MeanX,MeanY,MeanZ,VarX,VarY,VarZ,SkewX,SkewY,SkewZ,Label
23.33333333333333,25.0,72.66666666666666,11.637037037037041,44.91851851851852,57.02962962962963,49.559615912208464,61.23039780521262,557.7176406035665,-0.12818809718044408,-0.9200563148922448,0.5814205229980672,19
43.66666666666666,31.666666666666657,31.666666666666657,17.725925925925925,27.91851851851851,26.266666666666666,176.2631550068587,413.94150891632387,224.40790123456796,0.835396658171618,0.07844913311680299,0.6829906249563051,19
53.66666666666666,34.66666666666666,13.666666666666657,29.85925925925926,33.007407407407406,16.029629629629632,321.64192043895747,418.2789574759946,106.99171467764062,-0.30964806841495274,-0.1836525974804391,0.9396909461631173,19
20.666666666666657,68.0,11.333333333333314,8.162962962962963,92.41481481481482,19.511111111111113,18.210480109739372,5.926694101508914,130.79308641975305,0.9108751359892924,-0.4793857020354031,0.21953700641552013,19
13.0,68.66666666666666,23.333333333333314,7.399999999999995,92.8,17.17037037037037,8.812839506172846,4.406913580246907,172.60060356652943,-0.4733023475154367,-0.27407086539570497,1.1583734001094421,19
