RangeX,RangeY,RangeZ,MeanX,MeanY,MeanZ,VarX,VarY,VarZ,SkewX,SkewY,SkewZ,Label
20.0,24.333333333333343,73.0,5.323232323232322,41.76767676767677,38.86868686868687,32.31976328946026,55.55208652178351,607.8379757167636,1.5354155752197864,-1.3799593177627876,0.8062686335095491,19
46.000000000000014,31.66666666666667,50.0,17.67676767676768,36.37373737373737,20.050505050505052,173.2490562187532,309.6077951229467,326.27691051933465,0.6089834355499542,-0.4683609159539145,1.2134607730481288,19
45.66666666666667,31.000000000000014,33.66666666666666,23.8989898989899,35.636363636363626,18.98989898989899,214.7709417406387,332.15059687786965,245.74737271706962,0.011406003724107305,-0.41517111307241444,0.5907728836226254,19
12.666666666666686,65.00000000000001,23.0,7.2020202020202015,86.50505050505052,18.555555555555554,13.864911743699617,0.5934088358330802,91.3849607182941,-0.270489704534197,0.26053340771695443,0.04375202627099814,19
15.333333333333343,65.33333333333333,27.333333333333314,10.929292929292927,86.76767676767676,20.26262626262627,4.0455055606570705,1.410672380369347,163.73574125089274,1.1133704748010598,-1.2015919943044826,0.2846578679479215,19
