RangeX,RangeY,RangeZ,MeanX,MeanY,MeanZ,VarX,VarY,VarZ,SkewX,SkewY,SkewZ,Label
17.666666666666657,24.0,76.66666666666669,5.139784946236558,40.05376344086022,39.32258064516128,21.453578448375538,45.88599838131573,532.3332177130302,1.489168217167102,-1.399720823303311,0.6927935627162597,19
47.33333333333333,30.666666666666657,55.666666666666686,19.913978494623652,36.817204301075265,23.172043010752684,136.1001271823332,186.15654989016065,329.6263151809456,0.40617512067510225,-0.6024411835985278,0.7080778687247334,19
51.33333333333333,30.666666666666657,53.00000000000003,30.827956989247312,29.65591397849462,27.24731182795699,251.02416464331137,360.1181639495896,325.62700890276335,-0.43381595537008744,0.012129488726005812,0.7318683207446435,19
13.0,66.0,26.666666666666686,7.978494623655914,86.06451612903227,15.505376344086025,9.153659382587582,3.4151925078043734,71.96323274366985,-0.6090405188008019,-0.5182074563380046,0.7368946199368763,19
16.0,66.0,59.33333333333337,9.80645161290323,86.09677419354838,30.21505376344085,11.016302462712451,3.929702855821481,513.1293791189734,-0.5869156070727258,-0.26665745339661245,0.4846615408236235,19
