RangeX,RangeY,RangeZ,MeanX,MeanY,MeanZ,VarX,VarY,VarZ,SkewX,SkewY,SkewZ,Label
27.0,27.66666666666667,95.66666666666666,7.797619047619047,48.95238095238095,38.85119047619048,52.161422902494344,46.81122448979592,479.44412556689343,0.8438555619807864,-1.7469419870345682,1.7905120219285793,19
51.66666666666666,32.000000000000014,73.33333333333334,25.13690476190476,33.482142857142854,30.125,317.68165391156464,516.0750779478458,388.3633432539683,0.17036149637388082,-0.22938607181860643,0.8505041373337807,19
57.33333333333333,36.66666666666667,73.33333333333334,23.119047619047617,34.660714285714285,32.13095238095239,266.4739229024943,434.2559169501134,597.419359410431,0.5474495362768877,-0.10992252460126402,0.37514583395892437,19
34.33333333333333,69.66666666666667,52.0,12.07738095238095,93.77380952380953,26.517857142857142,37.14282171201814,3.3178854875283412,195.14253826530617,1.728254228838582,-1.0808182802752317,0.30415109350785163,19
35.0,68.00000000000001,56.0,8.011904761904761,91.73214285714286,21.386904761904763,61.337159863945566,10.231823979591825,230.64990787981864,2.2282949657216897,-1.4552891094360025,1.2454256711414173,19
