RangeX,RangeY,RangeZ,MeanX,MeanY,MeanZ,VarX,VarY,VarZ,SkewX,SkewY,SkewZ,Label
14.666666666666657,16.33333333333333,67.33333333333331,4.942857142857141,41.885714285714286,42.076190476190476,11.495147392290255,13.694875283446704,251.53705215419495,1.2844469886258274,-1.0243209074555246,-0.9760693019767974,19
52.0,27.999999999999986,82.33333333333331,17.828571428571433,33.3,30.071428571428573,187.1229931972789,312.94015873015866,558.5234693877552,0.8788514957961433,-0.1240254831762664,0.9592699222497504,19
54.66666666666666,24.999999999999986,56.0,21.6,30.847619047619048,22.480952380952377,285.8209523809524,502.94820861678005,218.9702721088436,0.7038201230305957,-0.21368399911976516,0.5267325970284925,19
14.666666666666657,62.999999999999986,61.66666666666663,5.0047619047619065,89.19047619047619,19.490476190476187,12.696802721088433,8.85578231292517,260.2118140589569,0.993460829279182,-1.3147855514576041,0.847050917520549,19
50.0,61.33333333333333,58.66666666666663,10.061904761904762,86.87619047619049,25.171428571428578,143.5025170068027,19.851337868480737,251.16108843537418,2.22937282469137,-2.0581215213963375,0.7713217546169239,19
