RangeX,RangeY,RangeZ,MeanX,MeanY,MeanZ,VarX,VarY,VarZ,SkewX,SkewY,SkewZ,Label
16.66666666666667,12.333333333333343,43.0,6.255555555555556,43.34444444444444,54.788888888888884,36.32358024691357,18.040617283950624,234.8035802469135,0.6216440976137992,-0.7390393396724046,0.23307367264192477,19
53.000000000000014,22.000000000000014,11.0,26.888888888888882,39.07777777777778,23.96666666666666,263.30617283950613,253.83469135802468,136.32851851851848,0.07793392553543682,-0.48007371760117995,0.3264057046844948,19
37.000000000000014,20.33333333333333,15.333333333333343,20.74444444444445,39.0,26.966666666666665,159.36802469135804,188.29629629629628,124.82481481481484,-0.14162914953127265,-0.48018148689629647,-0.34478013454593426,19
15.333333333333343,54.000000000000014,2.0,8.166666666666666,87.31111111111113,21.288888888888888,20.04259259259261,1.355061728395065,99.60543209876545,0.08758924190109754,0.12145581948421186,0.025277181449076033,19
14.000000000000014,55.000000000000014,1.0,9.088888888888887,87.50000000000001,21.133333333333333,7.080987654320976,4.509259259259267,165.53777777777776,-0.09382878951646961,-0.3887268051636224,-0.3538073596446268,19
