RangeX,RangeY,RangeZ,MeanX,MeanY,MeanZ,VarX,VarY,VarZ,SkewX,SkewY,SkewZ,Label
19.666666666666657,12.666666666666671,36.33333333333334,5.46,43.33333333333333,42.04666666666667,43.181733333333284,9.982222222222221,79.52893333333336,1.047361397194471,-1.2268608103136063,0.7129849121331558,19
54.0,24.333333333333343,64.00000000000001,21.98,36.379999999999995,36.239999999999995,314.7084888888889,336.9022666666667,732.4224,0.44707979089771677,-0.5114535949578256,0.5043930069607845,19
57.33333333333333,24.666666666666657,51.33333333333334,27.9,34.64666666666666,32.959999999999994,259.61,371.95293333333325,597.8384,-0.12755989738886875,-0.4281528367646162,0.46174593824625926,19
7.666666666666671,58.33333333333334,0.3333333333333428,3.28,89.36,14.740000000000002,4.703822222222227,2.705955555555548,86.08573333333332,0.48446333760284177,-0.7888387060977401,-0.0049106052876362865,19
13.666666666666657,56.33333333333334,16.333333333333343,6.033333333333335,87.44,17.68,12.169999999999986,5.699733333333326,104.16426666666666,0.4109906196973456,-1.1790747470480238,0.7251591160243107,19
