RangeX,RangeY,RangeZ,MeanX,MeanY,MeanZ,VarX,VarY,VarZ,SkewX,SkewY,SkewZ,Label
20.666666666666657,21.33333333333333,62.0,7.636363636363637,38.227272727272734,57.75,48.49908172635446,45.367539026629935,379.7329545454546,0.7459309250485939,-0.6098114606870371,0.2886751650369272,19
53.33333333333333,33.0,13.333333333333314,21.674242424242422,45.24999999999999,19.23484848484848,326.0630739210285,140.18749999999997,132.52312901744722,0.505096590234444,-0.9475815349940002,0.21770240312131348,19
48.66666666666666,31.333333333333343,8.0,19.916666666666664,42.09090909090909,16.613636363636363,325.2329545454545,307.23415977961434,105.75728879706158,0.4306801202647801,-1.2924499883070075,0.37650277558266587,19
10.333333333333343,68.0,17.333333333333343,6.06060606060606,89.43939393939394,17.265151515151512,6.228650137741061,6.579660238751151,188.75040174471985,-0.28004125927645573,-0.7159246272342902,0.6010902031733212,19
10.333333333333343,69.0,-2.842170943040401e-14,5.954545454545454,90.76515151515153,15.20454545454545,7.710055096418727,4.29080578512396,57.56169651056016,-0.47059803138343526,-0.466539035249602,-0.03648594662677695,19
