RangeX,RangeY,RangeZ,MeanX,MeanY,MeanZ,VarX,VarY,VarZ,SkewX,SkewY,SkewZ,Label
12.0,11.333333333333343,41.0,4.437037037037037,45.23703703703704,39.281481481481485,10.088010973936901,3.400603566529498,64.65163237311384,0.6091797133132656,-1.7632133245587311,-0.1771545225700048,19
51.66666666666666,18.33333333333333,64.33333333333334,15.66666666666667,28.407407407407405,26.192592592592582,223.23456790123456,490.25624142661184,675.4147599451304,1.316097767635166,-0.0706608231030697,0.6994637847934392,19
60.33333333333333,20.66666666666667,67.66666666666666,23.577777777777783,33.629629629629626,32.05185185185186,438.91555555555556,341.1072702331962,738.9232373113854,0.7062866151407132,-0.3958272859032031,0.5837712238741104,19
13.0,57.66666666666667,30.333333333333343,4.48888888888889,90.25185185185187,16.955555555555556,8.605432098765432,9.813113854595327,179.360987654321,0.5666216275168798,-3.0401850731725193,0.6636417369878425,19
12.0,54.000000000000014,79.33333333333334,4.955555555555557,87.5925925925926,27.16296296296296,9.746172839506158,22.029080932784648,535.0796159122086,0.022099758482318824,-2.3551460031702756,1.7677317651507483,19
