RangeX,RangeY,RangeZ,MeanX,MeanY,MeanZ,VarX,VarY,VarZ,SkewX,SkewY,SkewZ,Label
12.0,29.66666666666667,85.66666666666669,6.777777777777776,40.87179487179487,51.81196581196582,14.389363722697059,92.83541529695378,926.9617941412815,0.2593211781110491,-0.859133059900226,0.38291903335668526,19
49.33333333333334,37.33333333333333,23.0,22.085470085470085,39.72649572649573,15.632478632478625,248.76762363941847,322.1816056687852,132.51165169113887,0.4277249655273885,-0.6099453070269364,0.710127897696361,19
46.66666666666667,37.000000000000014,44.33333333333334,21.512820512820515,40.316239316239326,23.1965811965812,190.82533420994957,303.54386733873906,384.66505953685436,0.5584874563913967,-0.7478452706404854,0.893225527174254,19
12.0,68.66666666666667,31.333333333333343,7.068376068376067,84.6837606837607,31.495726495726494,14.71327343122215,6.911388706260514,275.35539484257436,-0.0693005343557655,-0.4866651526818436,-0.5293130289480913,19
15.0,68.66666666666667,44.666666666666686,8.735042735042738,86.44444444444446,29.47863247863248,4.23464095258967,4.281101614434951,400.2096573891445,0.5432631413961128,-0.9337103133570839,-0.008424105181202722,19
