RangeX,RangeY,RangeZ,MeanX,MeanY,MeanZ,VarX,VarY,VarZ,SkewX,SkewY,SkewZ,Label
8.666666666666657,14.333333333333329,53.66666666666666,4.714285714285714,44.00952380952381,50.91428571428571,5.835827664399083,20.764988662131504,305.63392290249436,0.42582580334215453,-1.0667727770191084,0.43085413294412256,19
56.999999999999986,28.333333333333343,20.33333333333333,24.295238095238098,44.51428571428571,22.114285714285714,315.01442176870745,222.237097505669,146.3551927437642,0.6493934261525998,-0.8661281465103969,0.2947477117974467,19
41.999999999999986,22.666666666666657,14.333333333333314,20.895238095238096,39.82857142857143,25.457142857142856,174.57632653061222,243.18965986394556,214.5275283446712,0.29566353186446215,-1.1551796182411844,-0.4560949938017396,19
11.333333333333329,55.33333333333334,10.0,7.704761904761905,87.39047619047619,18.37142857142857,8.068390022675736,2.485623582766438,138.82394557823125,-0.17469260846334775,-0.8783727076911464,0.475694884533879,19
15.333333333333329,55.66666666666666,4.0,10.704761904761906,87.86666666666666,22.24761904761905,6.944580498866208,1.6838095238095214,48.230748299319735,-0.00428275826850163,-1.0050911518511079,-0.5701232591570897,19
