RangeX,RangeY,RangeZ,MeanX,MeanY,MeanZ,VarX,VarY,VarZ,SkewX,SkewY,SkewZ,Label
15.333333333333343,27.33333333333333,79.0,6.930232558139532,41.53488372093023,53.240310077519375,18.178595036355986,73.64929992187972,748.3531037798208,0.5852139921542546,-0.7296622148511355,0.29370508860436256,19
48.33333333333334,35.999999999999986,15.333333333333343,20.968992248062015,43.03875968992248,16.255813953488374,269.2238447208702,327.42227029625616,68.11802175350041,0.39923934109393866,-1.0789453193897234,0.31649895257987887,19
50.33333333333334,35.66666666666667,15.666666666666686,19.565891472868216,45.09302325581396,11.36434108527132,259.88906916651644,233.15413737155222,81.96286280872546,0.7843350410644286,-0.9337335881527489,1.2436697863926895,19
12.0,65.99999999999999,30.0,8.875968992248064,84.71317829457364,31.57364341085271,8.832161528754268,7.718766901027585,149.6399254852473,-0.2513038478741856,-0.6066719082391776,-0.3199501386347622,19
11.333333333333343,65.66666666666667,46.666666666666686,7.775193798449613,86.12403100775192,33.53488372093023,6.499849768643707,2.2223424073072526,419.8508503094766,-0.8377905657995979,-0.7077535651199265,-0.10895116336587725,19
