RangeX,RangeY,RangeZ,MeanX,MeanY,MeanZ,VarX,VarY,VarZ,SkewX,SkewY,SkewZ,Label
14.333333333333343,12.0,55.66666666666666,5.7222222222222205,47.462962962962955,42.77777777777778,9.083333333333341,9.267146776406037,244.81481481481484,0.7309588114818882,-1.5907112804646086,0.9452063991783016,19
48.33333333333334,17.66666666666667,41.0,23.5,41.62037037037037,28.916666666666668,249.0030864197531,225.130572702332,283.2986111111111,0.18670465699852365,-1.1941435011485138,0.44749846497373746,19
53.66666666666667,18.999999999999986,42.333333333333314,29.27777777777778,39.97222222222222,26.500000000000004,208.98456790123458,225.76157407407408,417.9043209876543,-0.25567621951305397,-1.0418621402074628,0.7130080493934248,19
7.333333333333343,53.66666666666667,17.0,4.027777777777776,89.98148148148147,22.35185185185185,4.138117283950614,3.055212620027436,120.41323731138547,0.1925876090018977,-0.4760433375392019,0.16008752572439233,19
7.333333333333343,54.999999999999986,23.666666666666657,4.777777777777777,91.74074074074075,22.796296296296294,3.51851851851852,1.0377229080932764,279.1560356652949,-0.34907015445487527,-0.9173031779643959,0.19698298577828274,19
