RangeX,RangeY,RangeZ,MeanX,MeanY,MeanZ,VarX,VarY,VarZ,SkewX,SkewY,SkewZ,Label
26.33333333333333,51.66666666666667,107.66666666666669,8.051282051282053,38.8525641025641,53.75,48.27087442472056,225.82227975016434,1215.6404914529917,1.2606913329781955,-1.3885464392042697,0.24816877949009183,20
23.33333333333333,52.33333333333334,51.33333333333334,7.160256410256411,49.06410256410257,18.33974358974359,23.091839250493102,19.64973701512163,234.040557199211,0.7659414659167572,-3.4466665696152194,0.6615736821816688,20
26.666666666666657,54.33333333333334,107.00000000000001,8.237179487179487,42.185897435897424,31.115384615384617,53.95870315581856,243.3863823142669,1221.311472715319,1.0900083237790286,-1.402846872946295,1.268708760922213,20
16.999999999999986,108.66666666666669,119.33333333333334,8.858974358974358,86.2948717948718,41.185897435897445,18.360453648915165,405.6438198553582,1108.6171515450364,0.11476028900488194,-1.4684902969358853,0.9884023288382735,20
7.666666666666657,91.66666666666669,83.66666666666669,3.326923076923076,87.03205128205128,30.39102564102564,4.190129848783693,51.22333168967785,520.3620562130177,0.3745252504910267,-2.1864312668623955,1.2514847666954942,20
