RangeX,RangeY,RangeZ,MeanX,MeanY,MeanZ,VarX,VarY,VarZ,SkewX,SkewY,SkewZ,Label
39.66666666666666,27.666666666666664,41.666666666666686,18.95238095238095,37.17460317460318,43.817460317460316,157.41572184429327,72.29226505416983,74.99048878810785,0.2263512447806563,-0.7928130655876818,-0.13292107786296434,20
41.0,35.66666666666666,93.00000000000001,22.246031746031743,36.888888888888886,49.0,160.29132023179642,231.4691358024691,584.7037037037038,-0.11966830186291491,-0.9175453960570789,0.12626174398851858,20
46.33333333333333,38.66666666666666,88.33333333333334,17.404761904761905,41.54761904761905,42.74603174603175,168.4049508692366,266.0466742252457,1237.6444948349713,0.4206135984418824,-0.9832314234237373,0.8845383649924571,20
18.0,94.66666666666666,44.666666666666686,4.444444444444445,101.1031746031746,29.111111111111114,25.516754850088187,48.61633912824387,260.6014109347442,1.4532705064989055,0.22947658437334822,0.5102054242512175,20
29.333333333333343,84.33333333333334,48.33333333333334,10.126984126984128,88.34126984126983,24.968253968253965,51.206097253716315,167.79623330813806,307.5175107079869,1.3336927285788573,-1.4582265344096037,1.0820824761586172,20
