RangeX,RangeY,RangeZ,MeanX,MeanY,MeanZ,VarX,VarY,VarZ,SkewX,SkewY,SkewZ,Label
19.0,14.666666666666657,55.0,10.676190476190476,45.36190476190476,45.209523809523816,30.5364172335601,16.37696145124717,335.7910204081633,-0.2746818068928656,-1.5507854545586013,0.7704995523702339,20
13.0,25.33333333333333,36.33333333333333,6.923809523809523,51.98095238095238,27.847619047619048,12.20371882086168,12.76154195011338,354.61804988662135,-0.06879504027783709,-0.12179060383032599,0.342196043456578,20
20.0,31.33333333333333,90.33333333333333,9.457142857142857,41.371428571428574,44.5047619047619,30.21006802721088,452.35410430838994,1202.9102947845809,0.2342663489372592,-0.5863124482053378,0.9613508894956607,20
16.66666666666667,56.66666666666664,61.66666666666666,7.876190476190477,85.48571428571427,19.43809523809524,19.930702947845816,38.8402721088435,341.5731519274376,0.3012027499077958,-2.4250923518620744,1.5028156761623284,20
12.333333333333343,55.33333333333333,60.66666666666666,7.800000000000003,82.99047619047619,31.08571428571428,13.25841269841269,71.17133786848069,459.3418594104309,-0.5643818549753187,-1.7743337596759883,0.7095308422326259,20
