RangeX,RangeY,RangeZ,MeanX,MeanY,MeanZ,VarX,VarY,VarZ,SkewX,SkewY,SkewZ,Label
27.0,41.66666666666667,106.33333333333331,6.975308641975308,42.65432098765433,38.06172839506173,43.41502819692123,88.64182289285172,809.5558603871361,1.057338115281186,-1.6958010554932557,1.0714093062417092,20
43.33333333333333,42.33333333333333,70.33333333333331,8.123456790123457,46.623456790123456,20.234567901234566,65.44154854442918,131.09484072549918,207.87501905197385,2.7697251686243387,-2.8752304880811708,1.43692980146979,20
28.333333333333343,44.000000000000014,106.33333333333333,7.765432098765431,42.23456790123456,29.83333333333333,53.27008078036884,242.7145252248133,1122.3487654320988,1.5039139838827833,-1.4735696220222803,1.4424158899529973,20
16.33333333333333,99.00000000000001,72.33333333333331,7.728395061728396,90.2716049382716,36.02469135802469,11.016765736930333,171.1525682060662,518.6002133821063,0.04117386267238065,-0.6961577066264729,0.26154801751785345,20
28.33333333333333,82.00000000000001,79.33333333333334,3.327160493827162,88.05555555555556,29.54938271604938,17.668686175887814,29.776748971193424,473.7948864502364,4.3659309706009335,-2.5180391969064333,1.2833595372833886,20
