RangeX,RangeY,RangeZ,MeanX,MeanY,MeanZ,VarX,VarY,VarZ,SkewX,SkewY,SkewZ,Label
14.666666666666657,30.33333333333333,89.33333333333334,7.519379844961244,34.81395348837209,44.74418604651163,20.420167057268202,107.41241511928366,782.9138873865754,-0.09658830627171155,-0.6611125399173132,0.37410622056630294,20
12.0,44.66666666666666,70.33333333333333,6.286821705426357,50.37209302325582,22.720930232558143,4.71618292169942,61.789195360855715,393.22444564629524,0.6682484287239233,-1.2091368707388455,1.470159197613808,20
42.66666666666666,51.333333333333314,89.33333333333333,16.325581395348838,44.71317829457364,31.35658914728682,169.14981070849103,401.96166095787515,737.1286581335256,0.8607822566754694,-0.7680017412649021,1.4135322674167483,20
17.0,74.66666666666666,101.0,6.240310077519381,82.5891472868217,38.33333333333333,21.288504296616786,32.35057989303527,1075.9276485788112,0.8628030148321039,-1.1876835789580804,0.9992770861740006,20
13.666666666666657,78.66666666666666,68.33333333333331,3.124031007751938,81.82170542635659,28.70542635658915,6.38771708430983,35.59353404242534,409.69617210504174,1.810349613212987,-1.031386226069461,0.6028224954506732,20
