RangeX,RangeY,RangeZ,MeanX,MeanY,MeanZ,VarX,VarY,VarZ,SkewX,SkewY,SkewZ,Label
32.33333333333334,22.33333333333333,52.333333333333314,15.72222222222222,42.17460317460317,32.96031746031746,122.63977072310402,33.652053413958164,224.34498614260514,0.026724780339036233,-0.9204223386064372,-1.0129642366329246,20
43.33333333333334,29.666666666666657,115.99999999999999,12.73015873015873,39.26984126984127,54.22222222222223,143.41395817586294,210.97480473670953,656.8130511463844,1.0497167320112046,-1.35343549943134,0.4612162069028073,20
60.000000000000014,32.0,110.33333333333331,18.634920634920633,38.833333333333336,39.357142857142854,379.5915847820609,326.4933862433862,867.3618669690097,1.0973605257761927,-0.6721439959373008,0.8125457761223367,20
15.666666666666671,84.0,59.0,6.5476190476190474,100.21428571428574,19.722222222222225,19.866780045351472,14.041383219954653,178.1582892416225,0.49329592699675406,0.9032875201857864,0.8481397053699159,20
27.666666666666686,76.66666666666666,70.0,10.944444444444446,88.78571428571428,23.849206349206348,58.35405643738979,320.79270597127737,489.58308138070043,0.4847497006419841,-1.680981458464892,0.9341362350130913,20
