RangeX,RangeY,RangeZ,MeanX,MeanY,MeanZ,VarX,VarY,VarZ,SkewX,SkewY,SkewZ,Label
15.333333333333343,51.33333333333332,96.66666666666666,7.666666666666667,39.32704402515723,53.59748427672957,13.014675052410903,229.2724971322337,932.7184842371744,0.08117559975398378,-0.8867006367067017,0.5500498830469546,20
46.0,59.0,65.33333333333331,12.49056603773585,45.59748427672957,24.044025157232703,152.1744393022428,364.0937462916815,296.0462798148807,1.69185046186322,-1.3956591655313135,0.686152058224026,20
35.66666666666666,715826607.0,99.33333333333333,9.415094339622645,27012373.10691823,27.257861635220127,68.3895415529449,1.8606472583535896e+16,1052.853842806851,1.5626848869187604,4.851722960585546,1.412784941784365,20
14.0,99.33333333333331,60.99999999999997,7.301886792452829,86.8805031446541,19.80503144654088,16.07238637712116,202.6335192437007,482.8655512044617,-0.18266864021851917,-1.5258439808655804,1.1913989136054703,20
38.33333333333333,95.66666666666666,133.66666666666666,9.691823899371068,80.67924528301887,45.54088050314464,49.575887029785214,423.75246232348417,1256.8982239626596,2.013891677977795,-1.4711847415228634,1.2268312079648664,20
