RangeX,RangeY,RangeZ,MeanX,MeanY,MeanZ,VarX,VarY,VarZ,SkewX,SkewY,SkewZ,Label
12.666666666666657,49.000000000000014,110.33333333333334,4.282051282051282,36.160256410256416,54.90384615384616,10.766600920447072,255.91662557527937,1378.1595578566735,0.9228915635993179,-1.0314078717281947,0.049769768756244975,20
20.333333333333314,55.666666666666686,104.66666666666667,7.038461538461539,38.08333333333333,53.92948717948718,29.733563445101893,289.68749999999994,970.4202416173571,1.075308814571142,-0.935323706271322,-0.1972609898016731,20
26.333333333333314,63.0,116.33333333333333,8.5,41.80128205128205,30.551282051282044,44.147435897435905,457.74469921104543,1025.2174556213017,1.261751693492315,-0.8218414111981939,1.2816051912837783,20
10.666666666666657,92.33333333333334,53.333333333333314,4.185897435897435,89.9294871794872,14.5,11.300912228796843,2.945882642998027,207.62606837606836,0.3148101096365177,-1.2592932492719489,1.1971508323874944,20
11.666666666666657,90.66666666666669,84.66666666666669,6.121794871794872,86.10897435897438,21.0448717948718,11.171063445101892,39.836415187376716,295.7864480604866,-0.24727084932319396,-1.9322143449482738,1.3169545659105124,20
