RangeX,RangeY,RangeZ,MeanX,MeanY,MeanZ,VarX,VarY,VarZ,SkewX,SkewY,SkewZ,Label
12.666666666666657,49.33333333333334,108.66666666666666,4.8086419753086425,36.91358024691358,50.93827160493828,9.088896509678404,273.7991159884164,1216.280140222527,0.7045841826846517,-1.2219082653956281,0.30767717768147945,20
18.33333333333333,53.0,82.66666666666669,5.925925925925925,44.60493827160493,50.7716049382716,17.294924554183822,52.28837067520197,581.649481786313,1.0671898851962422,-0.4464333760590929,-0.3256931730342301,20
29.666666666666657,60.666666666666686,114.0,8.240740740740739,41.73456790123456,28.283950617283953,62.5943072702332,369.90691205608897,1041.6848041457097,1.4110967782550259,-0.8343417429152155,1.4628302356737628,20
16.33333333333333,92.66666666666669,39.333333333333314,5.895061728395062,89.64814814814814,19.043209876543212,16.488987959152578,12.166323731138538,205.17714525224804,0.5293584665249226,-2.554025041004551,0.46718637304989047,20
20.333333333333343,91.33333333333334,85.66666666666669,7.024691358024692,84.96296296296295,29.80864197530864,22.040542600213385,53.79698216735252,790.8872504191436,0.7320914489877551,-1.3424696295895355,0.9265370628870725,20
