RangeX,RangeY,RangeZ,MeanX,MeanY,MeanZ,VarX,VarY,VarZ,SkewX,SkewY,SkewZ,Label
12.0,46.0,108.66666666666666,1.8589743589743588,10.08974358974359,28.865384615384617,8.604043392504927,244.0645956607495,1575.1378616042077,1.502416880641725,1.0664519154356726,0.8024942414647986,20
13.0,51.66666666666666,42.66666666666666,0.993589743589744,16.82051282051282,4.23076923076923,6.557651216305063,519.9079552925707,78.59631821170282,3.831863323757593,0.6759855793236436,2.586673508596009,20
7.0,57.33333333333334,11.333333333333314,1.0769230769230758,19.230769230769234,2.358974358974358,3.301775147928992,646.0236686390533,13.443786982248513,1.8873082061728186,0.5771041893703535,1.2506559085634734,20
19.66666666666667,81.33333333333334,42.33333333333334,2.3525641025641026,28.044871794871792,7.538461538461538,16.484672912557535,1367.5001232741618,152.7656147271532,2.0536814972173136,0.5624488432784934,1.5548978771793809,20
11.0,78.0,113.66666666666669,2.615384615384615,25.852564102564102,9.78846153846154,13.93754109138724,1213.228262656147,525.5642258382643,0.9328760869995877,0.6632261570697723,3.5569417293702412,20
