RangeX,RangeY,RangeZ,MeanX,MeanY,MeanZ,VarX,VarY,VarZ,SkewX,SkewY,SkewZ,Label
21.666666666666657,51.0,114.66666666666666,7.4303030303030315,33.70909090909091,37.67878787878788,32.527970615243326,413.7779981634527,1134.4887419651056,0.7993665312430388,-0.7575239231666739,0.8714390981881988,20
30.66666666666667,54.0,90.66666666666669,6.03030303030303,38.00606060606061,21.393939393939398,37.04756657483931,405.6262258953167,549.4872359963271,2.0536559866603343,-1.0208113297013612,1.3843211208641406,20
33.0,62.33333333333334,101.33333333333333,13.775757575757575,37.33939393939394,34.08484848484848,82.54971533516992,467.246427915519,1115.455426997245,0.1644676130696142,-0.6964736550148931,0.5634506488606216,20
49.66666666666667,90.33333333333334,92.0,8.2,73.32727272727274,22.733333333333338,69.04080808080806,892.4383471074381,428.19555555555553,2.91015961180901,-1.886833084719293,1.2835441620950068,20
47.66666666666666,90.66666666666666,146.33333333333331,10.333333333333334,68.96363636363637,36.33939393939394,66.04040404040401,1218.6653443526172,1530.4302662993578,2.358056209527992,-1.2998290999396607,1.6474574036926513,20
