RangeX,RangeY,RangeZ,MeanX,MeanY,MeanZ,VarX,VarY,VarZ,SkewX,SkewY,SkewZ,Label
8.666666666666657,43.33333333333333,107.33333333333334,2.1818181818181808,14.32121212121212,25.836363636363636,7.663911845730019,327.1392470156106,1161.922718089991,0.7908586649978534,0.5860293301327452,0.9179117392432692,20
8.0,54.0,24.0,1.9575757575757577,21.654545454545456,4.975757575757575,7.103250688705236,652.9614692378333,60.33880624426082,0.9204044890989459,0.3342553601279221,1.310716677104793,20
4.666666666666657,62.66666666666666,18.333333333333343,0.9454545454545444,23.187878787878788,2.8787878787878793,1.9263177226813528,753.2677318640953,26.95904499540865,1.1977409347543417,0.35357749291818763,1.7373824326931004,20
6.0,92.0,37.33333333333334,1.1454545454545457,37.127272727272725,5.496969696969699,3.7000550964187355,1918.9191551882457,109.4984756657484,1.4422958098200929,0.3334995407945468,2.1742567116418114,20
11.333333333333343,87.33333333333334,89.0,3.248484848484849,34.95757575757576,10.757575757575754,18.372598714416903,1725.6769880624418,258.2685032139578,0.8227594069260596,0.36736902431338786,2.3889559822809896,20
