RangeX,RangeY,RangeZ,MeanX,MeanY,MeanZ,VarX,VarY,VarZ,SkewX,SkewY,SkewZ,Label
10.666666666666657,51.666666666666664,108.33333333333334,3.8983050847457625,32.005649717514125,27.53672316384181,13.55651313479523,508.01691723323444,1105.1375402981262,0.38237981607265903,-0.5828415916579602,1.305809160338395,20
11.666666666666671,59.66666666666666,52.33333333333334,5.847457627118645,40.898305084745765,17.836158192090398,18.449423856490796,627.2401289540041,314.96185642695275,-0.3830362380028389,-1.0049258431862778,0.5279408123647703,20
17.666666666666657,715826606.6666666,120.33333333333333,5.112994350282485,12132688.90960452,26.259887005649716,28.1830891506272,8537674653246964.0,1248.8778448083242,0.9654104044257069,7.4844666730032205,1.4445965280370858,20
12.666666666666671,100.0,31.666666666666657,6.5875706214689265,67.11864406779661,8.022598870056497,21.699958504899612,1684.6883717960998,62.35353825529061,-0.3595664305736313,-1.0122457361194699,0.728336903306653,20
14.666666666666657,96.66666666666666,147.66666666666669,6.101694915254237,63.85875706214689,27.53672316384181,18.309808803345142,1626.1401257620737,854.9077851192185,-0.14649927717837632,-0.8639070082511245,2.1547811310884524,20
