RangeX,RangeY,RangeZ,MeanX,MeanY,MeanZ,VarX,VarY,VarZ,SkewX,SkewY,SkewZ,Label
13.0,31.0,95.0,4.540540540540541,38.7027027027027,36.36036036036037,15.041149257365461,73.0017044071098,711.1914617320023,0.6477760106972107,-0.7314213391069322,0.4818552197120571,20
37.66666666666667,37.0,59.66666666666666,10.18918918918919,40.729729729729726,27.468468468468465,114.60384709033362,308.8638909179449,346.88564239915587,1.26710861411657,-0.9594366526061838,0.1334772363094267,20
26.66666666666667,39.66666666666667,120.0,7.5675675675675675,42.97297297297297,29.45945945945946,55.30249168087005,192.26053080107135,1193.7318399480564,1.2318794973315255,-0.904638408743175,1.2020068534802637,20
30.0,84.0,84.33333333333331,10.756756756756756,87.25225225225225,31.711711711711704,28.96485674864053,77.07750994237486,570.049021994968,1.2612253943191793,-2.321783115242114,1.0152942538506948,20
24.66666666666667,100.33333333333331,110.66666666666666,9.711711711711713,90.12612612612612,39.486486486486484,20.67965262559857,282.15826637448254,1179.3489164840516,1.4526697282499925,-1.4449675393055892,0.7771467963824645,20
