RangeX,RangeY,RangeZ,MeanX,MeanY,MeanZ,VarX,VarY,VarZ,SkewX,SkewY,SkewZ,Label
13.666666666666671,44.0,100.33333333333334,7.886363636363639,37.25757575757576,55.88636363636363,14.97951101928375,182.3073921028467,919.9946625344353,0.43382006404509654,-1.3818615719966354,0.40237154566666605,20
16.33333333333333,52.66666666666666,23.666666666666686,7.43939393939394,50.25,11.924242424242426,24.65541781450872,21.318813131313128,75.70133149678605,0.510345451786781,-2.092746849551469,0.5703806437462814,20
13.333333333333343,59.66666666666666,109.66666666666669,5.295454545454544,50.25,28.878787878787875,16.879878328741963,169.2986111111111,1641.5307621671259,0.8527067662990355,-1.7735060961284013,1.519044416289365,20
17.33333333333333,90.33333333333334,43.33333333333334,7.356060606060606,89.63636363636364,16.765151515151505,31.60301882460974,7.711202938475674,161.61908861340683,0.5445003884378983,-1.4578085144938961,0.8220166588294339,20
8.333333333333343,87.33333333333334,104.0,4.560606060606061,79.84848484848486,39.22727272727273,9.372589531680443,197.07805325987147,980.1857208448116,0.34153193200268994,-1.1310748886227022,0.8352340281417526,20
