RangeX,RangeY,RangeZ,MeanX,MeanY,MeanZ,VarX,VarY,VarZ,SkewX,SkewY,SkewZ,Label
30.333333333333343,48.66666666666667,128.66666666666666,6.80952380952381,36.29931972789116,57.244897959183675,60.984126984126995,248.39113332407788,1723.745013651719,1.8355628818114582,-0.9562529675292355,0.10458477672267752,20
27.0,57.000000000000014,102.99999999999999,5.258503401360545,40.353741496598644,51.625850340136054,20.486463973344435,316.6231662733121,946.392891850618,2.381113941355317,-0.9458153086519518,0.06338935233611248,20
27.666666666666657,61.33333333333333,117.33333333333333,8.870748299319727,43.578231292517,28.54421768707483,61.3597112314313,418.52959415058535,1000.4521264288028,1.247807412527259,-0.8607857608393136,1.678200116494269,20
27.33333333333333,91.66666666666667,50.0,5.258503401360543,90.9251700680272,17.68027210884354,32.32319866722199,5.774445832754866,190.1585450506733,2.236871514658154,-2.039407335178446,0.8396716128797272,20
19.333333333333343,91.66666666666667,166.99999999999997,6.265306122448982,81.98639455782313,42.23129251700681,22.140497015132592,302.58938405294094,2434.445369984728,0.771552287571691,-1.7780198732500607,1.5990822222665775,20
