RangeX,RangeY,RangeZ,MeanX,MeanY,MeanZ,VarX,VarY,VarZ,SkewX,SkewY,SkewZ,Label
14.0,50.66666666666667,102.0,3.766666666666666,30.87142857142857,28.057142857142857,16.128095238095238,457.5755328798187,735.5300680272109,1.0349218553544905,-0.6080598880473934,1.1108833171746366,20
43.0,60.66666666666666,95.66666666666666,9.514285714285714,33.00476190476191,21.061904761904763,140.8021768707483,560.2936281179137,585.7469614512471,1.409831398499452,-0.40180587676748825,1.2743288498427146,20
23.333333333333343,57.0,111.0,6.871428571428571,30.357142857142858,27.257142857142856,30.90569160997734,521.9311791383219,1089.127528344671,0.6955895012302481,-0.29464225457040344,1.2000815571694081,20
14.0,89.33333333333334,71.0,6.347619047619048,62.25238095238097,21.438095238095237,25.55693877551021,1459.820430839002,316.9668027210885,-0.0010201857966259627,-0.9955121096777697,0.36262476111273173,20
14.0,91.66666666666666,50.33333333333334,5.19047619047619,64.18571428571428,16.285714285714285,13.700226757369615,1542.8432879818597,245.2517006802722,-0.1996140856290823,-1.011641282797338,0.5000527176314342,20
