RangeX,RangeY,RangeZ,MeanX,MeanY,MeanZ,VarX,VarY,VarZ,SkewX,SkewY,SkewZ,Label
14.333333333333343,46.33333333333333,96.0,1.4842767295597488,13.905660377358489,19.968553459119494,11.721450891974223,363.06237886159573,860.0053004232429,2.7485188330851797,0.7675851440844185,1.221502097621922,20
8.666666666666671,58.0,44.33333333333334,1.3899371069182394,20.257861635220124,7.213836477987422,5.021953245520353,691.9356038131403,138.98572050156247,1.434029752666993,0.5588513576527391,1.5356411920384863,20
17.333333333333343,64.33333333333334,24.0,2.8553459119496845,21.723270440251575,1.9622641509433962,16.60171670424429,783.9192278786438,20.40109172896641,1.2902767344552346,0.5270902061014574,3.275689479864312,20
7.666666666666671,88.0,43.66666666666666,1.6037735849056607,32.18867924528301,8.735849056603774,6.985562279973108,1710.836517542819,164.3201613860211,1.304608384844145,0.5082583946295683,1.0355927890157641,20
12.333333333333343,89.66666666666666,13.666666666666657,1.0377358490566038,32.40880503144654,2.691823899371069,4.195640995213799,1736.5938847355724,18.712155373600726,3.4267339818287996,0.5122097770376827,1.3139908275622054,20
