RangeX,RangeY,RangeZ,MeanX,MeanY,MeanZ,VarX,VarY,VarZ,SkewX,SkewY,SkewZ,Label
15.333333333333314,28.666666666666657,84.0,6.019607843137255,38.33986928104575,47.99346405228757,21.139049083685762,62.023922422999696,554.0631381092742,0.39170353865969476,-1.5446350940485676,0.6481830068985319,20
21.666666666666657,41.0,37.0,8.679738562091504,49.947712418300654,19.947712418300654,44.374556794395325,32.0495535904994,139.1737365970353,0.5407302440596281,-1.2852523315059963,0.6191794132797626,20
32.333333333333314,51.0,94.66666666666666,10.300653594771243,46.150326797385624,28.13725490196078,69.93575120680082,320.83796830278953,871.739331026528,1.2594781280931446,-0.9492942898251745,1.3562981592491599,20
16.999999999999986,79.66666666666666,54.0,6.0,86.48366013071896,21.124183006535947,16.069716775599126,6.811824511939854,288.1915502584476,0.8613981320658206,1.4369585461204881,0.8647439805228837,20
10.333333333333314,74.33333333333334,65.66666666666666,3.490196078431373,84.90849673202614,18.352941176470587,5.361014994232983,7.35110427613311,275.9102909137511,0.942564796505161,-0.8322918451534912,1.2781122477881404,20
