RangeX,RangeY,RangeZ,MeanX,MeanY,MeanZ,VarX,VarY,VarZ,SkewX,SkewY,SkewZ,Label
21.0,35.999999999999986,80.66666666666666,8.548611111111109,39.78472222222222,46.430555555555564,44.09022955246915,98.14115547839504,761.416473765432,0.5597632398355303,-1.421379133196443,0.7568736578220202,20
13.0,47.333333333333314,26.333333333333314,3.347222222222222,52.86805555555555,12.138888888888893,6.134066358024694,10.82286844135803,91.84645061728395,1.7004644688890322,-0.2846695283438468,1.0418508026313145,20
42.33333333333334,51.0,103.99999999999999,14.541666666666666,39.63194444444445,37.34722222222223,178.4056712962963,467.7557388117284,1800.5877700617282,0.8502965168461996,-0.5301673402690599,1.0059959408243635,20
16.66666666666667,80.0,60.0,7.152777777777778,88.58333333333333,19.152777777777782,15.458140432098766,19.543981481481477,296.2220293209877,-0.006281321527331603,-1.9075800979625654,0.9681016941076023,20
16.666666666666657,78.66666666666666,43.66666666666666,2.7013888888888875,85.94444444444446,20.534722222222225,8.223331404320982,67.18672839506172,316.3552758487654,2.5254793181242063,-2.764048440562098,0.6717352963969732,20
