RangeX,RangeY,RangeZ,MeanX,MeanY,MeanZ,VarX,VarY,VarZ,SkewX,SkewY,SkewZ,Label
13.666666666666657,29.66666666666667,96.0,5.434108527131784,39.3875968992248,37.44961240310078,12.483384411994468,69.37948440598521,819.1725256895619,0.6950227288542716,-1.0616804534915723,0.742470566884937,20
22.333333333333314,36.666666666666686,80.33333333333331,6.038759689922481,42.83720930232559,25.98449612403101,31.355086833723924,269.8572201189832,329.5243074334475,1.8134708217600475,-1.4972919264996967,1.2869362670023257,20
15.666666666666657,40.666666666666686,109.66666666666666,5.503875968992247,45.519379844961236,31.379844961240313,16.301664563427675,260.49768643711315,972.256234601286,0.8410760437782298,-1.4201896339213196,0.9444316902074678,20
12.666666666666657,70.66666666666669,36.0,7.705426356589146,84.75968992248062,16.310077519379842,7.417102337599904,40.48747070488551,66.43098371492098,-0.46973740078524523,-3.236322497317938,0.5515349237196274,20
14.333333333333314,73.0,42.0,9.999999999999998,87.16279069767441,15.426356589147286,6.806201550387603,9.340424253350148,131.53139835346443,-0.7992126607035716,-1.0163467697773791,0.6882161623462887,20
