RangeX,RangeY,RangeZ,MeanX,MeanY,MeanZ,VarX,VarY,VarZ,SkewX,SkewY,SkewZ,Label
12.333333333333343,15.666666666666671,57.66666666666666,6.141414141414142,44.82828282828282,42.515151515151516,10.700540761146822,20.243240485664725,333.0039791857973,0.3229673094178264,-1.6293534261321916,0.8214064962184342,20
18.0,25.0,64.33333333333333,9.606060606060607,50.06060606060606,36.64646464646464,13.403734312825227,51.47107438016529,875.359861238649,0.4876903636763337,-1.0553835858245684,0.5477776634779331,20
18.000000000000014,32.0,86.33333333333333,8.707070707070706,43.323232323232325,34.98989898989899,18.974798489950004,351.7069686766657,1118.0504030201,0.05133629283328801,-0.7947301513853151,1.0920749028108272,20
13.333333333333343,63.666666666666686,36.66666666666666,9.121212121212121,85.12121212121212,16.868686868686865,11.486991123354771,51.917967554331184,228.5383124171004,-0.9493419919229328,-2.111840241055977,1.2156750211477814,20
11.666666666666671,56.66666666666666,59.666666666666686,8.454545454545455,84.86868686868686,23.111111111111114,9.426385062748695,45.44740332619118,397.9169472502807,-0.9247306539335421,-1.6694700705786936,1.5430484609327129,20
