RangeX,RangeY,RangeZ,MeanX,MeanY,MeanZ,VarX,VarY,VarZ,SkewX,SkewY,SkewZ,Label
16.0,15.333333333333343,60.0,7.96969696969697,45.3030303030303,42.64646464646464,14.810529537802262,17.281910009182745,332.26895214774004,0.8037974543211097,-1.7530795554988055,0.7346726620134952,20
16.33333333333333,23.000000000000014,45.0,10.888888888888888,51.979797979797986,25.141414141414142,8.650953984287318,9.27905315784105,357.89919395979985,0.18329701216779576,-0.7930643843532298,0.6711783783560453,20
13.666666666666671,32.66666666666667,93.66666666666667,7.96969696969697,42.25252525252526,45.64646464646464,16.756657483930212,386.8352208958269,840.7874706662585,-0.09604086717029171,-0.6071696192661981,1.2312859108843637,20
11.666666666666657,59.999999999999986,44.33333333333334,7.878787878787879,85.89898989898991,16.525252525252522,13.675543311906944,40.55545352515047,276.70727476788073,-0.3835197929959061,-2.3839153716931807,1.3921220971281285,20
10.333333333333329,65.66666666666667,21.0,9.383838383838382,87.04040404040403,21.848484848484844,5.448627691051928,13.91082542597694,119.28007346189165,-1.1244816089171827,-0.3149684722309674,0.04514463227332866,20
