RangeX,RangeY,RangeZ,MeanX,MeanY,MeanZ,VarX,VarY,VarZ,SkewX,SkewY,SkewZ,Label
16.0,29.333333333333343,95.66666666666669,4.935185185185186,39.111111111111114,44.175925925925924,24.554441015089154,53.97530864197531,541.1696673525378,1.378278758636313,-1.4553925707745965,0.7257942322168226,20
44.66666666666667,36.000000000000014,43.0,8.907407407407408,23.074074074074073,14.86111111111111,77.80006858710566,377.8648834019205,154.01466049382714,1.9819986952195838,0.7121647942273713,0.9480112837391068,20
30.666666666666657,39.33333333333333,41.33333333333334,8.444444444444445,49.666666666666664,19.518518518518515,88.52469135802468,63.580246913580226,243.58299039780513,1.4278222611056048,-2.2125467130641026,0.5705631815591597,20
17.666666666666657,68.33333333333333,62.0,7.092592592592592,83.04629629629629,34.85185185185185,20.485253772290815,22.27872085048007,463.1447187928669,0.273743967041585,-2.33488100810989,0.1285595586722018,20
53.66666666666666,68.66666666666667,77.33333333333337,11.648148148148152,76.70370370370371,30.157407407407415,63.3947187928669,121.80109739368999,440.0215192043895,4.227414866471804,-1.272818756275217,0.9670191229102074,20
