RangeX,RangeY,RangeZ,MeanX,MeanY,MeanZ,VarX,VarY,VarZ,SkewX,SkewY,SkewZ,Label
13.333333333333343,4.0,12.0,7.17361111111111,45.1875,19.340277777777775,9.472173996913577,0.47641782407407285,8.256896219135806,0.5384245341617917,-1.22215691099902,-0.9340787221646762,1
4.666666666666671,9.333333333333329,19.0,4.118055555555556,48.29861111111111,16.42361111111111,2.4837480709876543,3.2279610339506264,38.59601658950614,-0.4583412106117851,0.42053638146994365,0.6824364858163118,1
35.0,9.333333333333329,76.66666666666666,11.597222222222221,39.541666666666664,55.3125,95.64795524691358,149.2065972222222,735.0944733796297,1.0424819315831833,-1.4102735993312672,-0.9531630265180057,1
8.333333333333343,41.999999999999986,15.0,6.541666666666667,82.6388888888889,15.180555555555555,5.086226851851857,0.693672839506175,29.379436728395053,-0.11203722492402021,0.4072711893216708,0.5680361833504061,1
6.666666666666686,41.999999999999986,41.333333333333314,6.104166666666665,82.84722222222221,31.979166666666668,1.2229456018518554,0.8840663580246848,76.21947337962963,-0.2508983775016453,-0.46992308541537536,0.6201098531679642,1
