RangeX,RangeY,RangeZ,MeanX,MeanY,MeanZ,VarX,VarY,VarZ,SkewX,SkewY,SkewZ,Label
6.0,3.6666666666666714,21.33333333333337,8.604166666666664,43.23958333333333,17.958333333333332,3.419704861111115,1.1960720486111125,39.13020833333338,-0.48167675213524663,-0.18018508215243592,-0.24734418208813613,1
5.333333333333329,13.666666666666671,25.666666666666686,6.916666666666667,53.53125,24.85416666666667,3.9930555555555576,1.1170789930555576,16.881510416666693,-0.45474273952621264,-0.8320419332454007,-0.48932131772987003,1
42.0,16.33333333333333,96.66666666666669,24.6875,40.3125,73.25,215.31901041666666,208.95095486111111,1015.4791666666669,-0.12152695716215789,-0.8878697201447944,-1.274331769996462,1
28.333333333333343,48.66666666666667,41.33333333333334,24.479166666666668,83.36458333333334,33.59375,12.506510416666668,9.301106770833337,119.50509982638883,0.33945660679987566,0.10304955664976041,-0.7892422143829,1
24.333333333333343,50.33333333333333,48.0,22.8125,88.05208333333333,42.02083333333333,8.985677083333346,2.8202039930555505,51.56206597222212,0.45602362329776364,0.4638697919887865,0.12553956226877208,1
