RangeX,RangeY,RangeZ,MeanX,MeanY,MeanZ,VarX,VarY,VarZ,SkewX,SkewY,SkewZ,Label
7.333333333333314,2.666666666666657,10.666666666666686,5.128205128205129,44.914529914529915,31.948717948717956,3.741398202936662,0.4941193659142364,4.971729125575282,-0.06331472594000422,0.29001143304256743,1.9379074493091293,1
5.333333333333329,7.666666666666671,6.333333333333371,3.5042735042735047,49.649572649572654,17.076923076923084,3.4123748995543894,0.6378844327562322,29.546789392943218,0.060873752817249126,0.12759643531389334,1.2134058428208256,1
46.66666666666666,8.333333333333329,29.00000000000003,19.230769230769226,39.811965811965806,41.33333333333333,227.9609905763751,125.03017020965741,282.7521367521368,0.41165122979909774,-1.5926209639631281,-1.0825883620255785,1
11.666666666666657,40.999999999999986,-17.0,9.0,83.97435897435898,7.726495726495723,2.4102564102564092,0.26429980276134113,6.973628460807922,0.549711992018774,-0.2905680180552764,0.24302929415912436,1
10.666666666666657,40.66666666666667,-4.333333333333314,9.948717948717952,83.70085470085472,16.04273504273504,1.860618014464168,0.23814741763460084,11.926948644897386,-0.7807127165506335,-0.37394505818582496,0.3803441852105013,1
