RangeX,RangeY,RangeZ,MeanX,MeanY,MeanZ,VarX,VarY,VarZ,SkewX,SkewY,SkewZ,Label
9.666666666666657,2.6666666666666714,15.666666666666686,4.246031746031746,47.0952380952381,29.3968253968254,7.725182665658847,0.4089191232048373,17.345175107079893,0.27936305994520966,0.2783209389928981,-0.17916439657876038,1
9.666666666666671,4.333333333333343,-3.6666666666666288,7.325396825396826,48.01587301587301,8.412698412698415,1.2988788107835727,2.4230284706475267,17.31645250692869,-0.10837712182298491,-0.3611893573420869,-0.05328290390066809,1
22.0,5.0,88.66666666666669,7.373015873015872,34.920634920634924,59.785714285714285,41.186255983875014,218.0042831947594,2263.9355631141348,0.963544729366353,-0.39654991404781387,-0.22437610749986164,1
10.0,45.66666666666666,-11.0,6.095238095238095,90.6984126984127,3.817460317460317,4.244897959183674,0.5651297556059426,6.757684555303605,0.5551323211110003,-0.554357936112676,0.4017088378762276,1
9.666666666666657,47.0,7.0,4.944444444444444,91.5079365079365,10.301587301587302,4.941358024691359,0.4086671705719297,69.66565885613502,0.9467729759477574,0.1256189728025677,0.19506555539895853,1
