RangeX,RangeY,RangeZ,MeanX,MeanY,MeanZ,VarX,VarY,VarZ,SkewX,SkewY,SkewZ,Label
5.666666666666657,2.0,8.0,4.077777777777777,42.900000000000006,24.066666666666666,2.9828395061728434,0.28259259259259384,3.7733333333333485,0.22163951525075617,0.39841568867466254,-0.4082007807070173,1
7.333333333333329,8.0,-2.6666666666666856,7.3,48.58888888888888,8.288888888888886,0.7137037037037028,0.3754320987654301,22.901728395061728,0.03857615640254807,0.34528994807442825,-0.13026898744607168,1
41.333333333333314,7.666666666666657,81.33333333333331,18.188888888888883,34.599999999999994,67.2,119.7013580246914,129.61037037037036,586.6192592592595,0.60425757404362,-1.3721733108338554,-1.5387376232666965,1
2.666666666666657,36.0,-0.6666666666666856,2.18888888888889,76.9111111111111,11.933333333333335,1.1680246913580203,0.25135802469135976,20.9288888888889,-0.1961685510131528,-0.3050446860007514,0.24688238763926285,1
7.0,36.0,9.666666666666629,6.666666666666667,76.87777777777777,19.95555555555554,0.2592592592592607,0.23320987654320877,26.175802469135835,0.8978107483995301,0.7864468864879712,-0.10334919268046203,1
