RangeX,RangeY,RangeZ,MeanX,MeanY,MeanZ,VarX,VarY,VarZ,SkewX,SkewY,SkewZ,Label
7.666666666666657,2.0,7.0,4.016260162601625,42.8130081300813,27.52845528455285,3.9184347941040385,0.26042699451384865,3.138079185669908,0.2739646757438706,0.013343495304540352,-0.5862553599408706,2
9.333333333333329,8.999999999999986,-11.333333333333314,7.853658536585366,48.796747967479675,6.186991869918702,0.8349527397713019,0.5034040584308271,7.436578756031437,-1.0854440117485926,0.7286344782937357,-0.03716572648558715,2
44.0,8.999999999999986,85.33333333333334,22.3739837398374,34.36585365853659,41.91056910569105,164.94956705664617,123.55991803820476,1283.2630048251704,0.15585935468051657,0.1360224606545658,0.38734762510380594,2
4.333333333333314,35.999999999999986,-3.6666666666666288,2.1788617886178856,76.70731707317073,9.886178861788622,1.463943419922006,0.1365589265648738,25.6835217132659,-0.11419641171826636,0.8322111047541672,0.44385207580588115,2
7.333333333333314,36.33333333333333,13.333333333333371,6.081300813008131,76.77235772357723,23.056910569105696,0.6221164650670894,0.2950624628197483,26.205433273844964,-0.5901504468713898,-0.28109597728715957,0.3894739335905928,2
