RangeX,RangeY,RangeZ,MeanX,MeanY,MeanZ,VarX,VarY,VarZ,SkewX,SkewY,SkewZ,Label
7.666666666666657,2.6666666666666714,9.666666666666686,4.799999999999998,45.74074074074075,23.08888888888889,3.4093827160493784,0.4093278463648834,5.4785185185185155,0.26620854448017073,-1.0340200996863234,-0.2518524697976137,2
7.333333333333329,9.0,6.333333333333343,4.585185185185185,50.281481481481485,10.903703703703705,3.7538545953360747,2.0886694101508856,18.096899862825776,0.6206527998182905,0.2530075004369616,0.5543282584982855,2
41.0,9.0,100.66666666666669,19.059259259259257,26.896296296296295,64.6888888888889,130.6582167352538,347.96949245541833,2200.263703703704,0.2938482344065327,0.3333183639566289,-0.37361855018532164,2
9.333333333333343,39.66666666666666,19.333333333333343,7.659259259259258,82.47407407407405,22.259259259259267,2.619698216735253,0.6789574759945135,21.36241426611795,-0.5687928343739467,-0.5777132072223633,0.5577024477139239,2
7.666666666666657,40.33333333333334,27.333333333333343,7.111111111111111,82.78518518518517,30.148148148148156,0.9037037037037003,0.3859533607681767,26.12620027434842,-0.4585828552299814,-0.07124184819029768,0.6487794087349757,2
