RangeX,RangeY,RangeZ,MeanX,MeanY,MeanZ,VarX,VarY,VarZ,SkewX,SkewY,SkewZ,Label
3.666666666666657,1.6666666666666572,5.666666666666686,3.9892473118279574,45.33333333333333,35.881720430107535,0.5841137703780761,0.23655913978494533,3.1078737426291974,0.16799452124879383,0.31152018947382937,0.12853072305631413,2
4.333333333333329,6.666666666666671,-16.666666666666686,5.473118279569893,49.95698924731184,12.021505376344086,0.49300497167302687,0.24904613250086882,8.93860561914673,-0.2703527176449509,0.27842426025587136,-0.6320009125380222,2
20.0,6.999999999999986,90.33333333333334,12.064516129032254,17.54838709677419,88.94623655913978,38.58365128916639,406.6921031333101,1619.3340270551505,0.2549615195835409,0.7829468059769615,-1.1566223291651274,2
8.666666666666657,39.66666666666667,-22.0,9.46236559139785,83.64516129032259,6.139784946236558,0.5138166261995621,0.17874898832234903,8.772574864146161,0.32998274617445883,-0.5428748289156025,-0.3336635139460586,2
8.0,39.999999999999986,-11.666666666666686,9.344086021505374,83.78494623655912,16.8494623655914,0.21135391374725468,0.19031101861486852,5.948664585501185,0.08966641494071079,0.533784620237253,0.06961992345995066,2
