RangeX,RangeY,RangeZ,MeanX,MeanY,MeanZ,VarX,VarY,VarZ,SkewX,SkewY,SkewZ,Label
13.333333333333343,39.0,49.33333333333334,3.4971751412429386,46.17514124293784,39.084745762711854,9.688786747103329,51.51923138306363,143.55025695042934,1.6423523798106694,-2.1969993633544136,-0.06177629858148898,2
23.333333333333343,41.000000000000014,65.33333333333331,6.88135593220339,50.65536723163842,14.63276836158192,24.918126975007187,48.92265951674169,306.37549873918744,1.5703354559567677,-2.676988528295615,1.9995550948689882,2
51.33333333333334,37.33333333333333,110.33333333333334,21.74011299435028,22.604519774011298,66.49717514124293,271.6123080851607,392.6533882345432,1526.9731558619815,0.3536027713610748,0.692680613196697,-0.19486698756794593,2
40.33333333333333,95.33333333333333,121.66666666666669,8.988700564971753,101.57627118644066,23.621468926553675,40.97915669188291,42.26301509783267,808.5742283507295,3.505201213657556,-3.2229251614599583,1.9700113089941609,2
34.66666666666666,84.33333333333333,31.333333333333314,9.796610169491522,100.4180790960452,14.977401129943503,26.994414121101837,17.93820421973252,125.81493185227734,3.586516468241531,-1.4811912703048136,0.5925665433305543,2
