RangeX,RangeY,RangeZ,MeanX,MeanY,MeanZ,VarX,VarY,VarZ,SkewX,SkewY,SkewZ,Label
3.3333333333333144,1.6666666666666714,6.333333333333371,1.4083333333333343,42.15,21.35833333333333,0.9693749999999977,0.1886111111111107,2.2465972222222197,0.9148373389600868,0.007799637613463853,0.2065063521633424,2
5.666666666666657,11.666666666666671,7.666666666666686,4.133333333333334,51.241666666666674,17.791666666666668,1.1822222222222216,1.472152777777779,14.487152777777743,-0.5786214387000498,-0.3695720685111241,0.440312250764815,2
32.66666666666666,11.000000000000014,94.66666666666669,16.51666666666667,34.11666666666666,55.93333333333334,86.56083333333333,191.1697222222222,1370.0677777777778,0.08900967740063563,0.07778549372238817,-0.19677056086621694,2
4.666666666666657,44.33333333333333,7.666666666666686,3.6916666666666687,85.075,18.60833333333333,0.7465972222222236,0.13604166666666873,22.488263888888902,-0.5131119229633428,-0.45235363167686965,-0.2794751131342909,2
3.0,44.33333333333333,9.333333333333371,0.9666666666666692,85.025,20.03333333333334,0.48777777777777587,0.20770833333333352,12.226666666666699,0.8825763112745844,0.04067786746521769,0.46541464262567367,2
