RangeX,RangeY,RangeZ,MeanX,MeanY,MeanZ,VarX,VarY,VarZ,SkewX,SkewY,SkewZ,Label
16.666666666666657,6.666666666666657,50.33333333333337,10.466666666666667,47.05833333333334,41.55,26.548888888888875,2.9327083333333297,194.62527777777774,-0.7391964980093892,0.0660947002711213,0.03735036764830153,2
24.66666666666667,7.333333333333329,59.33333333333337,10.766666666666667,40.858333333333334,41.08333333333333,56.81777777777779,71.28826388888885,378.4930555555554,0.1845717079204678,-0.44872224577636566,-0.09406900676882195,2
38.66666666666667,7.333333333333329,101.00000000000003,20.75,24.391666666666666,77.625,169.56527777777777,215.0104861111111,1331.1010416666668,-0.3701432527672581,0.6811255876703658,-0.9569366536287454,2
32.66666666666666,37.999999999999986,21.33333333333337,22.60833333333333,79.825,21.916666666666675,30.910486111111105,1.7888194444444436,128.1263888888888,-0.09431315149623994,0.02904490411562111,-0.6543276958038571,2
33.66666666666667,35.33333333333333,38.666666666666686,28.741666666666667,75.625,30.48333333333333,7.936041666666668,2.6177083333333364,328.1497222222223,-0.04273795474688639,-0.20452794755255518,-0.2958262387073566,2
