RangeX,RangeY,RangeZ,MeanX,MeanY,MeanZ,VarX,VarY,VarZ,SkewX,SkewY,SkewZ,Label
4.0,2.333333333333343,5.666666666666686,5.16666666666667,47.48888888888887,35.544444444444444,0.8648148148148109,0.25728395061728565,2.5369135802469223,-0.08749941625625439,-0.07853989047054535,0.05864445974936631,2
7.333333333333329,9.000000000000014,-12.666666666666657,8.300000000000002,53.47777777777778,14.855555555555554,1.158148148148147,1.4050617283950568,11.738395061728408,0.35742380977341426,-0.22431913014655566,-0.10794386746102412,2
24.33333333333333,8.333333333333329,67.66666666666667,15.344444444444445,38.9,46.6,38.72950617283951,270.0825925925926,1233.2177777777777,0.19920696875647143,-0.3564530188028669,0.1619658625374513,2
7.999999999999986,41.000000000000014,-19.0,9.788888888888888,86.52222222222223,7.333333333333332,0.8554320987654292,0.271728395061728,15.94074074074075,0.28314718964388325,-0.3589403015771458,0.061917742830453065,2
10.0,40.66666666666667,1.6666666666666856,11.111111111111109,86.34444444444445,24.355555555555554,2.5728395061728313,0.21098765432098657,19.510617283950616,-0.6754250003330561,0.09302174038975575,0.4486506273049983,2
