RangeX,RangeY,RangeZ,MeanX,MeanY,MeanZ,VarX,VarY,VarZ,SkewX,SkewY,SkewZ,Label
5.666666666666686,1.6666666666666714,7.666666666666629,4.765765765765768,44.93693693693694,35.15315315315315,2.665855044233426,0.18521223926629304,3.1867543218894436,0.23279603045173264,-0.3233044873072354,0.895753212656513,3
7.000000000000014,7.333333333333343,-12.666666666666686,5.540540540540539,50.05405405405405,13.639639639639636,1.9900982063144257,0.2913724535346172,12.566837107377635,0.4436437977903825,0.23319318543340306,-0.5415415624859488,3
8.0,7.333333333333343,85.33333333333331,4.954954954954955,28.360360360360364,67.36036036036035,5.766739712685646,220.56683710737778,1358.3326028731435,-0.21297592885563027,0.4616966962961468,-0.4247309807094201,3
9.0,40.66666666666666,-17.666666666666686,8.324324324324321,83.77477477477477,6.189189189189192,0.9638828017206367,0.13846278711143548,12.80204528853175,0.12801925264023978,-0.5464051064742448,0.19491927676643694,3
9.666666666666686,40.66666666666666,-10.666666666666686,10.180180180180178,83.89189189189187,16.279279279279276,0.35792549306062876,0.16248681113546035,9.408489570651737,-0.9214756224256155,0.36538431105508945,-0.06575316758974402,3
