RangeX,RangeY,RangeZ,MeanX,MeanY,MeanZ,VarX,VarY,VarZ,SkewX,SkewY,SkewZ,Label
21.333333333333314,10.0,55.333333333333314,13.290598290598291,47.1965811965812,37.26495726495726,30.097888815837525,6.989845861640734,212.8101395280882,-0.1243188372508314,-0.10820950547419667,-0.0012611364224049651,3
20.999999999999986,8.999999999999986,75.33333333333334,10.008547008547009,40.85470085470086,36.376068376068375,50.87457082328878,81.85068303017022,548.3941851121338,0.47108181535662774,-1.0756727799709243,0.7745939741157354,3
40.66666666666666,7.333333333333329,102.33333333333334,10.051282051282051,32.717948717948715,47.47863247863248,167.00591715976336,248.44751260135874,1253.4062385857258,1.7031597122241016,-0.6046174968942247,0.5414176865836148,3
43.66666666666666,40.66666666666667,74.0,25.384615384615383,76.55555555555556,30.358974358974358,44.81788297172911,30.417853751187074,747.4380889765501,1.1759723577681294,-1.1926929593318094,0.46249742293686263,3
37.66666666666666,48.33333333333333,67.0,27.965811965811962,81.43589743589743,33.55555555555556,51.93045510994229,16.998027613412226,456.96486229819567,0.11398419735039696,0.9094873906779252,0.5031113049367164,3
