RangeX,RangeY,RangeZ,MeanX,MeanY,MeanZ,VarX,VarY,VarZ,SkewX,SkewY,SkewZ,Label
3.3333333333333144,2.0,4.666666666666686,1.5050505050505039,42.44444444444445,23.515151515151516,0.7684930109172546,0.22671156004489362,1.3272115090296965,0.5926627089240672,-0.036967430642191976,0.03348619444953299,3
10.999999999999986,12.333333333333329,6.333333333333343,4.636363636363638,51.21212121212121,16.656565656565654,5.692684419957147,1.5206611570247885,20.878685848382815,1.3259190165724302,-0.34337830771179084,0.4463005250829411,3
29.333333333333314,10.333333333333329,84.66666666666669,10.212121212121213,30.39393939393939,58.070707070707066,57.85062748699113,222.24548515457602,1238.4899500051013,1.2442827083586805,0.06511289485093734,-0.43861896677990003,3
5.0,44.33333333333333,10.0,3.959595959595962,84.78787878787878,23.323232323232325,0.5236200387715549,0.26813590449954067,21.134578104275064,-0.39511366296891937,0.012425601243460158,-0.14270932980307188,3
3.0,44.66666666666667,1.3333333333333712,1.1414141414141428,85.32323232323232,16.757575757575765,0.5995306601367216,0.14467911437608344,12.183654729109296,0.5243001494185543,-0.43017646749633565,0.16878901313926534,3
