RangeX,RangeY,RangeZ,MeanX,MeanY,MeanZ,VarX,VarY,VarZ,SkewX,SkewY,SkewZ,Label
10.666666666666657,2.333333333333343,22.00000000000003,4.811111111111112,49.55555555555556,36.41111111111111,9.042098765432092,0.38024691358024765,32.71617283950621,0.6954703972344958,-0.0748831137824991,0.7321323435979105,3
6.999999999999986,7.666666666666671,8.666666666666686,3.377777777777779,53.37777777777777,21.677777777777774,3.1535802469135805,1.4424691358024715,118.81839506172842,0.5209976508048898,0.26804472998339784,-0.24385552912412214,3
7.333333333333314,10.333333333333329,70.33333333333334,3.644444444444445,45.57777777777778,37.4,3.6587654320987664,209.1106172839506,945.7140740740739,0.35944154559726654,-1.618170976418924,0.6670332324098852,3
11.0,56.66666666666667,-8.333333333333314,7.311111111111112,103.91111111111113,7.022222222222223,8.910617283950623,0.24395061728395098,36.8958024691358,-0.6085315170918961,-0.08952886823175189,0.722233230361606,3
9.666666666666657,55.000000000000014,13.0,7.3,102.11111111111113,23.911111111111108,1.1359259259259238,0.8913580246913593,109.92543209876548,0.6475764474521485,-1.3522685479908816,-0.13390933654979326,3
