RangeX,RangeY,RangeZ,MeanX,MeanY,MeanZ,VarX,VarY,VarZ,SkewX,SkewY,SkewZ,Label
8.333333333333314,4.666666666666671,18.666666666666686,9.758620689655173,44.26436781609196,20.390804597701152,4.949398863786488,1.4665081252477246,29.51776985070686,0.18236890238263664,0.6758671905646472,-0.30539096333664467,4
10.666666666666657,12.333333333333329,24.333333333333343,7.9655172413793105,53.05747126436782,24.93103448275862,12.48540097767208,1.4564671687144928,82.62359624785303,0.7804189329076263,-1.019961248464643,-0.6420330729603475,4
16.0,16.000000000000014,96.00000000000001,7.448275862068966,45.804597701149426,46.55172413793103,28.78372308098826,296.77024706037787,1784.017439556084,1.336562452717774,-1.439536994986247,0.25529794541558065,4
9.666666666666657,53.66666666666667,19.333333333333343,4.494252873563218,91.88505747126437,9.264367816091951,20.79402827321971,5.1438763376932215,73.4358567842516,0.9088047247308397,-0.44072976461888747,0.8649526908071166,4
8.666666666666657,56.000000000000014,50.66666666666666,9.436781609195402,96.78160919540231,34.045977011494244,6.8283789139912665,0.8067115867353695,150.5496102523451,-0.7284312102140386,-1.0558165865508944,1.075827126231021,4
