RangeX,RangeY,RangeZ,MeanX,MeanY,MeanZ,VarX,VarY,VarZ,SkewX,SkewY,SkewZ,Label
9.333333333333343,3.0,25.0,4.137254901960786,41.78431372549019,31.529411764705884,8.776368063565295,0.7225426118159692,44.78508266051519,0.012659625381564413,-0.27597379859808946,0.24759343416441973,4
7.0,13.0,-0.3333333333333428,4.209150326797385,50.38562091503269,6.705882352941174,2.727497970865908,1.5746080567303158,18.75227476611558,-0.3632542961700247,0.32111724811618925,1.2040196551221498,4
32.66666666666667,11.666666666666657,98.66666666666667,12.993464052287582,31.581699346405234,66.08496732026143,56.45965227049426,247.69866290742874,1297.5810158486054,0.6608207255368187,-0.49057338391529515,-0.723288699779185,4
6.0,46.66666666666666,15.0,2.6078431372549016,85.1437908496732,16.04575163398693,2.983467896962706,0.9727882438378368,161.96958434790048,0.31908829349934204,-0.38747991253795583,0.348568417656071,4
3.333333333333343,46.33333333333334,29.0,1.6732026143790846,83.95424836601308,33.235294117647065,0.747233969840662,2.470673672519116,159.0993207740612,-0.028304972187245158,-0.03065141709942974,-0.4005895445574119,4
