RangeX,RangeY,RangeZ,MeanX,MeanY,MeanZ,VarX,VarY,VarZ,SkewX,SkewY,SkewZ,Label
4.0,2.0,6.333333333333314,3.0869565217391304,45.17391304347826,35.49275362318841,0.9489603024574685,0.19197647553035008,2.9649233354337223,-0.3939249623418822,0.6993952550982959,0.5008547668881601,4
6.666666666666671,7.000000000000014,-13.666666666666686,5.246376811594202,50.37681159420291,11.086956521739133,0.8136946019743748,0.37009031716026247,18.398235664776312,0.2506019360042355,-0.32205711711135226,0.12661680311735105,4
15.333333333333343,6.000000000000014,32.66666666666666,9.695652173913043,37.753623188405804,32.42028985507247,12.14408737660155,235.26780088216768,544.3885738290276,0.02671926283493884,-1.0166559479319346,0.017771862516294677,4
11.0,40.33333333333333,-13.333333333333371,10.028985507246375,83.66666666666667,13.13043478260869,0.7817685360218367,0.42512077294686085,9.079605124973735,-0.10770128191627562,0.03485709260079389,0.17923997974346578,4
9.666666666666686,40.33333333333333,-13.333333333333371,9.463768115942033,84.05797101449275,15.826086956521738,0.6254988447805142,0.21886158370090184,6.114681789540021,-0.46995740466026886,-0.688195605748596,-0.4576897962617661,4
