RangeX,RangeY,RangeZ,MeanX,MeanY,MeanZ,VarX,VarY,VarZ,SkewX,SkewY,SkewZ,Label
13.333333333333314,8.666666666666671,26.333333333333314,4.679012345679014,48.71604938271606,51.76543209876542,12.38256363359243,3.824721841182747,45.54580094497789,0.8423424192563413,0.5532549259488188,-1.1832312500130864,4
8.666666666666657,5.333333333333343,13.0,5.97530864197531,46.802469135802475,18.62962962962963,4.945892394452056,4.421886907483617,110.29903978052131,-0.9800942428628283,-0.7491426359595553,0.8089545436793667,4
46.0,2.0,30.66666666666663,25.740740740740737,30.000000000000004,42.703703703703695,289.22908093278465,181.29218106995884,154.60356652949244,-0.3895597214941451,-0.45587044768292095,0.03573047503206249,4
48.66666666666666,34.0,-4.333333333333371,38.27160493827161,74.4074074074074,10.172839506172838,54.831580551745134,9.418381344307257,61.31169029111412,-0.4912317683190254,-0.7008610541954983,0.7558571424743548,4
39.66666666666666,37.66666666666666,0.0,32.03703703703704,77.82716049382717,12.74074074074074,32.924554183813456,4.669714982472188,85.35253772290815,-0.5961077972279081,0.510159281019895,0.7068466406100536,4
