RangeX,RangeY,RangeZ,MeanX,MeanY,MeanZ,VarX,VarY,VarZ,SkewX,SkewY,SkewZ,Label
8.0,3.3333333333333286,3.0,4.982456140350877,46.50877192982456,36.578947368421055,3.4207448445675577,0.8113265620190812,0.7349953831948296,-0.04949342631767945,-0.2929565252370494,-0.09722798728967516,4
18.666666666666657,10.333333333333329,-17.666666666666657,11.403508771929825,53.561403508771924,13.666666666666664,23.889812249923047,2.1175746383502516,6.584795321637435,0.5868270804387943,-0.704933164928618,-0.6790307979321168,4
15.666666666666657,9.999999999999986,56.0,9.508771929824562,40.929824561403514,50.210526315789465,9.384425977223742,255.38688827331478,849.0667897814711,0.8087571260748598,-0.8158250299928835,0.3404023594572549,4
11.333333333333329,44.66666666666667,-23.333333333333343,10.245614035087721,87.77192982456141,3.2105263157894752,3.658971991381969,0.5854108956602083,12.35333948907354,-1.1821980627801778,0.5247023783142952,0.8825053989694646,4
14.333333333333314,41.999999999999986,-18.0,10.245614035087723,85.89473684210526,9.31578947368421,2.6765158510310876,0.31640504770698685,37.99384425977221,1.2806157543745686,-0.08919852203126517,-0.14229381876100966,4
