RangeX,RangeY,RangeZ,MeanX,MeanY,MeanZ,VarX,VarY,VarZ,SkewX,SkewY,SkewZ,Label
4.0,2.333333333333343,6.666666666666629,1.8861788617886175,43.65853658536585,28.4390243902439,1.2011368894176695,0.34952739771300173,3.064710159296703,0.05192088015959289,-0.14671702655591845,0.7058094124200384,4
12.333333333333329,8.333333333333329,-11.333333333333371,7.6829268292682915,49.43089430894309,6.73170731707317,5.609491704673143,0.6842487937074457,17.751867274770298,0.36343064269675995,-0.0681881653808305,0.21306725292866116,4
50.33333333333334,7.333333333333329,15.0,25.593495934959353,29.845528455284555,16.308943089430898,263.07052680282897,285.8325071055589,84.95062462819747,0.30728661631914955,-0.15385014009811887,0.7957822244413179,4
5.333333333333343,35.33333333333333,1.6666666666666288,3.243902439024391,76.53658536585365,20.682926829268293,2.9486416815387706,0.2811818362086048,15.35474915724769,-0.4621644566581613,0.36295308562354256,-0.4256263470903398,4
11.666666666666657,35.66666666666667,-4.333333333333371,6.861788617886183,76.96747967479675,11.21951219512195,6.482252627404324,0.4867473064974538,25.14151629321169,0.5174231038934092,-0.23779439659813822,0.4027694805672553,4
