RangeX,RangeY,RangeZ,MeanX,MeanY,MeanZ,VarX,VarY,VarZ,SkewX,SkewY,SkewZ,Label
8.0,10.0,15.666666666666657,2.02777777777778,45.208333333333336,48.30555555555555,4.489969135802469,9.516782407407407,30.81404320987654,1.583353021284021,-0.05704033411038017,-0.5276779423179586,4
9.0,15.000000000000014,-10.333333333333343,3.8472222222222228,52.638888888888886,16.069444444444446,5.39795524691358,1.1381172839506197,65.35165895061728,0.625893469233427,0.19760470095178526,-0.18621065505017972,4
18.333333333333343,16.333333333333336,73.33333333333333,7.6527777777777795,33.13888888888889,48.666666666666664,35.05073302469136,250.7307098765432,807.2962962962964,0.43172458809025627,-0.23924711790877629,0.8461801553061841,4
11.0,65.33333333333333,-17.666666666666686,6.888888888888889,104.80555555555556,5.958333333333331,8.22839506172839,0.3233024691357979,34.41030092592599,-0.38324953974309217,-0.2101037249833801,1.3069288524983884,4
11.0,63.33333333333333,-0.6666666666666856,8.680555555555555,101.95833333333333,16.875000000000004,2.708140432098764,1.6140046296296287,95.85011574074076,-0.09561334014242089,-1.2765848601245966,0.2688044681657371,4
