RangeX,RangeY,RangeZ,MeanX,MeanY,MeanZ,VarX,VarY,VarZ,SkewX,SkewY,SkewZ,Label
7.666666666666657,1.6666666666666714,6.333333333333343,3.9292929292929273,46.858585858585855,36.19191919191919,5.749209264360782,0.25609631670237754,2.410978471584535,0.19636867636332508,-0.09245272927720029,-1.446276519580707,5
9.666666666666657,9.666666666666657,-12.333333333333314,8.02020202020202,53.484848484848484,10.757575757575758,0.6393225181103968,1.3541475359657114,20.870523415977974,-0.018729670112644987,0.10076065267199165,-0.08184787699460253,5
11.666666666666657,8.666666666666657,87.00000000000001,8.727272727272727,33.35353535353536,57.65656565656566,7.821242730333634,379.5349454137333,2020.8517498214464,-1.1194596695826984,-0.20301600645896226,0.3723158987092412,5
11.666666666666657,42.0,-12.666666666666657,10.090909090909092,86.79797979797979,9.5050505050505,1.981634527089072,0.3093561881440659,33.9267421691664,-0.484895842574062,0.3026483516383698,-0.04949039716878773,5
12.333333333333314,42.0,-1.6666666666666572,11.383838383838382,86.45454545454545,15.727272727272727,0.4654627078869502,0.8607284970921332,87.70676461585549,-0.1412004882521095,-0.38575052733909043,0.14541233329386033,5
