RangeX,RangeY,RangeZ,MeanX,MeanY,MeanZ,VarX,VarY,VarZ,SkewX,SkewY,SkewZ,Label
9.666666666666657,2.6666666666666714,14.333333333333343,3.7795698924731185,42.51612903225807,24.978494623655916,7.942449994218986,0.3393455890854433,13.659035726673599,0.42874545993267077,0.2546138273413727,0.8376153575125076,5
6.666666666666671,11.333333333333329,-2.0,4.150537634408603,48.93548387096775,6.586021505376341,1.4504567001965556,2.071106486298996,24.88059313215399,-0.33863735920263643,0.6408403234443789,0.44054563620428233,5
13.333333333333343,9.666666666666671,94.66666666666667,5.731182795698921,22.123655913978492,61.07526881720431,12.01734304543879,269.54922534397036,1628.3348363972714,0.4361184091992586,0.7144457682732607,0.12086616177594675,5
8.0,45.000000000000014,19.333333333333314,3.204301075268818,84.77419354838709,19.032258064516125,3.019192970285583,0.7339576829691239,152.08856515204064,0.6611313649380702,-0.1315017616085623,-0.22323878184734047,5
5.666666666666657,45.000000000000014,27.0,1.1505376344086018,84.58602150537632,27.736559139784944,1.3500982772574832,0.7515608740894916,125.00407561567808,2.2953133124963325,-0.20696959150749217,-0.17561630498897127,5
