RangeX,RangeY,RangeZ,MeanX,MeanY,MeanZ,VarX,VarY,VarZ,SkewX,SkewY,SkewZ,Label
18.666666666666686,10.333333333333329,52.66666666666666,8.194444444444445,49.777777777777786,47.06481481481481,36.076388888888886,6.987654320987649,288.70258916323735,0.46035639275705725,0.01385014082927848,-0.5785792178036561,5
12.666666666666671,4.999999999999986,40.0,5.805555555555554,42.527777777777786,25.296296296296298,13.996141975308648,20.372685185185187,231.29492455418378,0.3659652534317439,-0.4479482285894496,0.5661313747516659,5
32.33333333333334,4.999999999999986,98.33333333333334,9.15740740740741,27.694444444444443,60.19444444444444,78.80546982167351,276.44675925925924,1224.798611111111,1.1011139267203156,-0.0566352910962566,0.34879836474421605,5
44.33333333333334,36.33333333333333,64.33333333333331,29.79629629629629,75.49999999999999,32.49074074074073,33.59430727023319,20.76234567901235,666.5832475994512,1.2050095237263396,-0.5421821949338691,0.3626121413682195,5
44.000000000000014,48.33333333333333,71.0,30.611111111111104,83.12037037037038,34.00925925925926,45.57098765432099,29.099708504801097,648.959790809328,0.10810234838437918,0.1509845430157878,0.5547096261506484,5
