RangeX,RangeY,RangeZ,MeanX,MeanY,MeanZ,VarX,VarY,VarZ,SkewX,SkewY,SkewZ,Label
20.0,3.6666666666666714,17.333333333333343,5.360000000000001,46.95111111111111,31.742222222222225,38.85558518518517,0.5827950617283931,12.04614320987655,1.224986997598202,0.37330395878406497,0.8505767798193646,5
8.0,6.333333333333329,12.666666666666657,5.004444444444443,48.2,16.50222222222222,3.0355358024691363,14.121481481481487,58.8811061728395,-0.5778825547035166,-1.6585090421627027,1.1496918517976231,5
10.666666666666657,5.666666666666671,86.0,3.8755555555555565,36.10222222222222,44.84444444444445,5.990439506172829,278.02658765432096,1644.2972839506174,0.8107280672819113,-0.7414012685532133,0.6649842264034639,5
14.333333333333329,49.000000000000014,3.333333333333343,5.533333333333332,90.8888888888889,15.20888888888889,14.989629629629635,2.5906172839506154,49.581550617283966,0.4226552583554662,0.28405324022173656,-0.188108631406052,5
9.0,47.66666666666667,19.0,6.004444444444445,91.1911111111111,13.293333333333333,2.0103506172839527,2.0894024691358055,218.21617777777774,-0.5133811267193206,-0.7617773946239654,1.0106376982094674,5
