RangeX,RangeY,RangeZ,MeanX,MeanY,MeanZ,VarX,VarY,VarZ,SkewX,SkewY,SkewZ,Label
19.0,8.999999999999993,26.0,9.185185185185187,42.37037037037036,16.72222222222222,40.039780521261996,5.8813443072702265,47.57716049382715,0.3171630034936198,-0.6704697399191927,-1.1987684106488457,6
22.999999999999986,14.333333333333321,62.33333333333334,10.25,48.27777777777778,28.95370370370371,44.66898148148146,3.8549382716049316,252.6737825788751,0.4017369018657451,-0.09043715152992532,0.2206358978326012,6
24.666666666666657,1431653246.6666667,99.0,12.092592592592593,417565567.0277778,47.77777777777777,68.75685871056243,4.0921452393830566e+17,1655.4320987654323,0.10235348358407571,0.9162873404191862,0.07503853184057183,6
18.999999999999986,63.33333333333332,15.0,8.675925925925926,95.62037037037038,5.203703703703707,34.7684327846365,5.661436899862821,24.804183813443107,0.4698239415415747,0.33431742460775155,0.5639302951191011,6
14.333333333333314,62.666666666666664,85.33333333333331,6.916666666666667,97.00925925925927,36.12037037037037,11.607253086419746,4.144975994513028,859.6367455418381,0.6636699299968633,-1.0507594619612417,0.5332347708717134,6
