RangeX,RangeY,RangeZ,MeanX,MeanY,MeanZ,VarX,VarY,VarZ,SkewX,SkewY,SkewZ,Label
14.333333333333343,5.0,27.0,5.757575757575759,47.57575757575758,20.12121212121212,18.574227119681677,2.4664830119375596,78.66544230180595,0.7240455587452895,0.5849877276041275,-0.32081015280583824,6
7.666666666666671,4.333333333333329,40.99999999999997,5.858585858585859,48.42424242424242,22.585858585858592,1.2931333537394154,1.0860116314661785,128.0540761146822,0.2498247003272329,-0.12254186875044935,0.480645042360499,6
25.333333333333343,6.0,106.33333333333331,10.808080808080806,31.484848484848484,46.88888888888889,55.05070911131518,367.83899602081425,1157.5331088664425,0.6066830581411623,-0.4044043177626417,0.4676010980269624,6
14.000000000000014,54.999999999999986,46.333333333333314,7.11111111111111,94.82828282828284,24.272727272727273,14.819304152637496,16.889705132129368,199.21518212427304,-0.16005446484589334,0.012513138744750551,0.26256600485111986,6
9.0,48.999999999999986,49.66666666666663,6.858585858585858,91.35353535353535,17.464646464646464,2.444648505254567,2.039995918783791,288.9962248750127,0.023078254267514777,0.305008453538474,0.8454319119881617,6
