RangeX,RangeY,RangeZ,MeanX,MeanY,MeanZ,VarX,VarY,VarZ,SkewX,SkewY,SkewZ,Label
12.333333333333343,2.6666666666666714,18.0,3.785714285714284,44.45238095238095,30.607142857142858,11.215986394557827,0.4699546485260782,19.22264739229025,1.0185596675445057,-0.6575930191805789,-0.5361341982585639,6
7.0,8.333333333333343,18.666666666666686,4.333333333333333,49.77380952380952,18.59523809523809,3.087301587301588,0.45280612244898416,60.84410430839002,-0.14776862913755598,-0.1561170735241345,0.9931476812477352,6
22.333333333333343,8.666666666666664,95.66666666666666,8.404761904761907,37.07142857142857,47.17857142857143,27.740929705215468,225.62188208616786,1543.6863662131516,1.451062201156676,-0.8536409121067204,0.41577472948416533,6
11.666666666666657,41.66666666666666,2.3333333333333144,9.011904761904763,83.58333333333333,8.809523809523808,4.90858843537415,0.16369047619047436,29.78117913832201,-0.6538299647326408,0.48684163324205193,0.6440362981023748,6
11.0,42.33333333333334,17.666666666666686,9.05952380952381,84.0238095238095,11.36904761904762,0.5401077097505665,0.3327664399092977,102.71697845804998,0.5129436771704922,0.17930113080957444,1.0572845394005026,6
