RangeX,RangeY,RangeZ,MeanX,MeanY,MeanZ,VarX,VarY,VarZ,SkewX,SkewY,SkewZ,Label
10.333333333333343,4.0,11.666666666666686,5.517241379310345,42.793103448275865,22.183908045977017,9.575373232923782,1.2445501387237419,16.41062227506938,0.3003642472213927,-0.8335860222768806,-0.24029655058369156,6
8.0,10.000000000000014,-0.3333333333333144,6.839080459770116,48.436781609195414,9.068965517241377,1.5986259743691367,1.1732065001981795,15.604439159730486,-0.5234650638617608,-0.067292409432366,-0.4112731456298177,6
20.666666666666657,10.666666666666671,88.33333333333334,11.22988505747126,31.64367816091954,47.689655172413794,27.418417228167574,261.89219183511693,1083.325142026688,0.9557112296869767,-0.3540255011078941,0.14249225178504943,6
3.6666666666666714,37.33333333333333,12.0,2.4942528735632186,76.63218390804596,14.839080459770113,1.8514995375875296,0.20953890870656502,47.38406658739594,-0.2733040131711351,-0.13308668612098895,0.3046450486442835,6
7.666666666666657,37.66666666666667,31.333333333333314,6.8160919540229905,76.49425287356323,28.03448275862069,0.97767208349848,1.3840665873959563,121.37428986656091,-0.13049582906013116,-0.4348678274927672,0.10200419107943844,6
