RangeX,RangeY,RangeZ,MeanX,MeanY,MeanZ,VarX,VarY,VarZ,SkewX,SkewY,SkewZ,Label
12.333333333333329,3.3333333333333286,10.666666666666657,6.148148148148148,47.111111111111114,31.592592592592588,12.019204389574758,0.5596707818930037,9.541838134430726,0.009790630758883036,0.2883076669255453,0.2693757425216634,6
16.0,10.333333333333329,4.333333333333314,9.358024691358024,53.160493827160494,15.39506172839506,9.974698978814203,2.2911141594269124,63.04557232129249,0.4560459575657819,0.40022046309900694,0.16039157285364114,6
27.333333333333343,7.999999999999986,92.33333333333333,10.617283950617287,32.358024691358025,49.33333333333334,34.77122389879592,388.1310775796373,1404.0,1.2077871257230484,-0.2879456227741494,0.8560910224197509,6
12.333333333333329,42.33333333333333,7.666666666666657,9.185185185185185,86.9506172839506,12.790123456790125,6.710562414266115,0.7218411827465354,88.30574607529337,-0.5805757566379968,-0.9348411252527373,0.7132763508845351,6
12.666666666666657,41.999999999999986,16.666666666666657,9.23456790123457,85.95061728395063,19.1358024691358,8.105471726870897,1.1415942691662804,197.24493217497331,-0.9477992557810111,-0.324587107211158,0.25717378388864404,6
