RangeX,RangeY,RangeZ,MeanX,MeanY,MeanZ,VarX,VarY,VarZ,SkewX,SkewY,SkewZ,Label
12.333333333333343,3.0,5.333333333333343,4.489583333333332,46.1875,23.427083333333332,13.159613715277798,0.42317708333333237,1.536349826388892,0.9526345978843858,0.1456427146608816,-0.23645627024386065,6
5.333333333333329,7.999999999999986,0.0,2.7083333333333335,50.90625,9.760416666666668,1.2204861111111098,0.9530164930555498,18.154405381944436,0.8018478893744533,0.16582470637260158,0.9914174710457625,6
20.666666666666657,8.0,49.33333333333334,11.322916666666668,36.8125,29.46875,16.81586371527775,302.52039930555554,614.2629123263889,0.45917308626482506,-0.8299141471559687,0.47624411497343455,6
11.666666666666657,39.33333333333333,17.666666666666657,8.447916666666666,81.91666666666666,28.374999999999993,8.316731770833332,0.9236111111111129,50.428819444444386,-0.9954560937700699,0.5241777560130931,-0.8455247779858722,6
9.333333333333343,39.999999999999986,31.333333333333343,6.187500000000001,83.11458333333333,27.927083333333336,1.4717881944444469,1.3167317708333295,133.1300998263888,0.6255364631616726,-0.33350160492418096,0.701082419040332,6
