RangeX,RangeY,RangeZ,MeanX,MeanY,MeanZ,VarX,VarY,VarZ,SkewX,SkewY,SkewZ,Label
10.333333333333343,2.3333333333333286,12.666666666666657,4.219047619047618,42.48571428571429,23.971428571428575,8.596462585034017,0.3958276643990922,5.24680272108843,1.008242613483581,-0.6983216302535659,-1.0421507995767108,7
5.666666666666671,12.0,12.999999999999972,3.6476190476190475,50.19047619047619,16.447619047619046,2.094875283446713,1.2272108843537402,28.8694784580499,-0.12873733318211178,0.2979432411165454,0.9378630944614034,7
29.000000000000014,10.333333333333343,102.99999999999997,15.2952380952381,32.19047619047618,61.55238095238097,76.29696145124717,263.4113378684807,1570.9139229024943,0.003207638176792086,-0.438792059305328,-0.4180497205955395,7
3.6666666666666856,45.0,14.666666666666629,2.476190476190477,84.97142857142859,17.6,0.8081632653061228,0.4023582766439894,39.82095238095239,-0.10932895009493541,-0.15086701669673716,-0.07187826915244559,7
1.3333333333333428,45.0,23.66666666666663,0.7333333333333338,84.81904761904761,26.009523809523806,0.32888888888888757,0.34503401360544406,46.676099773242605,0.6988323302089896,0.3216381451330935,0.32175276942243647,7
