RangeX,RangeY,RangeZ,MeanX,MeanY,MeanZ,VarX,VarY,VarZ,SkewX,SkewY,SkewZ,Label
8.0,2.333333333333343,11.0,6.544715447154473,45.6260162601626,22.902439024390244,4.00951814396192,0.304580606781678,5.8766607178266925,0.4317082514203789,-0.4826256977385752,-0.9585619113865442,7
5.666666666666671,8.666666666666671,1.6666666666666572,3.5203252032520336,50.31707317073171,11.373983739837398,1.929803688280788,3.479410403860139,8.358781148787111,1.2937216119652486,-0.6731158247327735,0.18564682608852984,7
34.66666666666667,8.333333333333329,100.00000000000001,21.49593495934959,34.68292682926829,50.67479674796748,83.58331680877784,233.44689007865685,994.9945138475775,-0.29701515947009155,-0.5726201189392963,0.1406981140525592,7
8.0,38.66666666666667,14.000000000000028,8.065040650406505,81.98373983739836,21.146341463414632,2.6678564346619082,0.3899795095511948,19.246876859012463,-0.517133799589792,-0.4411682940714493,-0.1623076953418505,7
4.333333333333343,40.000000000000014,39.33333333333334,6.024390243902438,82.7560975609756,34.983739837398375,0.7175622975741945,0.8131403265252127,58.32493885914469,-0.9736349498655461,-0.7654231898186951,0.9472681883546542,7
