RangeX,RangeY,RangeZ,MeanX,MeanY,MeanZ,VarX,VarY,VarZ,SkewX,SkewY,SkewZ,Label
4.0,2.3333333333333286,5.666666666666686,2.380952380952381,45.03174603174603,35.7142857142857,1.6855631141345293,0.43285462333081365,3.1776266061980687,-0.2237206658850293,0.09046612353576676,0.14682206748701296,7
10.999999999999986,8.0,-17.66666666666663,6.476190476190476,50.460317460317476,12.698412698412694,4.926681783824639,0.42831947593852043,2.623330813806995,0.9625556961591929,0.02719252360696007,-0.46393170655023547,7
17.333333333333314,8.0,73.66666666666669,10.285714285714285,27.777777777777775,61.904761904761905,21.526832955404394,253.8236331569665,898.3189720332576,-0.39814439391047435,0.260362429365837,-0.5948122193347842,7
9.333333333333314,40.66666666666666,-13.666666666666629,8.698412698412696,83.77777777777779,13.492063492063489,0.3270345175107063,0.3315696649029981,14.334593096497853,0.41797071655612256,-0.24428072663187458,-0.3091930858655757,7
11.666666666666657,40.33333333333334,-12.333333333333314,10.84126984126984,83.73015873015872,14.619047619047619,0.37692113882589906,0.23935500125976403,9.950113378684804,0.030762569792478895,0.30128786888760156,0.3994704491995723,7
