RangeX,RangeY,RangeZ,MeanX,MeanY,MeanZ,VarX,VarY,VarZ,SkewX,SkewY,SkewZ,Label
17.333333333333343,9.666666666666671,44.66666666666663,9.02222222222222,47.614814814814814,44.48888888888889,21.25135802469136,5.50595336076818,103.85975308641966,-0.031222165772168135,0.16753160669772693,0.3130032387041166,7
29.333333333333343,5.666666666666657,64.66666666666666,10.311111111111108,32.42962962962963,47.55555555555556,84.99950617283952,260.74381344307267,649.3827160493827,0.8859850808694977,-0.7697002596814373,0.06866643299236058,7
45.000000000000014,4.666666666666657,90.99999999999997,16.237037037037037,31.007407407407406,55.13333333333334,208.84257887517148,188.26414266117973,795.4044444444444,0.4282219101456094,-0.4854958165822357,0.12818503492762207,7
36.0,40.33333333333334,11.333333333333314,25.0,78.70370370370371,20.52592592592592,44.80987654320988,6.282578875171464,65.67648834019207,0.14797127472418029,-0.3993732071510389,-0.5233720285670554,7
38.33333333333334,39.66666666666666,25.66666666666663,30.5037037037037,77.15555555555557,28.933333333333334,17.933936899862832,6.417777777777767,157.1437037037038,-0.49445013788255077,0.31019395981488374,-0.46176078353492517,7
