RangeX,RangeY,RangeZ,MeanX,MeanY,MeanZ,VarX,VarY,VarZ,SkewX,SkewY,SkewZ,Label
5.666666666666657,1.0,6.333333333333343,5.142857142857143,47.214285714285715,36.67857142857143,2.233560090702955,0.09693877551020451,3.9879535147392318,0.1545904583281732,0.2388070212220096,0.1457179569035778,7
9.999999999999986,8.999999999999986,-15.333333333333314,9.071428571428571,53.17857142857143,10.88095238095238,3.5504535147392278,1.1466836734693835,23.128684807256256,-0.4412039781266678,0.3579544496904772,-0.1863460660575653,7
20.666666666666657,7.999999999999986,67.33333333333334,11.107142857142858,33.23809523809524,59.09523809523809,34.01629818594103,336.39569160997735,1121.078231292517,0.29257359518435266,-0.43378402536900024,-0.5048569698291955,7
7.333333333333329,41.33333333333333,-16.666666666666657,7.202380952380953,87.14285714285712,5.547619047619049,1.431264172335604,0.4240362811791377,23.70804988662133,-0.12376751101919918,-0.20882324838703237,0.9179367959201524,7
12.666666666666657,40.999999999999986,-5.333333333333314,12.404761904761902,86.45238095238095,16.38095238095238,3.193310657596364,0.47789115646258257,24.74376417233558,-0.49132480116683735,0.0708447596448382,0.8132496797206399,7
