RangeX,RangeY,RangeZ,MeanX,MeanY,MeanZ,VarX,VarY,VarZ,SkewX,SkewY,SkewZ,Label
7.0,3.666666666666657,15.0,5.3873873873873865,42.837837837837846,25.351351351351344,5.108189270351437,0.604334063793523,11.41709276844411,0.34024986631531395,-0.42620825183928907,-1.2384003505019399,7
6.333333333333343,9.333333333333329,-6.666666666666629,7.4054054054054035,47.76576576576576,4.4954954954955,1.274084895706516,2.431620809999178,3.883613343072788,-0.4326447430473748,-0.2672030797188126,0.30818523763768574,7
25.333333333333343,9.999999999999986,97.00000000000003,16.531531531531535,33.531531531531535,55.42342342342343,53.708465221978734,232.4291859426995,960.370262154046,-0.2814763612081157,-0.7415134140131208,-0.11932152032736901,7
1.0000000000000142,36.66666666666667,4.0,1.7747747747747749,76.77477477477476,9.675675675675674,1.1714958201444694,0.17449882314747292,26.00292184075967,0.17776241441524407,-0.38175811000693477,0.20677970499526652,7
5.666666666666686,37.33333333333333,22.0,6.88288288288288,76.50450450450448,26.243243243243242,0.42772502231961324,0.5682980277574817,49.781673565457346,0.0885161126142291,-0.3821317956980173,0.07432488312604059,7
