RangeX,RangeY,RangeZ,MeanX,MeanY,MeanZ,VarX,VarY,VarZ,SkewX,SkewY,SkewZ,Label
10.666666666666686,8.0,40.666666666666686,12.747474747474746,48.464646464646464,35.98989898989899,6.4244464850525596,3.164575043362923,88.85174982144677,0.29236404912115405,-0.8652014543016197,-0.37811588640005206,8
20.000000000000014,-0.6666666666666714,60.0,14.616161616161616,35.56565656565657,55.292929292929294,36.46546270788694,19.35680032649729,92.78624630139791,-0.014995101856821473,0.060533033296117686,-0.5358798060039278,8
29.0,6.666666666666671,97.66666666666666,14.151515151515152,35.14141414141414,50.81818181818182,125.2935414753597,233.31333537394144,1426.3103764921943,0.3013670484542795,-0.9247011364127435,-0.16579270835498314,8
16.666666666666686,40.33333333333333,22.0,17.737373737373733,81.54545454545455,22.161616161616166,22.32159983675132,1.7294153657789986,35.07825732068153,-0.4949943501718695,-0.5635998357675539,0.6273304417099009,8
27.000000000000014,31.000000000000014,52.666666666666686,30.222222222222225,71.69696969696972,46.69696969696969,6.913580246913574,4.231404958677697,123.45699418426693,-0.16759024710241935,-0.6952270394381266,0.13547008485990872,8
