RangeX,RangeY,RangeZ,MeanX,MeanY,MeanZ,VarX,VarY,VarZ,SkewX,SkewY,SkewZ,Label
3.6666666666666856,2.333333333333343,8.0,5.500000000000001,42.61458333333333,25.61458333333333,0.9791666666666698,0.2160373263888901,3.5632595486111107,-0.01791812598014061,-0.2041655709361958,0.5279507040484032,8
5.333333333333343,8.333333333333329,-11.666666666666686,7.135416666666664,48.677083333333336,5.395833333333327,0.5684678819444452,0.23947482638888865,7.725260416666665,0.8028876773968592,-0.05399199742088249,0.048313494086551105,8
23.333333333333343,8.666666666666671,88.66666666666666,14.052083333333332,30.458333333333332,67.875,76.62575954861109,249.47743055555557,1241.171875,0.31227097271587106,-0.4014708202821222,-0.6644306842739777,8
-0.6666666666666572,36.33333333333333,-10.666666666666686,1.510416666666666,76.90625,6.354166666666666,0.5137803819444435,0.16829427083333273,7.950954861111104,-0.19367035529962448,0.24488141843032718,0.3985755585311356,8
4.333333333333343,36.66666666666667,5.333333333333314,6.718749999999999,76.90625,20.843750000000004,0.4452039930555541,0.1266276041666669,7.145724826388874,0.0653612460410139,0.42336475323487466,0.5160223524490104,8
