RangeX,RangeY,RangeZ,MeanX,MeanY,MeanZ,VarX,VarY,VarZ,SkewX,SkewY,SkewZ,Label
10.666666666666657,3.6666666666666714,16.66666666666663,4.924731182795701,48.000000000000014,26.35483870967742,11.531969013758804,0.5663082437275976,22.888426407677176,0.23469799314774298,-0.050462379061842574,-0.7755288454698462,8
11.666666666666657,4.333333333333343,7.666666666666657,7.741935483870968,48.086021505376344,12.064516129032262,1.6323274366978844,2.0714533472077683,41.7306046941843,1.157293799552766,-0.38309331361439597,-0.07575306612657981,8
34.66666666666666,5.0,93.66666666666666,14.096774193548388,32.73118279569893,62.95698924731182,123.59995375187879,222.7556942999191,1206.7221644120712,0.21200046116849403,-0.30922776652115935,-0.6233562205105497,8
7.666666666666657,46.66666666666666,-5.0,4.387096774193548,91.25806451612904,4.053763440860214,3.66377615909354,0.3778471499595307,8.387790496011094,0.5595239665757894,0.14799282111617426,0.5928612122563802,8
7.666666666666657,46.66666666666666,14.666666666666629,6.086021505376345,91.68817204301074,17.376344086021497,0.8241415192507817,0.2719389524800559,52.67915365938251,-0.6843380083208436,-0.05638843736975716,0.3854594485186924,8
