RangeX,RangeY,RangeZ,MeanX,MeanY,MeanZ,VarX,VarY,VarZ,SkewX,SkewY,SkewZ,Label
5.333333333333314,3.3333333333333286,8.333333333333314,2.3535353535353525,38.858585858585855,2.090909090909089,1.3194571982450753,0.39077645138251094,3.4631160085705632,0.530752647168585,-1.827503447753705,1.72212645808104,8
5.666666666666657,14.999999999999986,25.0,4.050505050505049,49.5959595959596,19.808080808080806,1.3745536169778614,1.648199163350681,7.670237730843767,-0.1007596929225823,-0.14701526450875316,-0.6892584393776862,8
19.0,14.999999999999986,110.33333333333334,10.676767676767678,30.36363636363636,68.7979797979798,39.32313029282727,280.97887970615244,1633.9457198245077,-0.08547050790059378,-0.21489676045583597,-0.7204040980454776,8
4.999999999999986,43.33333333333333,26.666666666666686,3.525252525252525,78.45454545454545,21.939393939393938,0.8150188756249358,0.49709213345576986,5.652892561983478,0.46156751767572385,-0.021278334840030045,0.10604949751207737,8
1.3333333333333144,43.999999999999986,30.666666666666686,0.7575757575757585,79.61616161616162,25.383838383838388,0.19038873584328148,0.553004795429035,8.532802775227042,0.05493386464521389,-0.3827088871041271,0.0945122806789504,8
