RangeX,RangeY,RangeZ,MeanX,MeanY,MeanZ,VarX,VarY,VarZ,SkewX,SkewY,SkewZ,Label
11.0,3.3333333333333286,16.0,6.21111111111111,49.43333333333332,29.688888888888883,9.285061728395059,0.47518518518518493,21.851358024691333,-0.11204919855500997,-0.29126463492439325,-0.619331619809104,8
8.333333333333343,7.666666666666671,23.33333333333337,4.922222222222221,52.15555555555556,26.7,2.99024691358025,3.664691358024696,131.52851851851855,-0.5041244027212815,-0.08557859048633214,-0.34534004738780316,8
40.666666666666686,7.666666666666671,97.33333333333334,20.15555555555556,27.977777777777774,62.44444444444444,183.4646913580247,320.8735802469136,720.6024691358024,0.06647717121516004,0.046254849037994976,-0.4738133832111894,8
8.666666666666686,57.66666666666667,10.333333333333371,5.166666666666667,104.18888888888888,15.377777777777776,5.2796296296296354,0.538395061728394,72.31654320987656,-0.3178204067407991,-0.47370901425616324,0.036243132834636746,8
12.0,56.33333333333333,23.666666666666686,9.711111111111109,102.56666666666666,23.588888888888885,2.316543209876545,0.5048148148148167,87.53098765432102,0.03982686133507327,-0.060304670025960655,0.3800850670402357,8
