RangeX,RangeY,RangeZ,MeanX,MeanY,MeanZ,VarX,VarY,VarZ,SkewX,SkewY,SkewZ,Label
9.0,3.6666666666666714,19.0,7.107843137254904,45.343137254901954,23.352941176470583,5.873990772779706,0.5979430988081518,16.712033833141103,0.4117584141663135,-0.7283333904301728,-2.30951738311379,9
9.0,9.666666666666657,20.00000000000003,5.029411764705882,50.30392156862745,12.705882352941176,4.237697039600157,2.9893310265282587,26.43637062668206,1.9459590030733198,-0.7563982257387092,1.1613773618970518,9
37.66666666666666,10.666666666666657,96.0,15.029411764705879,34.26470588235294,58.029411764705884,141.24423298731264,316.24038831218763,1400.0677623990769,0.6376437061905226,-0.41657425513824486,-0.32976313223438514,9
6.0,40.0,16.666666666666657,6.9411764705882355,82.23529411764706,16.823529411764714,4.356016916570552,0.2452902729719335,25.223760092272222,-0.7479221176744933,-0.18746478892057408,-0.6031797798418744,9
2.666666666666657,40.33333333333334,59.33333333333334,5.5098039215686265,81.85294117647058,41.59803921568628,0.7597078046905004,1.929354094579007,71.45607458669745,-0.5367292081361672,-2.4846883499318517,1.0147496349616165,9
