RangeX,RangeY,RangeZ,MeanX,MeanY,MeanZ,VarX,VarY,VarZ,SkewX,SkewY,SkewZ,Label
9.333333333333343,4.0,24.66666666666663,7.130434782608695,43.833333333333336,16.76086956521739,3.2293635790800312,1.051932367149758,48.20610165931521,0.3695729936574591,-0.4567179692648853,-0.9684277003145829,9
13.0,11.666666666666671,42.333333333333314,9.702898550724639,51.1376811594203,27.913043478260864,7.339266960722534,2.1090632220121863,91.5093467758874,0.5769757319423878,-0.8764647853809163,-0.35986648671479615,9
45.66666666666667,16.66666666666667,125.66666666666664,15.108695652173916,31.0,71.81159420289855,163.16934467548836,495.463768115942,2323.350976685571,0.9727001987007861,-0.05808865926443852,-0.5098076697605274,9
26.666666666666657,55.66666666666667,42.66666666666666,6.942028985507247,93.27536231884056,15.60144927536232,65.94349926486031,15.851711825246795,88.61651963873138,1.583361757296295,-1.9417589699279538,1.474862910336295,9
17.666666666666657,56.999999999999986,51.0,8.862318840579709,94.15942028985506,31.07971014492753,18.302299936988025,11.675068262969969,98.89944339424488,1.1425373250763449,-1.7461267574229429,0.36849255175665474,9
