RangeX,RangeY,RangeZ,MeanX,MeanY,MeanZ,VarX,VarY,VarZ,SkewX,SkewY,SkewZ,Label
9.0,3.333333333333343,16.0,3.3495934959349594,47.65040650406504,27.178861788617883,4.9861854716108205,0.5796814065701646,11.621124991737721,0.9489965148834849,0.8336635034587804,-0.06975891433756137,9
7.999999999999986,4.666666666666671,9.333333333333314,6.455284552845529,49.50406504065041,15.040650406504067,0.871306761848105,0.9871108467182237,29.610813669112282,-0.2042427804421984,-0.4625739027509401,0.3112703759036821,9
37.66666666666666,5.000000000000014,94.66666666666666,9.75609756097561,32.22764227642276,65.06504065040649,88.78062000132195,242.69614647365987,1683.529645052548,1.7182715526596715,-0.12393974458118734,-0.580239663768245,9
7.999999999999986,47.000000000000014,-2.3333333333333144,3.796747967479674,91.73170731707317,6.560975609756099,5.554894573335981,0.711216868266242,17.660916121356344,0.122254634334004,-0.42761866061877124,0.3930472934114964,9
8.666666666666657,46.66666666666667,10.333333333333314,4.609756097560977,91.80487804878048,12.772357723577237,5.880230021812423,0.3901117059951095,42.831647828673404,0.2695357193190425,0.05567047856092858,0.973975907424651,9
