RangeX,RangeY,RangeZ,MeanX,MeanY,MeanZ,VarX,VarY,VarZ,SkewX,SkewY,SkewZ,Label
5.666666666666657,2.6666666666666714,13.666666666666686,4.697916666666667,49.625,29.479166666666664,2.3288845486111107,0.44965277777777846,10.312065972222218,-0.7287181464275879,-0.450553058127508,-0.8803147503088766,10
53.999999999999986,7.666666666666657,106.0,15.729166666666666,35.041666666666664,54.82291666666667,327.73220486111114,361.87326388888886,2088.6873914930557,1.1347003657712869,-0.33722598464345194,0.5305897242908877,10
56.0,9.0,104.33333333333334,17.78125,38.14583333333333,47.29166666666667,317.3514539930556,343.68012152777777,2126.199652777778,0.9787704459167393,-0.47134590865989134,0.6354702790289641,10
6.666666666666657,57.33333333333334,-3.6666666666666856,5.927083333333331,104.66666666666666,9.364583333333334,0.8870442708333358,0.16666666666666846,10.39138454861109,-0.20089876364135417,-0.2041241452318368,0.3825371630301753,10
8.333333333333314,56.0,9.333333333333314,8.270833333333332,103.0,19.260416666666664,0.8294270833333344,0.23611111111111033,34.50509982638887,-0.29942779691114413,0.18158673720970062,-0.4056002888805642,10
