RangeX,RangeY,RangeZ,MeanX,MeanY,MeanZ,VarX,VarY,VarZ,SkewX,SkewY,SkewZ,Label
4.333333333333343,2.6666666666666714,15.333333333333371,1.5,46.66666666666667,30.642857142857142,1.1944444444444466,0.3968253968253971,24.245464852607785,0.7569198142090114,-0.06349803146557025,0.2526115967872,10
47.33333333333333,5.666666666666671,89.00000000000003,18.571428571428577,35.214285714285715,45.65476190476192,182.18140589569163,204.16043083900234,1597.7816043083901,0.6431167414468524,-0.39431479841401446,0.6066117127879633,10
44.66666666666666,5.333333333333329,88.00000000000003,17.250000000000004,35.33333333333333,45.80952380952382,171.57638888888883,193.19047619047618,1655.7335600907031,0.6595558807161225,-0.3141899730366701,0.5092306651810626,10
7.333333333333329,48.000000000000014,-8.0,3.214285714285713,91.35714285714288,7.321428571428571,5.2477324263038465,0.4359410430839031,16.4720804988662,0.5391768415595165,0.6454389265535454,-0.007840208126764364,10
8.0,47.000000000000014,-5.666666666666629,4.785714285714285,91.60714285714286,14.011904761904763,2.819160997732419,0.20677437641723614,6.702239229024949,0.5123790757872594,-0.43506802166367153,-0.1738104462116453,10
