RangeX,RangeY,RangeZ,MeanX,MeanY,MeanZ,VarX,VarY,VarZ,SkewX,SkewY,SkewZ,Label
4.666666666666657,2.0,12.0,3.058823529411763,44.392156862745104,31.647058823529406,1.6370626682045322,0.3821607074202219,16.03229527104961,0.32691884335712423,0.3499837378923814,0.0802265926456392,10
34.66666666666667,7.666666666666671,86.66666666666666,14.549019607843135,35.05882352941177,56.705882352941174,115.04498269896199,199.61091887735492,1969.3971549404073,0.35884580278309736,-0.16468283039081197,-0.001648126230408312,10
31.666666666666657,8.333333333333329,81.33333333333331,13.607843137254903,35.27450980392157,56.411764705882355,78.81353325643983,204.15993848519798,1690.124567474049,0.495882938573106,-0.24537199925437125,-0.10422867090646815,10
6.333333333333343,39.999999999999986,-5.0,5.803921568627455,82.99999999999999,15.33333333333333,0.6805074971164949,0.15686274509804143,18.00000000000003,-0.3601628165729827,0.6312190586476704,-0.5434674486243735,10
8.0,39.999999999999986,0.0,7.999999999999998,82.76470588235294,22.137254901960787,0.3137254901960773,0.12764321414840613,6.654363706266828,0.2975595178559599,0.8281911785366356,-0.608941017106704,10
