RangeX,RangeY,RangeZ,MeanX,MeanY,MeanZ,VarX,VarY,VarZ,SkewX,SkewY,SkewZ,Label
2.666666666666657,3.6666666666666714,7.0,2.086419753086417,42.24691358024691,28.41975308641976,0.3834781283340958,0.9266880048773065,2.3752476756592045,0.7281347343023983,-0.30352000204551777,0.18721395853975384,10
47.33333333333333,9.000000000000014,93.33333333333334,25.185185185185187,28.074074074074073,44.48148148148148,190.9821673525377,314.11796982167357,2042.8504801097395,0.21270560264931004,-0.12658766686591064,0.6591815044663599,10
45.0,9.000000000000014,93.0,23.185185185185187,27.35802469135803,47.07407407407408,172.10973936899862,340.7977442463039,2054.998628257887,0.2894407587330545,-0.12595068076452307,0.5424407334328535,10
5.0,37.000000000000014,-6.666666666666686,4.592592592592592,76.91358024691357,12.148148148148149,0.6117969821673547,0.0871818320378004,15.319615912208546,-0.7126063036357105,-0.4290857166730258,-0.7704069674091003,10
7.333333333333343,37.33333333333333,3.0,6.9876543209876525,76.5925925925926,19.320987654320984,0.4484072549916181,0.25788751714677527,9.691205608901068,-0.332997675479317,-0.6905310767719779,1.4667366234222319,10
