RangeX,RangeY,RangeZ,MeanX,MeanY,MeanZ,VarX,VarY,VarZ,SkewX,SkewY,SkewZ,Label
13.666666666666686,7.666666666666671,19.666666666666686,6.13888888888889,49.013888888888886,57.458333333333336,21.323302469135818,2.680362654320992,40.026041666666686,0.5750145564701685,-0.7382848552463284,-0.6916131530860643,10
34.000000000000014,7.000000000000014,76.00000000000003,14.055555555555557,28.625,65.72222222222223,129.10802469135805,432.05844907407413,2106.5154320987654,0.2214252102964873,-0.2121628048543655,-0.025410893622609,10
42.66666666666667,7.333333333333329,77.00000000000003,18.944444444444443,29.472222222222225,50.666666666666664,218.1820987654321,348.6751543209877,1930.75,0.020575927890423316,-0.11771971505332829,0.41667593538159403,10
29.666666666666686,39.33333333333333,-8.666666666666629,24.152777777777775,79.40277777777779,14.486111111111109,23.990547839506196,3.8238811728395077,81.74054783950625,-0.800516971758354,0.40709748566397747,1.0429385870167909,10
40.000000000000014,31.33333333333333,-2.0,33.236111111111114,73.59722222222221,15.361111111111107,5.68036265432099,3.0738811728395112,209.14737654320984,0.7891631084942454,-1.5336260071474963,0.7277673573467147,10
