RangeX,RangeY,RangeZ,MeanX,MeanY,MeanZ,VarX,VarY,VarZ,SkewX,SkewY,SkewZ,Label
3.6666666666666856,2.0,7.0,3.047619047619047,46.976190476190474,33.952380952380956,1.140589569161006,0.24546485260770684,4.219954648526069,0.46990041290674706,-1.0521471734478858,-1.3501115623941455,11
32.000000000000014,9.333333333333329,49.0,16.666666666666664,41.738095238095234,57.3095238095238,104.34920634920634,77.57426303854875,347.99149659863957,-0.09835547657188619,-0.8624290999145798,-0.9951739418482214,11
24.0,8.333333333333329,43.333333333333314,7.690476190476188,40.142857142857146,53.404761904761905,58.0708616780045,60.91609977324264,261.3202947845804,1.541725722593075,0.038196039162572255,-0.8072677592123005,11
9.666666666666671,42.33333333333333,-15.666666666666686,10.119047619047617,86.54761904761905,7.476190476190475,0.35884353741496583,0.247732426303853,5.9795918367346825,0.3435900065249523,1.9112701800187935,0.6994966914472859,11
12.333333333333343,41.66666666666667,-6.333333333333343,11.80952380952381,86.66666666666666,16.380952380952383,1.0748299319727888,0.2857142857142857,19.26757369614509,0.6665884693141808,-0.8314794192830006,-0.5379073311373128,11
