RangeX,RangeY,RangeZ,MeanX,MeanY,MeanZ,VarX,VarY,VarZ,SkewX,SkewY,SkewZ,Label
12.333333333333343,4.0,25.333333333333314,10.04761904761905,49.44761904761905,44.219047619047615,20.261224489795918,1.0472562358276643,56.65995464852606,-0.5387771784846732,-0.075754178876118,0.25914975880968655,11
47.0,0.3333333333333357,50.333333333333314,21.028571428571432,37.457142857142856,47.38095238095239,274.4912471655329,145.76562358276644,276.9151927437642,0.6150102151731759,-1.4986223376819832,0.29829473047213895,11
50.33333333333334,5.333333333333329,27.666666666666657,18.514285714285712,42.54285714285715,24.92380952380952,290.1926530612245,188.12752834467116,499.1243537414966,0.7035269540134971,-1.6911636020400689,0.444494223151843,11
24.333333333333343,35.66666666666667,-5.666666666666686,22.542857142857144,81.13333333333333,17.076190476190472,7.867210884353743,1.7219047619047627,27.118004535147374,0.3002092959524144,-0.37519070875119903,-0.5753610945514605,11
33.0,28.66666666666667,6.666666666666629,34.38095238095238,72.59047619047618,23.2,1.0485260770975096,2.692607709750567,212.02666666666659,-0.49541330888679785,0.354467569603815,-0.4941441406881002,11
