RangeX,RangeY,RangeZ,MeanX,MeanY,MeanZ,VarX,VarY,VarZ,SkewX,SkewY,SkewZ,Label
6.0,8.666666666666671,12.0,3.599999999999999,44.38095238095238,24.34285714285714,2.2526984126984106,3.2517006802721062,5.342766439909302,1.0794731463822222,-1.207712548326383,-1.5695650190093564,11
53.33333333333334,14.333333333333329,56.0,23.361904761904764,40.63809523809524,22.26666666666667,319.20870748299325,216.8595011337868,441.70031746031754,0.40264958235188025,-1.295535825244233,0.9186982802882545,11
51.666666666666686,14.333333333333329,26.0,24.65714285714286,40.43809523809523,16.314285714285713,310.60625850340136,227.59219954648526,221.57424036281182,0.27320013373294016,-1.206078579897971,0.5637448108537753,11
11.333333333333343,44.0,15.666666666666686,10.295238095238096,81.24761904761904,24.485714285714284,1.4906122448979597,0.4656689342403648,37.50058956916102,0.5797396921977086,0.7284598517398296,-2.0547078361619318,11
8.0,45.66666666666666,35.0,7.561904761904761,82.59047619047618,32.64761904761905,1.160453514739226,0.851337868480729,30.259954648526115,-0.011223543304841,0.35875482129932634,1.8763783185079181,11
