RangeX,RangeY,RangeZ,MeanX,MeanY,MeanZ,VarX,VarY,VarZ,SkewX,SkewY,SkewZ,Label
4.0,2.6666666666666714,19.0,1.4285714285714286,46.62698412698413,23.15873015873016,0.9115646258503384,0.2709120685311171,26.64676240866715,0.5326253208843424,0.42303240817059595,0.2784660321660035,11
52.0,5.666666666666671,38.66666666666666,17.404761904761898,41.96825396825397,25.08730158730159,234.1086545729403,143.38523557571176,229.59819853867472,0.9857873651623117,-1.8371388993463134,0.13378828378350943,11
50.33333333333334,6.000000000000014,47.333333333333314,16.809523809523814,41.84126984126984,22.68253968253968,258.79440665154954,150.74200050390527,280.1584782060973,0.8611840823086051,-1.7796604986449693,0.7454181699947605,11
6.333333333333329,47.000000000000014,8.666666666666629,1.8095238095238095,91.39682539682539,13.738095238095237,2.6145124716553263,0.31872008062484314,16.484315948601655,1.3687993682845183,-0.3878240652216612,-0.22350427027498063,11
7.333333333333343,47.66666666666667,3.6666666666666288,3.380952380952381,91.58730158730157,11.523809523809522,2.8548752834467077,0.2688334593096502,20.65684051398335,0.8291262359156991,0.17177605676961175,-0.4841142834562392,11
