RangeX,RangeY,RangeZ,MeanX,MeanY,MeanZ,VarX,VarY,VarZ,SkewX,SkewY,SkewZ,Label
3.666666666666657,2.0,9.666666666666686,1.4782608695652162,43.51449275362319,26.210144927536227,0.4862423860533506,0.24495904221802145,7.383375341314839,0.7258072472735143,-0.5427852375362964,0.10194817910542818,11
51.66666666666667,7.000000000000014,75.66666666666666,24.1376811594203,39.22463768115942,38.231884057971016,185.27331442974162,107.66692921655114,731.1201428271371,0.2575724706201881,-1.51141181927847,0.2589430387575021,11
51.33333333333334,7.666666666666671,88.0,20.246376811594203,39.347826086956516,44.94202898550725,206.71707624448644,107.70510396975426,972.3009871875655,0.45674228958613616,-1.4490484046146443,-0.0792853143390714,11
7.666666666666671,35.66666666666667,-4.666666666666686,6.311594202898549,76.9927536231884,11.855072463768114,0.610638521319051,0.12796681369460308,8.230203738710365,-0.4379072921328949,0.1487221296386503,-0.6927854997514132,11
9.333333333333343,35.66666666666667,3.0,7.666666666666669,77.47826086956522,17.913043478260875,0.3719806763285034,0.1867254778407888,5.320940978785977,0.14905519772727827,-0.006111704853031391,0.7149480484349992,11
