RangeX,RangeY,RangeZ,MeanX,MeanY,MeanZ,VarX,VarY,VarZ,SkewX,SkewY,SkewZ,Label
14.333333333333314,2.666666666666657,28.0,5.704761904761905,47.209523809523816,26.63809523809524,27.05886621315193,0.41324263038548714,54.79600907029484,0.4933297569788452,-0.32727461147174275,-1.0828667983393638,12
22.0,6.999999999999986,25.666666666666657,7.6571428571428575,47.53333333333334,14.40952380952381,26.67609977324264,26.55365079365077,69.13070294784575,1.354773420268329,-0.8639089526898306,0.5235740521340044,12
49.333333333333314,5.333333333333329,11.666666666666686,21.800000000000004,33.095238095238095,7.847619047619046,280.2933333333333,373.59092970521544,25.564081632653103,0.47598066343715134,-0.47680212413304945,0.5608973334338462,12
11.666666666666657,51.999999999999986,14.666666666666686,4.628571428571429,93.17142857142858,12.123809523809527,10.347755102040813,3.596009070294781,45.74657596371884,0.6598972560959364,0.7773887188164017,0.1306868439797454,12
10.0,46.33333333333333,14.333333333333314,3.933333333333335,90.16190476190475,10.38095238095238,11.7193650793651,2.1166439909296977,41.76598639455782,0.8020535225107791,-0.4819643108995723,0.35674567540440894,12
