RangeX,RangeY,RangeZ,MeanX,MeanY,MeanZ,VarX,VarY,VarZ,SkewX,SkewY,SkewZ,Label
21.0,9.333333333333329,47.666666666666686,13.254901960784316,41.85294117647059,18.11764705882353,32.46443675509419,5.256151480199917,123.29334871203385,-0.3522669276720019,-0.5837260874787096,0.5477368554922155,12
58.66666666666666,21.0,43.0,23.833333333333332,31.48039215686274,20.303921568627448,495.4918300653594,491.53719723183394,140.28344867358706,0.34959214511742726,-0.2224382381165517,0.0443613980773394,12
53.66666666666666,21.0,43.66666666666666,22.36274509803921,24.450980392156865,22.15686274509804,270.96318723567856,370.58746635909273,182.11918492887355,0.713755089043743,0.45385864824150446,0.1414706024943434,12
20.33333333333333,66.66666666666666,82.33333333333334,7.598039215686274,94.81372549019609,29.30392156862745,26.61293733179546,19.55680507497115,596.015474817378,0.33035292059536264,0.015260211207030262,0.5692368864165126,12
19.333333333333343,67.0,52.66666666666666,9.215686274509805,98.40196078431372,30.990196078431374,32.36524413687042,7.194636678200695,134.40840061514803,0.22430383092314748,-0.07400724182576067,-0.25336778279451,12
