RangeX,RangeY,RangeZ,MeanX,MeanY,MeanZ,VarX,VarY,VarZ,SkewX,SkewY,SkewZ,Label
4.333333333333343,2.0,8.0,2.131782945736433,45.55813953488373,25.86821705426357,1.023976924463674,0.2621236704524969,3.7681629709753057,0.07509317996261501,-0.02203476515649025,0.6364855678247524,12
7.0,8.666666666666671,-10.666666666666657,4.666666666666669,51.0,4.364341085271317,1.1421188630490977,1.3695090439276414,8.164413196322352,0.09738227366597911,0.357927158402954,0.9387758842686521,12
49.66666666666666,7.333333333333329,15.333333333333343,20.038759689922482,30.94573643410853,19.37984496124031,254.71425996033898,325.3071329847966,123.39318550567874,0.9103805582522413,-0.10373298387659338,0.011463254185952594,12
11.666666666666657,38.33333333333333,31.333333333333343,9.767441860465116,80.6046511627907,38.72093023255814,2.8193017246559635,0.890210924824227,65.20894177032629,-0.956293551971585,1.1737291771030682,0.22776045220124036,12
12.333333333333343,38.999999999999986,9.666666666666657,7.519379844961241,82.50387596899225,20.093023255813947,4.146265248482657,0.28099272880235426,58.249744606694335,0.41621241680481935,0.16961329186300803,-0.5327744739080794,12
