RangeX,RangeY,RangeZ,MeanX,MeanY,MeanZ,VarX,VarY,VarZ,SkewX,SkewY,SkewZ,Label
18.666666666666686,5.0,24.666666666666686,10.78571428571429,43.41666666666667,33.42857142857142,43.596938775510225,2.0922619047619078,58.03854875283438,-0.3595863924475096,-0.10965072778061606,-0.4353523919337295,12
50.666666666666686,8.666666666666671,25.666666666666657,25.53571428571428,19.25,16.92857142857143,314.85983560090705,297.9573412698413,124.85204081632654,0.09630412527371458,0.5911605450098742,1.0879135810417098,12
48.33333333333334,9.666666666666671,11.333333333333314,25.392857142857146,24.190476190476193,17.380952380952383,197.63534580498865,310.16213151927434,61.53741496598635,0.1573782840845886,0.17525614798937184,-0.21049075198642656,12
7.0,43.66666666666667,33.0,3.1785714285714275,82.6190476190476,34.96428571428571,5.210175736961456,1.418367346938775,196.52650226757393,0.5492893898323251,-0.6959327137418934,-0.5119559244072049,12
10.333333333333343,43.999999999999986,10.333333333333314,5.476190476190475,82.80952380952382,18.095238095238095,10.558956916099778,0.4240362811791386,73.89569160997738,-0.023027333144337782,1.4582432457593322,-0.6999254621789983,12
