RangeX,RangeY,RangeZ,MeanX,MeanY,MeanZ,VarX,VarY,VarZ,SkewX,SkewY,SkewZ,Label
15.0,11.0,49.0,13.343750000000002,48.63541666666667,25.229166666666664,11.628363715277775,5.127495659722221,199.13498263888897,0.4990911882473594,1.0178155564707567,-0.5248371004684911,12
41.66666666666666,-30.0,42.666666666666686,26.864583333333336,9.541666666666668,19.447916666666664,188.2768012152778,10.282986111111114,88.93478732638889,0.09867778346095274,-0.7860518211707342,0.35786417815796956,12
20.333333333333343,-0.3333333333333428,68.33333333333334,12.822916666666668,37.479166666666664,50.09375,44.79850260416666,9.631510416666663,150.7794053819444,0.6745187946325939,-0.41374719526891635,-1.71921585085213,12
34.0,30.0,69.33333333333331,31.739583333333336,71.54166666666666,43.48958333333333,22.08843315972222,6.005208333333339,101.60405815972217,-0.6257759052928344,-1.1535178719155117,0.9138658477652337,12
22.0,38.33333333333334,38.0,17.03125,81.21875,20.8125,18.530273437500004,3.3097873263888977,42.28428819444444,0.6170180153758766,-1.110364170212128,0.28213704429117076,12
