RangeX,RangeY,RangeZ,MeanX,MeanY,MeanZ,VarX,VarY,VarZ,SkewX,SkewY,SkewZ,Label
9.0,45.66666666666667,117.33333333333334,2.5555555555555554,24.96666666666666,37.57777777777777,7.995061728395069,365.55814814814823,1256.4439506172837,0.8159894098240766,-0.34504774193318105,0.7363679747997623,13
25.66666666666667,56.66666666666666,78.33333333333334,5.366666666666666,28.37777777777778,16.200000000000003,75.2248148148148,601.8202469135801,677.7007407407406,1.6474407012365264,-0.16008907270633435,1.6742594050767683,13
7.666666666666657,58.0,15.333333333333343,3.0444444444444447,35.17777777777778,4.622222222222222,6.323950617283944,626.9017283950617,26.63506172839504,-0.04805775296120117,-0.6652748859835612,0.6984200280500691,13
11.0,83.66666666666666,23.666666666666686,4.7777777777777795,53.28888888888889,7.877777777777783,18.461728395061723,1437.272098765432,55.05543209876546,0.10689337348671468,-0.6712521227540759,0.31396400603255054,13
15.333333333333343,88.33333333333331,40.333333333333314,3.944444444444444,54.67777777777778,5.21111111111111,16.74876543209877,1511.0850617283947,76.33691358024686,1.3172294374340832,-0.675463346739179,2.5013882542460544,13
