RangeX,RangeY,RangeZ,MeanX,MeanY,MeanZ,VarX,VarY,VarZ,SkewX,SkewY,SkewZ,Label
24.666666666666657,37.0,89.0,8.80645161290323,34.053763440860216,57.00000000000001,52.650711064862996,117.09029945658456,709.2974910394266,1.1258567194627405,-0.7837733799411856,0.46659827211367466,13
38.33333333333333,46.66666666666667,90.66666666666666,11.881720430107528,41.44086021505376,34.0752688172043,120.21181639495897,247.7303734535785,749.1018614868772,1.0409849503794935,-1.1419599170808936,1.3312554331032074,13
29.333333333333314,45.33333333333333,32.66666666666666,7.548387096774193,49.63440860215054,24.580645161290324,28.391027864492987,22.905769453115994,244.11446409989605,2.783799733695563,-2.6675195018282785,0.3593601734651273,13
44.33333333333333,73.00000000000001,51.66666666666666,14.66666666666667,66.47311827956989,27.774193548387096,119.61290322580643,530.5001734304544,185.98843796970755,1.5731961002172097,-1.560985505853493,1.3202862855550148,13
25.0,74.33333333333333,66.99999999999997,11.45161290322581,71.91397849462366,35.16129032258065,25.968088796392642,252.551740085559,465.0671753959993,1.3840214240249968,-1.9883726407695657,1.102484091688538,13
