RangeX,RangeY,RangeZ,MeanX,MeanY,MeanZ,VarX,VarY,VarZ,SkewX,SkewY,SkewZ,Label
5.666666666666657,45.0,91.66666666666666,0.9666666666666657,19.28888888888889,21.422222222222224,2.1062962962962963,376.76098765432096,830.8958024691359,1.8269380482823718,0.15022047026692098,1.2805778619076649,13
32.33333333333333,57.66666666666666,52.33333333333334,6.144444444444446,27.055555555555557,10.966666666666667,54.10876543209876,656.8006172839505,165.1655555555556,1.4609915764052743,-0.07242055218190624,1.123004428314554,13
10.666666666666657,58.66666666666666,16.0,3.6888888888888878,28.166666666666668,4.055555555555557,15.310617283950593,699.798148148148,25.445061728395064,0.4570588845441076,-0.10895988875940833,0.9330936365841473,13
8.666666666666671,85.66666666666666,33.666666666666686,3.477777777777779,40.666666666666664,12.877777777777782,11.516172839506185,1465.2444444444448,186.81098765432108,0.11847541836455228,-0.09609662205728597,0.3681337211484026,13
14.333333333333343,86.0,31.333333333333314,2.744444444444445,41.411111111111104,11.8,10.293950617283963,1517.7680246913578,156.33037037037033,1.4634005832575958,-0.0990616018079081,0.3755327818956001,13
