RangeX,RangeY,RangeZ,MeanX,MeanY,MeanZ,VarX,VarY,VarZ,SkewX,SkewY,SkewZ,Label
6.666666666666671,25.0,61.333333333333314,4.038461538461538,34.11538461538461,75.8076923076923,1.968606180144643,81.0678829717291,435.4544707429323,-1.052350934418376,-0.001966376054376112,-0.5703126405822454,13
8.666666666666671,43.66666666666667,-18.666666666666686,5.397435897435897,59.8974358974359,9.615384615384615,4.45315581854044,10.254437869822501,16.134122287968435,-0.8780447837858922,0.1415818093563782,0.16311079930562286,13
14.0,42.66666666666667,-16.333333333333343,5.9743589743589745,58.782051282051285,14.153846153846153,17.307034845496382,14.743096646942805,15.386587771203164,0.3509522439283087,-0.038768951662452054,-0.6521669019757009,13
19.0,65.33333333333333,-9.0,13.91025641025641,83.34615384615383,10.743589743589745,4.910749506903353,2.8588099934253774,63.48980933596321,0.5518291453800978,0.2144881766518145,0.5686977757229519,13
12.333333333333343,66.00000000000001,-13.0,9.589743589743588,84.11538461538461,6.435897435897437,5.062458908612748,7.332840236686385,48.792899408284036,-1.4221347537446314,-0.6721902742895655,1.350374169407189,13
