RangeX,RangeY,RangeZ,MeanX,MeanY,MeanZ,VarX,VarY,VarZ,SkewX,SkewY,SkewZ,Label
4.666666666666657,2.3333333333333286,18.0,1.9871794871794857,46.88461538461539,23.487179487179482,1.1237672583826392,0.4524983563445105,30.651545036160467,0.4727402647886675,-0.16831056194204444,-0.3151190291443304,14
11.333333333333329,8.666666666666671,4.333333333333371,7.641025641025641,52.4102564102564,7.320512820512818,2.2215647600262964,0.737672583826433,23.106673241288643,0.9851569259012203,0.3376543403653109,0.5542557156668274,14
8.666666666666657,9.666666666666671,18.00000000000003,5.730769230769232,53.78205128205128,15.423076923076922,2.7950361604207687,0.580703484549637,64.27827087442475,0.15897313359515158,-0.10040088740544834,0.1661546924439502,14
17.0,43.66666666666667,12.333333333333371,12.243589743589745,87.6923076923077,10.512820512820507,10.551775147928995,0.6574621959237371,69.24128862590412,-0.005910114265907121,0.5998524493573266,0.7474763792992125,14
12.666666666666657,48.33333333333333,162.66666666666669,7.794871794871794,83.6794871794872,56.23076923076923,7.30834976988822,154.9357330703485,3594.6305062458914,0.5496357733237813,-1.889814904878396,1.1223818120083913,14
