RangeX,RangeY,RangeZ,MeanX,MeanY,MeanZ,VarX,VarY,VarZ,SkewX,SkewY,SkewZ,Label
4.0,3.6666666666666714,20.0,3.7777777777777795,43.20370370370371,18.944444444444446,1.8148148148148175,0.8288751714677652,24.91666666666666,0.1054828480152062,-0.8160437870111219,1.8650100045921876,14
2.0,12.0,11.0,1.722222222222223,52.03703703703703,11.222222222222225,1.3981481481481468,0.23319615912208289,81.27160493827155,0.3107381000578093,0.46378824031478894,0.20564811904028438,14
4.666666666666657,12.333333333333343,21.333333333333314,5.333333333333332,50.72222222222222,18.555555555555554,0.7283950617283891,2.484567901234576,148.33333333333323,-0.019859325403850214,-0.2460608358943027,-0.06580791374434528,14
14.0,44.0,2.3333333333333144,13.166666666666668,84.01851851851852,4.24074074074074,3.3487654320987614,0.24039780521261894,26.24451303155003,-0.4885394420715352,0.5325442621506048,1.3886329730421552,14
9.0,49.33333333333334,155.66666666666669,3.1296296296296315,79.48148148148148,68.48148148148148,7.520233196159124,104.85459533607683,3451.891632373113,1.182980458162636,-1.441550341714193,0.5419974969444653,14
