RangeX,RangeY,RangeZ,MeanX,MeanY,MeanZ,VarX,VarY,VarZ,SkewX,SkewY,SkewZ,Label
8.666666666666657,7.333333333333343,41.333333333333314,4.7407407407407405,44.53086419753087,25.01234567901234,4.529492455418381,5.343697607072092,156.020423715897,-0.235940279427102,0.20054152600424285,-0.4993706755495755,14
10.333333333333329,8.666666666666671,79.66666666666666,4.888888888888889,45.222222222222214,36.91358024691358,8.576131687242802,12.954732510288078,580.227099527511,0.2123545478415113,-0.88428015086303,0.744533224959936,14
13.666666666666657,8.666666666666671,34.99999999999997,7.432098765432097,48.802469135802475,20.259259259259256,20.862673372961435,0.5453436976070749,41.1796982167353,-0.18300667877402557,-1.0518027055824137,0.5742936585687416,14
24.666666666666657,50.33333333333333,14.999999999999972,15.88888888888889,89.97530864197532,6.246913580246921,28.427983539094676,2.4438347812833365,21.782655083066576,-0.13569720275064018,-0.8689284445329007,0.6050822218293953,14
18.0,58.33333333333333,173.33333333333331,10.740740740740746,81.29629629629632,56.25925925925926,16.866941015089168,268.076817558299,3565.747599451304,0.07147202083269288,-1.1037392724876287,0.6597279236664545,14
