RangeX,RangeY,RangeZ,MeanX,MeanY,MeanZ,VarX,VarY,VarZ,SkewX,SkewY,SkewZ,Label
5.0,3.3333333333333286,20.333333333333343,4.088888888888888,49.655555555555566,33.34444444444445,2.2439506172839474,0.69246913580247,33.95913580246913,-0.5410969564050527,-0.11634077489293734,0.24567268689163327,14
6.0,6.666666666666657,-1.9999999999999716,4.577777777777778,53.24444444444444,11.755555555555555,0.8365432098765451,0.6587654320987635,41.08839506172838,0.75395093397072,0.22827016165169506,-0.10678779592072196,14
11.333333333333343,6.666666666666657,-6.999999999999972,9.644444444444442,52.83333333333334,5.122222222222219,2.569876543209874,1.2722222222222184,23.033209876543236,-0.16758207362348732,-0.041296358048285166,1.2522308946004232,14
21.0,42.0,-3.0,17.15555555555555,88.57777777777778,9.766666666666664,6.923950617283958,0.3624691358024727,36.22333333333335,-0.2306811707008515,0.19722569696190909,0.12507980147859993,14
10.0,46.0,128.66666666666669,5.91111111111111,83.95555555555555,48.199999999999996,9.140246913580246,103.64987654320983,2109.5007407407406,-0.17134011732861162,-1.373183027953969,1.0925359217769075,14
