RangeX,RangeY,RangeZ,MeanX,MeanY,MeanZ,VarX,VarY,VarZ,SkewX,SkewY,SkewZ,Label
8.666666666666657,5.0,13.333333333333314,7.544444444444446,44.24444444444445,27.788888888888888,7.6109876543209785,1.495802469135801,10.336913580246907,-0.3417890102449079,-1.1596105307273297,-0.9439360775174873,14
10.666666666666657,12.333333333333329,20.0,8.788888888888888,51.36666666666667,18.2,2.4258024691358058,0.8988888888888871,112.62666666666662,1.140092245491208,0.2899567713134597,0.3907672240743094,14
17.0,12.999999999999986,10.0,11.499999999999996,51.533333333333324,13.3,13.064814814814834,1.9155555555555566,71.1433333333334,0.5243819336726466,-0.1599277136378806,0.299347465482248,14
16.666666666666657,42.33333333333333,11.333333333333343,15.288888888888884,81.35555555555557,14.95555555555556,7.205432098765425,0.6587654320987661,88.33135802469128,-1.006455198854085,-0.7840860443787004,0.1348864667092789,14
13.666666666666657,51.999999999999986,140.99999999999997,8.477777777777778,76.95555555555555,60.79999999999998,13.82728395061729,208.92395061728388,2401.574814814815,0.8822393523704286,-1.738234394419605,1.2025066786813512,14
