RangeX,RangeY,RangeZ,MeanX,MeanY,MeanZ,VarX,VarY,VarZ,SkewX,SkewY,SkewZ,Label
8.0,6.333333333333329,23.333333333333343,5.225490196078431,44.00980392156863,31.176470588235293,6.266147635524805,3.1077470203767765,56.733564013840855,0.3644045349771756,-1.0376924121747417,0.051524765589582244,15
9.0,14.999999999999986,2.6666666666666856,7.617647058823529,52.63725490196079,14.40196078431372,6.438773548635139,0.7278931180315251,33.044309880815085,-0.30640809928732765,-0.13334242373931005,-0.4375974658000329,15
34.0,13.999999999999986,5.0,15.029411764705882,48.13725490196078,15.235294117647058,126.73442906574394,44.34063821607074,32.85313341022682,0.7202975815807173,-1.1709128464205292,-1.1611975594788042,15
26.666666666666657,42.33333333333333,28.666666666666657,20.22549019607843,78.18627450980392,30.117647058823522,34.338043060361414,8.243079584775078,79.51557093425605,-0.12352677743031014,0.018336067410468695,0.3022344959027252,15
65.33333333333334,46.33333333333333,20.666666666666657,21.75490196078431,74.41176470588235,21.460784313725494,395.49875048058436,315.2945021145713,167.7517301038062,1.379351957590371,-1.9386322543176318,0.02706297551727145,15
