RangeX,RangeY,RangeZ,MeanX,MeanY,MeanZ,VarX,VarY,VarZ,SkewX,SkewY,SkewZ,Label
19.33333333333333,9.666666666666671,16.666666666666686,8.25,47.75000000000001,41.38095238095239,43.65575396825396,8.862103174603185,29.696145124716576,0.15719408143659097,-0.5433216705565712,-0.1559515645972937,15
8.333333333333329,13.333333333333343,-20.666666666666657,5.035714285714286,53.72619047619048,5.464285714285715,4.947137188208613,0.770266439909295,10.161422902494351,-0.5087067945910677,-0.15877447637903241,0.1138254643323577,15
31.333333333333343,13.0,-3.666666666666657,15.90476190476191,50.42857142857144,11.166666666666666,95.22108843537417,12.935374149659845,53.02777777777773,0.26326117818022493,-0.3358034279080872,0.7877742885171368,15
26.666666666666657,48.66666666666666,-21.99999999999997,17.952380952380953,87.14285714285714,4.23809523809524,28.60090702947844,7.439909297052162,11.903628117913842,-0.002015127147202055,-0.45175817225672826,0.5925512780278026,15
66.66666666666666,49.66666666666666,1.6666666666666856,20.583333333333325,78.94047619047618,14.678571428571432,354.01289682539675,289.8020124716553,100.50382653061227,1.2173213158283007,-1.2417416066918494,0.4737477276527377,15
