RangeX,RangeY,RangeZ,MeanX,MeanY,MeanZ,VarX,VarY,VarZ,SkewX,SkewY,SkewZ,Label
17.0,8.666666666666671,18.0,8.351515151515152,41.018181818181816,41.29090909090909,30.850174471992634,6.038053259871441,25.36991735537192,0.3627270946461589,-0.814785297952149,-0.1316607898522346,15
17.33333333333333,19.33333333333333,32.0,4.854545454545454,51.62424242424242,19.12121212121212,17.966721763085392,7.693149678604219,283.322681359045,1.671010759024249,-1.581995653873032,1.1760175161961852,15
21.0,18.33333333333333,-16.666666666666657,10.078787878787878,45.363636363636346,6.872727272727273,34.149348025711646,53.10413223140494,12.434306703397622,0.7195486261866456,-0.5748895766101001,0.06865610372788265,15
18.66666666666667,50.000000000000014,-11.0,11.157575757575756,82.43636363636365,7.56969696969697,38.89234159779615,5.235849403122131,23.68352617079889,-0.18045917448681068,-0.3453309321830735,0.43524020995010415,15
58.0,49.000000000000014,29.333333333333343,20.563636363636363,71.42424242424242,25.096969696969694,376.6580716253443,196.50688705234163,328.1804958677685,0.8117087736592231,-0.604959327932936,0.4849239485841208,15
