RangeX,RangeY,RangeZ,MeanX,MeanY,MeanZ,VarX,VarY,VarZ,SkewX,SkewY,SkewZ,Label
7.666666666666657,6.333333333333336,14.0,3.357142857142857,51.357142857142854,39.92261904761905,2.4478458049886567,2.019274376417236,10.615043934240365,0.18609497257340593,-0.010626135712381012,-0.6065263337572557,16
9.666666666666671,8.333333333333343,33.66666666666666,5.06547619047619,41.404761904761905,24.7797619047619,5.723887471655323,139.7250566893424,365.23125708616783,0.06329588024290347,-0.7771380748445647,0.6867844113974472,16
9.666666666666657,8.333333333333343,42.333333333333314,5.75595238095238,40.0595238095238,29.5,8.247980442176877,213.0639172335601,578.3650793650794,-0.5245888745938139,-0.6507923885297321,0.49953196978608405,16
27.0,49.33333333333334,5.666666666666657,12.613095238095239,92.88690476190477,13.79761904761905,21.02689200680273,5.81459041950113,113.09793083900225,1.3051965332792126,-0.12896046150186416,1.0178186253587493,16
14.0,49.0,7.666666666666657,9.285714285714286,93.31547619047622,10.0,5.323129251700679,7.156427154195013,54.07142857142855,0.4343638877859918,-1.707954599320006,2.1758057704382407,16
