RangeX,RangeY,RangeZ,MeanX,MeanY,MeanZ,VarX,VarY,VarZ,SkewX,SkewY,SkewZ,Label
4.333333333333343,8.666666666666671,22.666666666666657,1.3641975308641963,44.82716049382716,40.481481481481474,1.1533683889650967,3.254077122389876,41.21262002743482,1.0627289271115101,1.0940673309380358,-0.23442944510385783,16
8.333333333333329,8.333333333333343,29.333333333333314,4.895061728395062,38.49382716049383,22.73456790123457,3.6083295229385737,130.04008535284257,219.28551287913422,-0.2860956830091418,-0.8811214212476183,0.6835326446562133,16
10.666666666666657,10.333333333333343,36.66666666666666,5.265432098765428,39.64814814814816,23.40123456790124,6.845183661027282,101.86591220850484,271.21555403139763,0.08549714569295379,-0.3035321417273029,0.8647961832155864,16
20.333333333333343,52.0,-3.6666666666666856,14.790123456790118,90.2777777777778,13.382716049382713,8.137021795458006,5.307613168724273,31.35558603871361,-0.4679612729623453,-0.5706142670337356,-0.2919090344814403,16
18.333333333333343,56.0,-5.666666666666686,13.777777777777779,92.2469135802469,8.524691358024691,9.333333333333337,5.704465782655084,38.352270995275134,-1.552108419903839,0.0791975911763314,0.7823769429863057,16
