RangeX,RangeY,RangeZ,MeanX,MeanY,MeanZ,VarX,VarY,VarZ,SkewX,SkewY,SkewZ,Label
5.0,5.0,7.666666666666657,1.864864864864865,47.56756756756757,32.67567567567568,1.966723480236994,1.4946838730622518,2.9038227416605715,0.6895575010908772,0.7471209273897834,-0.20379006392622045,16
10.0,9.333333333333329,14.666666666666686,4.306306306306306,41.66666666666667,24.15315315315315,6.590861131401672,95.57957957957953,114.42399155912675,0.3870706040559077,0.2149336218730343,-0.022361875458351846,16
10.0,10.666666666666671,16.333333333333343,4.333333333333334,43.657657657657666,23.432432432432428,5.165165165165176,112.66958850742631,249.7829721613506,0.5510298748311837,-0.32830823597397774,-0.08591701754504999,16
12.666666666666671,48.33333333333333,-13.666666666666657,7.5675675675675675,91.73873873873873,5.954954954954952,14.719909098287479,0.9377485593701816,13.382355328301282,-0.42507553232277984,-0.45297090158544473,0.6723417208124957,16
15.0,49.33333333333333,-1.9999999999999716,7.792792792792794,91.4144144144144,9.0990990990991,17.15526337147959,4.783215648080514,44.263452641831044,0.05335422674515432,-0.32800228892617084,0.5889920903559168,16
