RangeX,RangeY,RangeZ,MeanX,MeanY,MeanZ,VarX,VarY,VarZ,SkewX,SkewY,SkewZ,Label
7.666666666666686,7.666666666666657,14.666666666666657,8.014492753623188,45.71739130434783,44.97826086956522,3.3137996219281685,3.7582965763495038,14.349768956101654,0.6298595413868749,-0.3734579695477453,0.7398747727280587,16
4.666666666666671,11.666666666666671,25.666666666666657,6.3188405797101455,44.007246376811594,25.449275362318836,3.2799831968073914,89.86709724847722,216.88510817055246,-0.7252637216124003,-0.8380698200034418,1.214642643820072,16
5.0,14.666666666666671,3.0,4.920289855072466,46.71014492753624,17.920289855072465,2.8849506406217196,86.5729888678849,89.02504725897924,-0.11527195526730895,-0.8027000358043725,0.791347400133208,16
13.666666666666686,51.33333333333333,2.6666666666666856,8.492753623188408,78.68115942028986,16.391304347826086,21.90695232094098,169.20268851081713,134.01596303297632,0.328768458805459,-1.3534767647142298,0.8622590478147322,16
24.66666666666667,57.999999999999986,-2.0,18.028985507246375,92.81159420289855,18.833333333333336,43.897710565007365,14.399285864314214,80.29347826086959,0.06445473892276672,0.18830004186257043,0.04188798086224797,16
