RangeX,RangeY,RangeZ,MeanX,MeanY,MeanZ,VarX,VarY,VarZ,SkewX,SkewY,SkewZ,Label
35.333333333333314,10.666666666666671,35.33333333333334,12.737373737373739,44.929292929292934,31.80808080808081,117.1835526987042,9.641465156616666,81.32680338740944,0.7628282965042249,-1.335087013075135,-0.6374547486626682,17
39.999999999999986,17.33333333333333,69.66666666666666,13.95959595959596,36.77777777777777,32.57575757575758,152.2475257626773,252.71156004489345,447.2678298132845,0.8961324523290473,-0.4722728876603486,0.5803976206837924,17
48.33333333333333,16.66666666666667,110.66666666666666,25.49494949494949,29.353535353535356,48.98989898989899,236.77522701765128,332.06019793898577,1053.6800326497294,-0.20078073418029674,-0.25241030588996494,0.14637742393601164,17
36.66666666666666,63.66666666666667,66.0,19.151515151515152,91.32323232323232,39.484848484848484,93.67064585246403,66.49484746454446,514.1756963575147,-0.05119175311187406,-0.31124776095813556,0.09164517423303298,17
47.999999999999986,48.66666666666667,86.33333333333334,28.90909090909091,74.03030303030303,49.34343434343434,103.14661769207225,41.98898071625342,925.4039383736356,0.21176532988157917,0.4445459393275237,-0.23735104031218487,17
