RangeX,RangeY,RangeZ,MeanX,MeanY,MeanZ,VarX,VarY,VarZ,SkewX,SkewY,SkewZ,Label
20.666666666666657,34.66666666666666,63.666666666666686,6.7898550724637685,46.282608695652186,26.804347826086957,32.82298886788489,28.265542953161095,171.48104389834072,1.4208183108071344,-2.401680720538702,0.11201504279062434,17
31.66666666666667,41.66666666666667,39.0,7.144927536231883,53.28985507246376,18.615942028985504,28.41377861793742,12.824196597353511,103.82592942659103,2.501649621644014,0.8265251985358854,0.11793274349765524,17
50.0,33.33333333333333,73.00000000000003,18.144927536231886,31.195652173913043,29.239130434782602,282.3268220961982,499.5390149128333,642.3075509346776,0.4280619213627998,-0.17834174416037207,0.42952611930423923,17
56.66666666666667,92.33333333333333,76.66666666666667,10.702898550724639,100.07971014492755,30.768115942028984,148.66293845830708,51.64340474690192,340.9075824406637,1.9397374550716497,0.17220543117787984,0.7752297115671151,17
18.0,79.33333333333333,76.0,9.499999999999998,93.30434782608695,24.775362318840575,13.443236714975859,3.313169502205415,421.5558181054399,0.024355681080854483,0.6135910390087043,1.0391695148015068,17
