RangeX,RangeY,RangeZ,MeanX,MeanY,MeanZ,VarX,VarY,VarZ,SkewX,SkewY,SkewZ,Label
29.666666666666657,12.333333333333343,36.66666666666666,7.56060606060606,45.62121212121212,26.14393939393939,71.02915518824608,7.54338842975207,63.951503673094564,1.3251132741762839,-1.937337353436266,-1.3947379930381598,17
16.66666666666667,23.33333333333333,23.333333333333343,6.810606060606061,52.712121212121204,16.348484848484848,16.39594811753903,18.502984389348033,18.474517906336086,0.4434839411271881,-0.5805962213006344,-0.04121056800291191,17
48.66666666666667,20.33333333333333,120.33333333333334,22.15909090909091,31.765151515151512,43.81818181818181,247.23984159779621,344.1392906336088,759.5932047750231,0.12978253591160285,-0.0012350481465282306,0.7014960578016792,17
13.0,60.66666666666667,42.666666666666686,5.984848484848485,92.59848484848484,17.113636363636363,13.166437098255278,1.982724977043162,134.98961202938483,0.3534192946554606,1.405353559422764,0.7196958678263674,17
17.333333333333343,55.000000000000014,44.333333333333314,8.34848484848485,87.7121212121212,21.35606060606061,13.838154269972447,5.9373278236914535,143.3050390266299,-0.29131213844006254,-1.3032995143649104,0.5658162182233551,17
