RangeX,RangeY,RangeZ,MeanX,MeanY,MeanZ,VarX,VarY,VarZ,SkewX,SkewY,SkewZ,Label
23.333333333333343,9.0,39.33333333333334,7.28455284552846,48.829268292682926,22.227642276422767,49.79165840438892,3.604997025580015,148.68530636525878,0.7969261319414204,0.3532394194944782,-0.25996529922558,18
29.333333333333343,8.666666666666671,102.33333333333334,8.34959349593496,42.64227642276423,37.65853658536585,52.352039130147396,116.67420186396984,667.52025910503,1.6354410019518066,-1.9894167863262096,0.3750293090812231,18
31.666666666666657,715826567.6666667,107.66666666666667,11.382113821138214,52377593.56097562,32.52845528455285,97.73203780818295,3.4749836859090076e+16,848.4334721395994,0.716811575711581,3.278050340535889,1.2676653305597352,18
14.333333333333329,69.33333333333333,71.0,6.284552845528454,100.47154471544715,29.89430894308943,18.978650274307615,72.08116861656418,396.0457399695949,0.25202248767916857,0.17608084557700587,0.867946681368161,18
9.666666666666657,51.999999999999986,62.666666666666686,5.406504065040652,93.21951219512195,21.479674796747968,6.701963117192158,2.030405182100598,326.2495868861127,0.008434039612106285,-0.9032498530109858,1.2915514957212932,18
