RangeX,RangeY,RangeZ,MeanX,MeanY,MeanZ,VarX,VarY,VarZ,SkewX,SkewY,SkewZ,Label
16.666666666666657,6.333333333333329,40.66666666666666,5.479166666666664,44.17361111111111,23.368055555555554,20.295862268518494,2.3703221450617282,151.03814621913577,0.6344775366012237,-1.1057699766180507,-0.5421169361270101,18
43.33333333333333,23.333333333333343,110.33333333333333,15.777777777777779,42.07638888888889,53.666666666666664,97.23765432098766,194.86222029320984,1235.5509259259259,1.133121941650197,-0.7390495317236012,0.011625317894448338,18
38.0,16.333333333333343,97.66666666666666,12.375,43.18055555555555,23.763888888888886,72.33159722222226,239.65258487654322,881.9998070987655,1.2856144922706916,-1.2519890988771025,1.5392040689036737,18
12.333333333333329,55.66666666666666,42.66666666666666,4.131944444444444,90.29861111111113,16.631944444444446,9.424720293209875,6.283516589506168,141.3992573302469,0.7748991446854337,0.7487996627082755,0.6543484782346636,18
15.333333333333343,50.66666666666666,64.66666666666666,7.548611111111111,87.77777777777779,23.958333333333332,21.61337770061728,2.6265432098765427,278.9010416666667,-0.19844614005575575,-0.2759685726779819,0.6430856864063395,18
