RangeX,RangeY,RangeZ,MeanX,MeanY,MeanZ,VarX,VarY,VarZ,SkewX,SkewY,SkewZ,Label
21.666666666666686,10.000000000000007,51.33333333333334,9.076190476190476,50.92380952380953,27.104761904761908,33.733877551020406,5.568798185941047,200.30331065759643,0.6481069155130181,-0.6028616506080786,-0.18172898026595286,18
32.0,13.333333333333329,115.33333333333333,9.923809523809524,40.285714285714285,38.599999999999994,79.61959183673468,191.07392290249436,691.2622222222221,1.2152473741963348,-0.7147089873402538,1.674063717498938,18
42.666666666666686,1431653237.0,109.0,14.866666666666667,81808798.0857143,30.44761904761905,151.3600000000001,1.1042909886083498e+17,586.8313832199547,0.8808235234975146,3.8158362203592975,1.4094982497842885,18
10.333333333333343,54.000000000000014,57.0,6.961904761904761,96.16190476190476,17.714285714285715,8.189024943310653,1.8880725623582806,335.58820861678004,-0.18837167106600985,0.7947129400841169,0.9388015600004215,18
11.0,55.000000000000014,34.66666666666666,8.03809523809524,97.17142857142856,21.876190476190477,8.493786848072558,2.122993197278921,76.70530612244896,-1.2686497253412425,0.8646300997439373,-0.23273852683389054,18
