RangeX,RangeY,RangeZ,MeanX,MeanY,MeanZ,VarX,VarY,VarZ,SkewX,SkewY,SkewZ,Label
15.666666666666657,6.0,25.333333333333343,5.780303030303028,47.74242424242424,20.151515151515152,12.45425849403122,1.4387052341597788,53.330578512396706,0.8941779201528489,-0.4775225122128106,-0.7910575629457115,18
25.333333333333343,14.666666666666671,112.33333333333334,9.212121212121213,50.02272727272727,28.765151515151516,28.414600550964202,125.00200872359964,896.5786845730028,0.6706731652441122,-2.90775437280382,1.2732470587487632,18
37.0,13.333333333333329,102.66666666666667,13.378787878787877,45.060606060606055,27.09090909090909,91.94742883379249,292.8094582185491,791.2745638200184,1.0126905012189829,-1.3175101266477454,1.357767785724779,18
12.333333333333343,44.33333333333333,71.66666666666669,7.6060606060606055,85.89393939393939,33.977272727272734,13.365013774104677,4.498852157943064,419.4818067033977,-0.2876849308854679,-1.1822276876612094,0.682316169326503,18
14.333333333333343,46.000000000000014,58.666666666666686,8.386363636363633,87.66666666666667,36.696969696969695,5.550218089990827,2.4696969696969777,292.3324150596877,-0.013400878403144589,0.17437093841627646,-0.4983735986884139,18
