RangeX,RangeY,RangeZ,MeanX,MeanY,MeanZ,VarX,VarY,VarZ,SkewX,SkewY,SkewZ,Label
9.000000000000014,14.0,54.333333333333314,5.166666666666668,42.92708333333333,54.208333333333336,7.048611111111111,21.35926649305555,325.9357638888889,-0.13006792292293956,-0.7780104095171272,0.4149072847402824,19
56.000000000000014,24.999999999999986,21.666666666666657,25.729166666666668,41.26041666666667,26.708333333333336,364.78776041666674,244.28982204861111,252.39409722222217,0.19489411640212134,-0.8824196299943781,-0.1727734726079356,19
44.66666666666667,22.66666666666667,18.666666666666657,20.53125,39.864583333333336,26.697916666666668,212.5198567708334,247.78374565972226,153.48860677083337,0.13511432982299781,-0.9709106909674958,-0.13200511268509887,19
13.333333333333343,56.66666666666667,11.0,7.541666666666666,87.32291666666666,18.208333333333332,11.26909722222223,3.017252604166665,190.98437499999994,0.11726738074705435,-0.21278226928690253,0.6213718490763643,19
16.66666666666667,56.33333333333333,2.0,10.416666666666666,87.52083333333334,20.364583333333332,19.534722222222218,5.19401041666667,114.97471788194447,-0.4393173382335779,-0.6292844702430219,-0.26295994612398627,19
