RangeX,RangeY,RangeZ,MeanX,MeanY,MeanZ,VarX,VarY,VarZ,SkewX,SkewY,SkewZ,Label
15.333333333333343,23.66666666666667,72.33333333333334,4.511111111111115,41.49999999999999,42.76666666666667,15.064691358024694,55.84999999999999,553.8455555555556,1.476547698909908,-1.192527557192201,0.5669948420851025,19
47.66666666666667,31.000000000000014,55.00000000000003,20.34444444444445,36.25555555555555,19.388888888888893,186.8776543209876,261.76061728395064,381.65987654321,0.31413756384796143,-0.4445736356679867,1.1831079826391335,19
51.66666666666667,31.000000000000014,35.666666666666686,30.288888888888888,32.35555555555556,21.51111111111111,269.3313580246914,434.2217283950617,218.2720987654321,-0.2235917518099229,-0.3048547899462438,0.7472858461493955,19
14.666666666666671,63.66666666666667,22.666666666666686,6.911111111111113,86.46666666666668,18.933333333333334,12.384691358024686,1.5303703703703706,77.62518518518525,-0.1603354472368791,-0.9310550686174243,0.09970787352981723,19
17.0,64.66666666666667,47.666666666666686,10.311111111111112,86.71111111111112,28.4,13.036543209876532,2.52395061728395,283.01777777777784,-1.0153531417668025,-0.5390076866670355,0.4138856028847345,19
