RangeX,RangeY,RangeZ,MeanX,MeanY,MeanZ,VarX,VarY,VarZ,SkewX,SkewY,SkewZ,Label
23.999999999999986,21.000000000000007,92.66666666666666,10.802721088435373,49.69387755102041,30.591836734693878,47.532509602480424,28.693137118793096,499.6882780323013,0.12167060431291764,-1.7609989430453203,1.1903786420369022,19
53.66666666666666,25.66666666666667,80.66666666666669,19.333333333333336,17.693877551020407,42.36054421768707,257.69614512471657,350.1534545791106,462.6931371187931,0.5238506420995641,0.9125628883241558,0.24891061452649307,19
52.333333333333314,27.000000000000014,104.66666666666669,22.278911564625847,28.12244897959184,36.49659863945578,275.68864824841506,377.48614003424495,837.6830950067102,0.44452521163619846,0.07318464333277497,1.2635306172808607,19
27.999999999999986,63.000000000000014,68.0,11.442176870748298,91.76870748299322,25.54421768707483,51.988153084363006,7.116571798787539,525.2457772224535,0.7007169857999757,-0.4682351564515449,0.6652746063175619,19
34.66666666666666,62.66666666666667,58.66666666666666,10.74149659863946,92.02040816326529,28.700680272108848,89.88328937016982,5.498449720024065,218.6541718728308,1.0649835175965976,-0.27848938053588673,0.44867422735146967,19
