RangeX,RangeY,RangeZ,MeanX,MeanY,MeanZ,VarX,VarY,VarZ,SkewX,SkewY,SkewZ,Label
17.0,35.33333333333334,95.66666666666666,4.509433962264153,35.0503144654088,71.44654088050314,22.987856493018466,159.5949527313002,1329.1611882441357,1.2521500207814291,-0.1824822744760982,-0.04719366281027624,19
49.66666666666666,41.66666666666667,8.333333333333314,17.79245283018868,43.23899371069183,11.20125786163522,284.49151536727186,204.94497844230847,49.95530240101264,0.7101673056725163,-1.156457173683063,0.6590808169983025,19
49.66666666666667,41.000000000000014,-1.3333333333333428,16.383647798742135,43.85534591194968,7.880503144654087,252.38321268937148,200.8071674379969,26.40710414936119,0.9487043818645112,-1.5247160370106425,0.40025423998632764,19
25.333333333333343,77.66666666666667,29.99999999999997,13.528301886792454,80.57861635220125,23.59119496855346,46.34563506190418,59.47233099956488,169.24377991376917,-0.13352730316886102,0.14086463401410682,0.8946611406127445,19
9.666666666666657,80.33333333333333,27.333333333333343,3.0440251572327055,90.35849056603773,20.729559748427675,5.0609548672916365,7.944859776116448,105.94572999485786,0.5349912762116552,-0.3428880388869521,0.25743244351531885,19
