RangeX,RangeY,RangeZ,MeanX,MeanY,MeanZ,VarX,VarY,VarZ,SkewX,SkewY,SkewZ,Label
18.0,14.666666666666657,80.0,4.543859649122806,47.94736842105262,32.78070175438597,20.973222530009256,12.406586642043697,405.9782240689443,1.4680630769232244,-1.1123227254174413,0.7318222225073834,19
57.0,19.33333333333333,63.0,24.017543859649123,38.53508771929825,27.36842105263157,339.9529085872575,265.92713142505386,292.36134195136964,0.23389316616376232,-0.4477962389331005,0.6206856401350831,19
55.33333333333333,20.66666666666667,77.66666666666666,21.964912280701753,33.87719298245613,31.09649122807017,298.26777469990765,393.5053862726993,582.7830871037241,0.6507184419912536,-0.2865058072957827,0.6873473864019357,19
11.666666666666671,53.999999999999986,54.99999999999997,2.7105263157894743,89.82456140350878,27.912280701754383,5.299245921822099,6.7236072637734665,199.38996614342864,1.7313334655544037,-1.2160252008132937,-0.18745670378732562,19
11.666666666666671,54.999999999999986,77.66666666666666,5.438596491228072,89.19298245614036,25.719298245614038,4.579562942443832,25.547553093259477,424.31886734379805,0.7288913386806841,-1.7773492664684707,0.7829742878175738,19
