RangeX,RangeY,RangeZ,MeanX,MeanY,MeanZ,VarX,VarY,VarZ,SkewX,SkewY,SkewZ,Label
21.333333333333314,13.666666666666671,37.33333333333334,7.409722222222219,42.125,45.6875,54.047405478395056,12.007523148148158,88.66391782407409,0.7507493369785835,-0.6585924275245275,0.18601486454099542,19
52.0,26.333333333333343,44.66666666666667,23.006944444444446,38.56944444444444,33.4375,340.63189621913585,343.5368441358025,564.3155381944445,0.3447038133918605,-0.715700131554027,0.1647889691497753,19
58.33333333333333,25.0,44.66666666666666,26.361111111111114,37.06944444444444,30.298611111111114,271.12885802469145,382.0229552469136,468.64462770061726,0.4045594421076222,-0.6947385162582198,0.41314035332485427,19
8.666666666666657,58.0,9.0,3.243055555555555,89.09027777777779,17.381944444444446,4.327498070987655,1.5867573302469113,91.71754436728395,0.7992526922102792,-0.550838649139565,0.0962377680579879,19
12.0,57.33333333333334,12.0,5.652777777777779,86.91666666666667,17.26388888888889,12.004436728395058,6.173611111111114,125.86091820987652,0.623859073329279,-0.7504569934338029,0.3263258365997519,19
