RangeX,RangeY,RangeZ,MeanX,MeanY,MeanZ,VarX,VarY,VarZ,SkewX,SkewY,SkewZ,Label
21.333333333333314,12.333333333333329,77.0,7.80246913580247,42.91975308641976,42.75308641975308,45.21612559061116,10.481214753848494,533.2847126962353,0.8004875324644012,-0.1669842664186547,-0.38087664981574665,19
47.0,21.33333333333333,81.33333333333334,19.037037037037038,33.191358024691354,33.15432098765432,176.67352537722905,326.2246989788143,259.5255677488187,0.7601211425470782,-0.36103496620623415,1.1496062306047592,19
40.999999999999986,19.66666666666667,95.66666666666666,14.62962962962963,42.23456790123456,38.96296296296296,112.32373113854598,129.92028654168573,393.12620027434826,0.6649471192443657,-0.9753063586953321,0.746153855600794,19
33.0,65.66666666666667,47.0,11.25925925925926,92.93209876543209,11.3641975308642,32.99039780521262,49.82460752934006,165.8200350556317,2.00652600692806,-0.38849443872058986,1.481059194966502,19
34.0,68.99999999999999,50.666666666666686,16.580246913580247,97.06790123456791,25.89506172839506,122.25590611187317,12.73407254991617,134.20092211553114,0.3216860418860799,-1.0274706465981773,0.04002011349737788,19
