RangeX,RangeY,RangeZ,MeanX,MeanY,MeanZ,VarX,VarY,VarZ,SkewX,SkewY,SkewZ,Label
12.333333333333343,52.66666666666667,108.66666666666666,4.471698113207548,29.597484276729556,29.754716981132077,19.041651833392677,543.8212096040505,1038.6840710414938,0.35412987397438245,-0.38574823710942824,1.0109467699233352,20
12.0,59.66666666666666,50.66666666666666,4.691823899371069,36.18867924528302,12.874213836477988,20.435425813852298,735.7757208971163,236.99046714924253,0.22261766036319514,-0.5736951211304209,1.0034663376524706,20
23.0,715826609.0,113.33333333333333,5.735849056603773,13506190.270440254,25.132075471698112,41.93022427910288,9485653280086536.0,1172.0056168664214,1.1991685830745964,7.072427501870875,1.4225842149470591,20
13.666666666666671,99.33333333333334,15.333333333333343,4.9433962264150955,60.037735849056595,4.767295597484276,16.56073731260631,2019.2480518966809,22.70266207824057,0.0002646057263115076,-0.582460716615827,0.46981715426393633,20
13.333333333333343,94.0,46.0,5.39622641509434,58.22012578616353,17.735849056603772,18.272774020015024,1897.8991337367986,250.59689094576956,-0.22822550920110055,-0.5841027976548802,0.18554825289423862,20
