RangeX,RangeY,RangeZ,MeanX,MeanY,MeanZ,VarX,VarY,VarZ,SkewX,SkewY,SkewZ,Label
16.666666666666657,47.66666666666667,100.0,6.958333333333333,36.88888888888889,49.923611111111114,23.63252314814814,190.6820987654321,1100.7881462191356,0.7992699268234297,-1.4425767011264035,0.6006885074113528,20
13.999999999999986,56.66666666666666,43.66666666666666,3.9999999999999996,49.916666666666664,13.437499999999998,12.259259259259258,30.14583333333334,107.75535300925922,1.2215927925912757,-1.8226630044019876,1.7838567149397975,20
36.333333333333314,61.66666666666666,108.66666666666667,11.111111111111112,42.368055555555564,40.52777777777778,114.59413580246913,310.72796103395063,1893.5177469135804,0.9638533363804036,-0.6644438231924886,0.8232819595536127,20
21.666666666666657,91.66666666666666,114.33333333333334,6.9305555555555545,86.24305555555556,23.076388888888886,17.272955246913575,113.85064621913585,513.3807388117285,1.236393305004008,-3.3379554821174446,2.3044913736895984,20
15.0,91.33333333333334,113.00000000000003,3.763888888888888,84.29166666666667,26.305555555555554,10.805362654320978,120.58159722222223,715.8695987654322,2.1404117581378364,-2.7556729553432904,1.7593987714800348,20
