RangeX,RangeY,RangeZ,MeanX,MeanY,MeanZ,VarX,VarY,VarZ,SkewX,SkewY,SkewZ,Label
12.666666666666657,47.33333333333333,110.33333333333331,5.874213836477988,38.26415094339623,48.704402515723274,8.701158973141888,205.91345279063336,958.2920770539139,0.3099342165293325,-1.4611969615947211,0.7074883170328624,20
16.666666666666657,56.0,41.0,5.496855345911949,51.02515723270441,16.937106918238992,11.314979628970368,13.475258098967608,179.32937779359986,0.923534454831232,-0.7639591459548263,0.7060581362306504,20
29.0,60.33333333333334,96.33333333333333,15.081761006289307,41.95597484276729,32.59119496855346,67.78157509592184,292.0630513033503,851.5414738341047,0.14689566490975625,-0.9186248255707938,1.0243079538339235,20
45.33333333333333,99.0,114.33333333333333,10.849056603773583,86.49056603773586,27.698113207547166,40.28329575570587,14.744669910209238,500.58810964756145,3.796663993122882,-0.23531493084279567,2.2348167460929114,20
33.66666666666666,113.66666666666669,100.99999999999999,10.471698113207546,87.62264150943396,28.993710691823907,25.30580277678888,66.57038882955577,512.6729164194455,2.4528946154001603,-0.22429187037159076,1.4407329905203974,20
