RangeX,RangeY,RangeZ,MeanX,MeanY,MeanZ,VarX,VarY,VarZ,SkewX,SkewY,SkewZ,Label
28.333333333333343,45.33333333333334,115.66666666666666,9.658914728682172,39.302325581395344,48.325581395348834,52.798389519860585,149.52358632293738,1213.521903731747,0.685701392872879,-1.0020584466473315,0.35803444793072325,20
18.666666666666657,46.000000000000014,44.0,6.968992248062014,49.689922480620154,16.449612403100772,18.691544979268066,3.304368727840873,181.78234481100898,0.6600305564406858,-0.5679413849580134,1.0259706144007428,20
28.0,48.33333333333333,108.99999999999999,7.837209302325581,39.87596899224806,34.775193798449614,66.4101916952106,297.4729884021393,1274.179436331951,1.1755836873345327,-1.1249644026627657,0.9819079120700736,20
19.66666666666667,103.66666666666667,79.33333333333331,9.170542635658915,92.68217054263566,31.12403100775193,31.17504957634757,122.83696893215556,632.3722132083408,0.010966754076665036,-0.33267778291068373,0.6970091231694858,20
20.0,90.33333333333333,102.66666666666666,4.48062015503876,89.33333333333334,32.7906976744186,17.097169641247522,12.51162790697672,744.2998617871523,1.7775433358493007,-1.739941188184752,0.8787989192340759,20
