RangeX,RangeY,RangeZ,MeanX,MeanY,MeanZ,VarX,VarY,VarZ,SkewX,SkewY,SkewZ,Label
39.0,23.666666666666657,32.666666666666686,23.77777777777778,37.61616161616161,31.676767676767675,145.1560044893378,55.010917253341496,99.8012447709418,-0.35574932946083593,-0.4187677318352278,-0.33666610280818915,20
39.0,32.999999999999986,107.33333333333334,10.05050505050505,40.75757575757576,42.81818181818182,105.03111927354351,227.13988368533825,1081.1992653810837,1.4646892203575075,-1.0155706689301989,0.8012751785276219,20
45.66666666666667,32.999999999999986,98.66666666666669,19.555555555555557,36.494949494949495,51.62626262626263,210.46240179573516,252.78869503111926,1519.6010611162126,0.4634098092634973,-0.5701625651525107,0.3648135515259043,20
11.0,81.99999999999999,23.0,5.202020202020202,99.21212121212122,16.777777777777775,10.147740026527902,11.608203244566878,122.1189674523008,0.5030404849244936,0.585901046271062,0.3050811328828911,20
30.666666666666657,79.66666666666667,53.0,14.01010101010101,86.06060606060606,27.61616161616162,107.4174063871034,346.0097949188859,463.14559738802143,0.49491488966372343,-1.0947285316402364,0.4299214993776611,20
