RangeX,RangeY,RangeZ,MeanX,MeanY,MeanZ,VarX,VarY,VarZ,SkewX,SkewY,SkewZ,Label
10.0,43.33333333333333,113.66666666666666,1.333333333333333,10.904761904761905,31.0,5.641723356009072,264.7936507936507,1649.4285714285713,2.1889897985198865,1.106152342164469,0.8111975184488299,20
24.33333333333333,50.33333333333334,82.33333333333331,2.272108843537415,15.6734693877551,10.10204081632653,18.76495904484242,485.31287889305383,314.05534730899154,3.09797808745178,0.7785748208335276,2.266473508410539,20
12.0,56.66666666666666,21.666666666666657,1.1428571428571441,21.224489795918366,3.5510204081632653,4.82086167800454,656.4189920866307,32.3653107501504,2.9881619765542995,0.38891182516301426,1.653721894435673,20
37.33333333333334,82.0,72.0,3.6258503401360542,28.653061224489797,7.095238095238095,49.58563561479016,1268.4125133046416,159.42403628117907,3.047115872898793,0.5162405024520518,3.0885653658556733,20
13.666666666666657,80.0,172.0,3.340136054421769,24.6734693877551,19.421768707482993,20.260724698042484,1178.8230829746863,2078.7382109306313,0.794667655846424,0.7834541258094578,2.564581373162761,20
